result_reldir	rho	eta	delta	N	nn_agent_holdout_rank	ridge_agent_holdout_rank	nn_broker_holdout_rank	ridge_broker_holdout_rank	nn_rank_gap	ridge_rank_gap	nn_agent_holdout_r2	ridge_agent_holdout_r2	nn_broker_holdout_r2	ridge_broker_holdout_r2	nn_r2_gap	ridge_r2_gap	nn_output_gap	ridge_output_gap	nn_outsourcing_rate	ridge_outsourcing_rate	nn_access_fraction	ridge_access_fraction	nn_betweenness	ridge_betweenness	nn_mean_degree	ridge_mean_degree	delta_agent_holdout_rank	delta_broker_holdout_rank	delta_rank_gap	delta_agent_holdout_r2	delta_broker_holdout_r2	delta_r2_gap	delta_output_gap	delta_outsourcing_rate	delta_access_fraction	delta_betweenness	delta_mean_degree	delta_se_agent_holdout_rank	delta_se_broker_holdout_rank	delta_se_rank_gap	delta_se_agent_holdout_r2	delta_se_broker_holdout_r2	delta_se_r2_gap	delta_se_output_gap	delta_se_outsourcing_rate	delta_se_access_fraction	delta_se_betweenness	delta_se_mean_degree	delta_ci_lower_agent_holdout_rank	delta_ci_lower_broker_holdout_rank	delta_ci_lower_rank_gap	delta_ci_lower_agent_holdout_r2	delta_ci_lower_broker_holdout_r2	delta_ci_lower_r2_gap	delta_ci_lower_output_gap	delta_ci_lower_outsourcing_rate	delta_ci_lower_access_fraction	delta_ci_lower_betweenness	delta_ci_lower_mean_degree	delta_ci_upper_agent_holdout_rank	delta_ci_upper_broker_holdout_rank	delta_ci_upper_rank_gap	delta_ci_upper_agent_holdout_r2	delta_ci_upper_broker_holdout_r2	delta_ci_upper_r2_gap	delta_ci_upper_output_gap	delta_ci_upper_outsourcing_rate	delta_ci_upper_access_fraction	delta_ci_upper_betweenness	delta_ci_upper_mean_degree	delta_n_agent_holdout_rank	delta_n_broker_holdout_rank	delta_n_rank_gap	delta_n_agent_holdout_r2	delta_n_broker_holdout_r2	delta_n_r2_gap	delta_n_output_gap	delta_n_outsourcing_rate	delta_n_access_fraction	delta_n_betweenness	delta_n_mean_degree
oat/N=1500	0.5	0.02	0.5	1500	0.6198306097560975	0.4584848780487805	0.9541040759849908	0.8313993480300187	0.33427346622889303	0.3729144699812383	-1.3522935653131765	-2.8293566147128955	0.8494917432943112	0.5585457178894756	2.2017853086074877	3.3879023326023705	1.7987814595660279	1.5988837756086618	0.9733800316986247	0.9353670569929401	0.11303911136521276	0.12728937651126215	0.8346981069678069	0.7753714021830265	18.02605	19.056314999999998	-0.16134573170731709	-0.12270472795497187	0.03864100375234522	-1.4770630493997188	-0.29094602540483555	1.1861170239948835	-0.19989768395736626	-0.03801297470568476	0.01425026514604939	-0.059326704784780505	1.030265	0.011846342222550021	0.00720750277547269	0.016311874697533726	0.13586077239688452	0.02886389642022192	0.15237217855070104	0.026559653663090165	0.006787031632736685	0.002282433907811177	0.00749149279210621	0.2753129053047444	-0.18614041093586708	-0.13779020463625086	0.004499857637912864	-1.7614229140768907	-0.3513588549163099	0.8671983890656683	-0.2554876779509678	-0.052218395171032744	0.009473076074403439	-0.07500657940208527	0.4540284667081329	-0.1365510524787671	-0.10761925127369287	0.07278214986677758	-1.1927031847225469	-0.2305331958933612	1.5050356589240987	-0.14430768996376478	-0.023807554240336773	0.01902745421769534	-0.04364683016747574	1.606501533291867	20	20	20	20	20	20	20	20	20	20	20
oat/N=500	0.5	0.02	0.5	500	0.6392851829268293	0.5046786163227017	0.9421288977485929	0.8316187382739211	0.30284371482176364	0.32694012195121946	-0.9312485194079313	-2.1611775164490994	0.6966225409246378	0.5683896666750239	1.6278710603325692	2.7295671831241237	1.6308787247374983	1.4997437521633317	0.9600227236566283	0.9261869328858884	0.10374217130261636	0.10635149102060892	0.6957590462028287	0.6604468797879661	17.397535	17.61095	-0.13460656660412756	-0.11051015947467166	0.024096407129455863	-1.229928997041168	-0.12823287424961408	1.1016961227915538	-0.13113497257416676	-0.033835790770740205	0.0026093197179925627	-0.0353121664148623	0.21341500000000027	0.01140747894313939	0.009983833668324305	0.01839620038790474	0.08896606661428834	0.07946232101207303	0.13452716234577178	0.06074491715247437	0.008237206080835578	0.004135844612424221	0.009983599125921373	0.3110314317569683	-0.15848269443227458	-0.13140656349768598	-0.01440728279214424	-1.4161371144909656	-0.29454942354699776	0.8201275360305618	-0.25827554535733555	-0.051076461239047466	-0.006047102541106345	-0.05620807953498551	-0.43758126834439104	-0.11073043877598054	-0.08961375545165734	0.06260009705105596	-1.0437208795913704	0.03808367504776963	1.3832647095525459	-0.003994399790997971	-0.01659512030243294	0.01126574197709147	-0.014416253294739095	0.8644112683443915	20	20	20	20	20	20	20	20	20	20	20
oat/delta=0.0	0.5	0.02	0.0	1000	0.7057480909943715	0.4688081519699813	0.9505215150093809	0.9836058489681051	0.24477342401500937	0.5147976969981238	-0.5958600867358816	-2.3017249978285523	0.7903722278898131	0.7569019951305652	1.3862323146256947	3.058626992959118	1.4767673812440445	1.6479238544628867	0.9484612619791862	0.9783435667274226	0.10028741358277551	0.10422307420932606	0.7684582799049274	0.7705699011834664	16.707832500000002	17.035504999999997	-0.23693993902439017	0.03308433395872418	0.2700242729831144	-1.7058649110926705	-0.03347023275924797	1.6723946783334227	0.17115647321884223	0.029882304748236315	0.003935660626550552	0.0021116212785389165	0.3276725000000004	0.014585103148146287	0.005650145706914065	0.014592900086213575	0.10070007957465943	0.038199568338073586	0.09854919382441933	0.0469081234641941	0.008533442610774706	0.0032486405348884206	0.00719683179894842	0.22027352187782456	-0.2674669107494867	0.021258443083241194	0.23948098207909227	-1.9166325999232636	-0.11342284815885005	1.466128845116366	0.07297664246112912	0.012021604096972009	-0.00286382215709679	-0.012951520792190755	-0.13336527983952146	-0.20641296729929362	0.04491022483420716	0.30056756388713646	-1.4950972222620773	0.046482382640354106	1.8786605115504793	0.26933630397655534	0.04774300539950062	0.010735143410197892	0.01717476334926859	0.7887102798395222	20	20	20	20	20	20	20	20	20	20	20
oat/delta=0.25	0.5	0.02	0.25	1000	0.6725722795497187	0.4746777016885554	0.9491158208255157	0.9341535459662289	0.2765435412757974	0.4594758442776735	-0.8420659938537053	-2.3237812930457467	0.8144041074439619	0.732252905188386	1.6564701012976673	3.056034198234132	1.6139084329208937	1.6340096129868376	0.9685431195508422	0.9654662360559148	0.11680285257176255	0.10878594173438663	0.7773685554999675	0.774798428465463	18.2879875	17.417139999999996	-0.19789457786116324	-0.014962274859287033	0.18293230300187618	-1.4817152991920413	-0.08215120225557575	1.399564096936465	0.02010118006594333	-0.003076883494927235	-0.008016910837375917	-0.0025701270345046432	-0.8708475000000009	0.01071670551145144	0.004764204674500014	0.012941696959871638	0.0803095005308102	0.02599215499345836	0.08657413246791697	0.05446285306108187	0.005173442178406852	0.0030230134502393555	0.00715659690158399	0.2834291561784699	-0.22032490028064122	-0.024933869843140076	0.15584501996000194	-1.649805015600544	-0.13655340788279316	1.2183623551915834	-0.09389088146260625	-0.013905022418423302	-0.014344150705526745	-0.01754905649722391	-1.464071541602188	-0.17546425544168526	-0.004990679875433992	0.21001958604375043	-1.3136255827835386	-0.027748996628358336	1.5807658386813468	0.13409324159449293	0.007751255428568832	-0.001689670969225089	0.012408802428214627	-0.27762345839781377	20	20	20	20	20	20	20	20	20	20	20
oat/delta=0.75	0.5	0.02	0.75	1000	0.5905394183864916	0.46491702157598497	0.9273466181988745	0.7493081285178236	0.3368071998123828	0.28439110694183867	-1.420647860901974	-3.0371975665845072	0.652811609847401	0.3402994712191739	2.073459470749375	3.377497037803681	1.7785301789730195	1.4322586910104749	0.9704705758505858	0.9226930181893813	0.10739731337882194	0.12143669816760272	0.801171084459192	0.7464023184073033	17.546705	18.9556475	-0.12562239681050658	-0.17803848968105074	-0.05241609287054414	-1.616549705682533	-0.3125121386282271	1.3040375670543056	-0.3462714879625447	-0.04777755766120443	0.01403938478878079	-0.054768766051888705	1.4089424999999998	0.008665925008924902	0.010746143507979658	0.016512625646223706	0.12384582436105464	0.08613911272286298	0.16270351833253907	0.035704179611706945	0.006426331932701819	0.004460709524903542	0.007966761989023782	0.3790162673441775	-0.14376038630788493	-0.20053042653537587	-0.08697741554952992	-1.8757619951082471	-0.49280337358256815	0.963495189447438	-0.4210011947327621	-0.06122802497796158	0.004703012453429413	-0.07144339053066127	0.6156523354365856	-0.10748440731312821	-0.1555465528267256	-0.017854770191558365	-1.357337416256819	-0.132220903673886	1.6445799446611733	-0.2715417811923273	-0.03432709034444728	0.023375757124132167	-0.038094141573116136	2.202232664563414	20	20	20	20	20	20	20	20	20	20	20
oat/delta=1.0	0.5	0.02	1.0	1000	0.5483324155722327	0.4449849718574108	0.9286042213883677	0.6731149624765478	0.38027180581613507	0.2281299906191369	-1.5879779537807175	-3.258728266784815	0.6289202509164642	0.12322730422973771	2.216898204697182	3.381955571014552	1.737626309860466	1.3223436396449877	0.974229513808387	0.8984064810836021	0.10557089965781415	0.125781606632133	0.8016690303640128	0.7337456092265879	17.3852475	19.190447499999998	-0.10334744371482178	-0.25548925891181995	-0.1521418151969981	-1.6707503130040968	-0.5056929466867264	1.1650573663173707	-0.41528267021547827	-0.075823032724785	0.020210706974318836	-0.06792342113742499	1.8052000000000004	0.007434422033067714	0.012156321694090696	0.014698668671317975	0.1526176700756173	0.1128399600424477	0.17362232694364763	0.062182966589220075	0.0071769869730383355	0.0033891126270685933	0.007830329509510531	0.2464483946728848	-0.11890786786065563	-0.28093273263067736	-0.18290648229384446	-1.9901827676001151	-0.741869697354042	0.8016616596419722	-0.5454331150611842	-0.09084463909752931	0.01311721272276533	-0.08431248915477375	1.2893775817793398	-0.08778701956898793	-0.23004578519296254	-0.12137714810015175	-1.3513178584080785	-0.2695161960194108	1.528453072992769	-0.2851322253697724	-0.06080142635204068	0.027304201225872342	-0.05153435312007622	2.321022418220661	20	20	20	20	20	20	20	20	20	20	20
oat/eta=0.0	0.5	0.0	0.5	1000	0.6726302298311445	0.618488067542214	0.9264578001876173	0.8572660412757974	0.2538275703564728	0.23877797373358348	-2.2312471252271737	-1.3547850535563926	0.44596571472572377	0.6192020001073044	2.6772128399528974	1.9739870536636972	-1.1064663303800868	-1.4069631332401857	0.5332622028790291	0.5583340907651883	0.0074714124429561156	0.006446403717603487	0.12525837822296812	0.1641555101510074	77.35396	76.470765	-0.05414216228893058	-0.06919175891181986	-0.015049596622889303	0.876462071670781	0.17323628538158076	-0.7032257862892002	-0.3004968028600989	0.025071887886158984	-0.001025008725352629	0.038897131928039286	-0.8831950000000017	0.007886737325038723	0.009763095337976152	0.010391843530665483	0.14250645302858186	0.12937787267954656	0.1813413501384449	0.028662066742185122	0.003994573077074265	0.001108668722854047	0.005833240993079363	1.598407675308627	-0.07064929322103647	-0.08962615229968557	-0.03679997510221954	0.5781926375735513	-0.09755471424488588	-1.082777594187845	-0.36048719800054874	0.01671115034875073	-0.003345479030656289	0.026688018214363562	-4.228700713171825	-0.03763503135682469	-0.048757365523954155	0.00670078185644093	1.1747315057680108	0.4440272850080474	-0.32367397839055534	-0.240506407719649	0.03343262542356724	0.0012954615799510307	0.05110624564171501	2.4623107131718216	20	20	20	20	20	20	20	20	20	20	20
oat/eta=0.001	0.5	0.001	0.5	1000	0.642228067542214	0.6085671998123827	0.9278923968105065	0.8562171951219513	0.2856643292682927	0.2476499953095685	-2.2769208765230955	-1.4899109701633175	0.3992258531967351	0.6040907329812385	2.67614672971983	2.094001703144556	-0.8140255452147501	-1.1043640820704215	0.6388696967140397	0.6361480636782663	0.019245527712836705	0.018067347696536687	0.2723921023024277	0.2890378584020128	52.893347500000004	53.40555500000001	-0.03366086772983116	-0.07167520168855541	-0.0380143339587242	0.787009906359778	0.20486487978450355	-0.5821450265752744	-0.2903385368556712	-0.002721633035773485	-0.0011781800163000184	0.016645756099585057	0.5122074999999985	0.008816731308354118	0.009129066536655414	0.013957628685360345	0.15474375624272205	0.11523006709854788	0.19031461112241344	0.054237591301572526	0.004806954602993165	0.0019996209341370513	0.00860569339641556	1.2588532219072441	-0.05211449843947118	-0.09078255754406916	-0.06722798653968283	0.4631275022742647	-0.0363144224438407	-0.9804780855598489	-0.4038591201030294	-0.012782704648286927	-0.005363434731147281	-0.0013661671839754544	-2.1226025744212653	-0.015207237020191142	-0.05256784583304167	-0.00880068137776557	1.1108923104452912	0.4460441820128478	-0.1838119675906999	-0.17681795360831298	0.0073394385767399555	0.0030070746985472437	0.03465767938314557	3.147017574421262	20	20	20	20	20	20	20	20	20	20	20
oat/eta=0.01	0.5	0.01	0.5	1000	0.6338333020637898	0.5182986116322702	0.9426384709193245	0.8456119043151971	0.30880516885553466	0.32731329268292686	-1.372067026035992	-2.2541496914780397	0.7222663531053295	0.5656165207682454	2.0943333791413217	2.819766212246285	1.2967126535624023	1.0752084718171573	0.9330815579867332	0.9110628934806673	0.06524476519378417	0.06744605872087558	0.7497199569699202	0.7019132321192229	20.265142500000003	21.449577499999997	-0.11553469043151969	-0.09702656660412762	0.01850812382739212	-0.8820826654420472	-0.15664983233708393	0.7254328331049631	-0.22150418174524464	-0.022018664506066175	0.002201293527091437	-0.04780672485069717	1.1844349999999992	0.009595273816316878	0.009463291991849358	0.01580398480079976	0.09350617457952705	0.0633328245970921	0.1057424416857392	0.06364529247921288	0.009629350663801668	0.003234345115974237	0.01120940621164571	0.5050508503853844	-0.13561782933770514	-0.11683346437695785	-0.014569996516185096	-1.0777933380727	-0.28920695765241994	0.504111359084843	-0.3547153098540895	-0.04217312707373569	-0.004568268600900675	-0.07126828168730556	0.12735142144401723	-0.09545155152533424	-0.07721966883129738	0.05158624417096934	-0.6863719928113943	-0.024092707021747928	0.9467543071250832	-0.0882930536363998	-0.0018642019383966618	0.00897085565508355	-0.024345168014088772	2.241518578555981	20	20	20	20	20	20	20	20	20	20	20
oat/eta=0.03	0.5	0.03	0.5	1000	0.6318669934333959	0.4399226313320826	0.9469427954971856	0.8454793996247656	0.31507580206378977	0.40555676829268295	-1.0983973250405403	-2.8845959328667177	0.8414412163229592	0.5751571482104381	1.9398385413634998	3.4597530810771557	1.856290080802535	1.6428588587187487	0.9808273297637797	0.9607266020787855	0.1496445526311101	0.153710752280277	0.8233805657435058	0.7846645473026508	16.327925	16.755025	-0.19194436210131333	-0.10146339587242029	0.0904809662288931	-1.7861986078261771	-0.2662840681125211	1.519914539713656	-0.21343122208378623	-0.020100727684994418	0.004066199649166887	-0.038716018440854996	0.42709999999999904	0.010189871621203979	0.009695970136405541	0.016367571180763946	0.11263356912782692	0.025783604333770724	0.11855955844616789	0.03444707259861147	0.003878598893062532	0.005401237683847751	0.007583143966066591	0.2739855993382442	-0.21327200851582584	-0.12175729459874171	0.05622324603531394	-2.02194337734458	-0.32024977219244954	1.2717665320057987	-0.2855297736366294	-0.02821872846557574	-0.007238720746703079	-0.0545877211698736	-0.14635844997642344	-0.1706167156868008	-0.08116949714609886	0.12473868642247225	-1.5504538383077742	-0.21231836403259263	1.7680625474215133	-0.14133267053094306	-0.011982726904413096	0.015371120045036855	-0.022844315711836392	1.0005584499764215	20	20	20	20	20	20	20	20	20	20	20
oat/k=12	0.5	0.02	0.5	1000	0.6473464821763601	0.4962470356472797	0.9426191979362102	0.8440679455909944	0.2952727157598499	0.3478209099437148	-1.0240073038203488	-2.5173216773029643	0.7455978226533262	0.5720667058647189	1.7696051264736752	3.089388383167684	1.6721240943852564	1.473966836795166	0.956215969687449	0.9262611518019016	0.11204276226297498	0.11450948787058428	0.7526424085052239	0.7069597223930665	20.819717500000003	21.266460000000002	-0.15109944652908067	-0.09855125234521576	0.052548194183864916	-1.493314373482616	-0.17353111678860741	1.3197832566940084	-0.1981572575900906	-0.029954817885547554	0.002466725607609319	-0.04568268611215734	0.4467424999999999	0.007794016319357007	0.008766584022606395	0.015318714871224059	0.10427842209978935	0.060339434467221856	0.13163472823515565	0.03657062056124716	0.00809301058067525	0.003452083349672264	0.008421682976521785	0.33937607807864034	-0.1674125101659458	-0.1168999235795225	0.020485755475770667	-1.7115716192932182	-0.29982300455789657	1.044268604102327	-0.27470044610942	-0.04689368370348181	-0.004758567881077142	-0.06330947116061841	-0.26357979490934696	-0.13478638289221553	-0.08020258111090903	0.08461063289195916	-1.2750571276720137	-0.047239229019318235	1.5952979092856898	-0.12161406907076117	-0.013015952067613294	0.00969201909629578	-0.02805590106369627	1.1570647949093467	20	20	20	20	20	20	20	20	20	20	20
oat/k=4	0.5	0.02	0.5	1000	0.6320430112570357	0.4737085318949344	0.9445810787992495	0.8423364681050657	0.3125380675422139	0.36862793621013135	-1.1514709202653424	-2.623606649369794	0.7824433510254425	0.5704329305570035	1.9339142712907846	3.1940395799267978	1.7959015296676053	1.5361256276558106	0.9666683313155842	0.9516127037894841	0.11445194133356788	0.11695752114784683	0.8001088901001289	0.7772439697043764	17.164717500000002	17.225185	-0.1583344793621013	-0.10224461069418385	0.05608986866791739	-1.4721357291044521	-0.21201042046843913	1.2601253086360127	-0.25977590201179457	-0.015055627526100212	0.0025055798142789264	-0.02286492039575262	0.06046749999999994	0.009105993175506599	0.009458109945093744	0.01379854485802874	0.0831189599439682	0.039441623470848064	0.09107776684680492	0.032639893079093645	0.006456399401735192	0.0034982600096022257	0.011303427967799129	0.47559172109559583	-0.17739354211771452	-0.12204066231850351	0.027209182364231144	-1.6461057116445783	-0.2945626871378395	1.0694973518038584	-0.32809198335965284	-0.02856902677879939	-0.004816362534393177	-0.046523267029627835	-0.9349574123305301	-0.13927541660648807	-0.08244855906986419	0.08497055497160363	-1.298165746564326	-0.12945815379903877	1.450753265468167	-0.19145982066393627	-0.0015422282734010358	0.00982752216295103	0.0007934262381225944	1.05589241233053	20	20	20	20	20	20	20	20	20	20	20
oat/n_strangers=0	0.5	0.02	0.5	1000	0.6204592964352721	0.4269048874296435	0.943215966228893	0.8450937570356473	0.32275666979362105	0.41818886960600377	-1.2715474399582691	-2.8982774110770135	0.7847785853933326	0.5704438685283149	2.0563260253516016	3.468721279605328	1.8161111624621742	1.6559783939682358	0.9764500755891607	0.9525203014933584	0.10600321776458457	0.11550387378754282	0.8102342966004497	0.7754627591383416	17.250205	17.952635	-0.19355440900562848	-0.09812220919324578	0.09543219981238275	-1.6267299711187444	-0.21433471686501773	1.4123952542537268	-0.1601327684939387	-0.023929774095802197	0.00950065602295824	-0.03477153746210795	0.7024300000000012	0.0058105232258701955	0.00799300863599662	0.011195386977933784	0.09765206722600539	0.043925062010526525	0.09712066459991689	0.02134524367418215	0.00271601410125079	0.0027524330515678176	0.005203248914564924	0.3023827183345112	-0.20571597388607296	-0.11485176853548006	0.07199998556915779	-1.831118096785471	-0.30627092824442637	1.2091193670659792	-0.20480887695120875	-0.029614456941832266	0.00373974743787833	-0.045662062601366266	0.0695356968884967	-0.181392844125184	-0.08139264985101151	0.11886441405560771	-1.4223418454520178	-0.12239850548560909	1.6156711414414744	-0.11545666003666866	-0.018245091249772128	0.01526156460803815	-0.023881012322849633	1.3353243031115056	20	20	20	20	20	20	20	20	20	20	20
oat/n_strangers=50	0.5	0.02	0.5	1000	0.6359920684803002	0.4774847701688555	0.9464351688555348	0.8448036960600375	0.31044310037523454	0.367318925891182	-1.1837186971626774	-2.642161772636702	0.6792545732544844	0.5737233056710285	1.8629732704171622	3.2158850783077306	1.8192546186211995	1.5240168549076238	0.9782890003822275	0.946677697354081	0.1054686222418961	0.11350078322003965	0.8040758569030275	0.7579725727068132	17.551702499999998	18.575789999999998	-0.15850729831144467	-0.10163147279549718	0.05687582551594743	-1.4584430754740247	-0.10553126758345584	1.3529118078905684	-0.2952377637135761	-0.03161130302814654	0.008032160978143528	-0.046103284196214504	1.0240874999999998	0.009665520418559856	0.008207074466275974	0.014791842078538182	0.11501570071305614	0.08906688649878529	0.14401588995434203	0.039285227099713785	0.005808444453822206	0.0027455968533449415	0.007146863844315866	0.26192202018205724	-0.17873746504586513	-0.11880907706973304	0.025916144236558004	-1.6991737037010781	-0.2919504034766682	1.0514830859991104	-0.3774626890161702	-0.043768516988690956	0.002285560720384801	-0.06106184213594866	0.4758784113797353	-0.1382771315770242	-0.08445386852126133	0.08783550679533686	-1.2177124472469714	0.08088786830975649	1.6543405297820264	-0.21301283841098193	-0.019454089067602126	0.013778761235902255	-0.031144726256480352	1.5722965886202642	20	20	20	20	20	20	20	20	20	20	20
oat/reservation_frac=0.4	0.5	0.02	0.5	1000	0.6392470168855535	0.48501982176360225	0.9511420121951218	0.8462609333958724	0.3118949953095685	0.36124111163227013	-1.072932176899056	-2.553146367537262	0.8319924657940729	0.5674582775446086	1.9049246426931288	3.1206046450818707	1.7523189315828804	1.5514512324013923	0.965580037225747	0.9373969609369377	0.10994574028984774	0.11982277546217839	0.8012734348647921	0.7573772311853004	17.601099999999995	18.315132499999997	-0.15422719512195118	-0.1048810787992495	0.04934611632270171	-1.4802141906382063	-0.2645341882494642	1.215680002388742	-0.20086769918148853	-0.028183076288809582	0.009877035172330637	-0.04389620367949169	0.714032499999999	0.009084662034124932	0.006743406166571829	0.012368244604644389	0.10187402501548438	0.04061950804466695	0.10910889210358479	0.031028199334446744	0.005147559600752808	0.004085967332812993	0.009588448022062258	0.3493384872131258	-0.1732416112855446	-0.11899519011452966	0.02345908285437521	-1.693438975515009	-0.34955179566518396	0.9873124666660982	-0.2658104667534615	-0.038957042354685646	0.0013250072592264801	-0.06396505603411178	-0.017141356867683033	-0.13521277895835776	-0.09076696748396934	0.07523314979102821	-1.2669894057614035	-0.1795165808337444	1.4440475381113858	-0.13592493160951558	-0.017409110222933517	0.018429063085434794	-0.023827351324871602	1.445206356867681	20	20	20	20	20	20	20	20	20	20	20
oat/reservation_frac=0.9	0.5	0.02	0.5	1000	0.6449007270168856	0.49191566604127573	0.9384594465290806	0.8405106378986866	0.2935587195121952	0.34859497185741084	-1.0792800228051131	-2.4392353543183605	0.7385946237604336	0.5533313529679798	1.8178746465655464	2.99256670728634	1.7341044449378569	1.5385013399111738	0.956027746069403	0.9316995452052936	0.10986189870040934	0.1172403368328843	0.7938794187843742	0.7623258970304161	17.69315	18.0376975	-0.15298506097560974	-0.0979488086303941	0.0550362523452157	-1.3599553315132473	-0.1852632707924538	1.1746920607207931	-0.19560310502668316	-0.02432820086410963	0.00737843813247496	-0.03155352175395818	0.34454749999999984	0.009474445438913053	0.00778965602031759	0.01392146157430464	0.08702923275297238	0.056487806886641484	0.0994259310437976	0.0351231634307422	0.006492368086588447	0.0034484087649278633	0.00884473088930348	0.27861166065622306	-0.17281530318143384	-0.11425274605648532	0.025898298397675112	-1.542109609101918	-0.3034936093869658	0.9665911954141828	-0.26911673095414085	-0.0379168834394121	0.0001608356380484923	-0.05006575626003856	-0.23859340759212028	-0.13315481876978563	-0.08164487120430287	0.08417420629275628	-1.1778010539245767	-0.0670329321979418	1.3827929260274034	-0.12208947909922545	-0.010739518288807159	0.014596040626901428	-0.013041287247877797	0.9276884075921199	20	20	20	20	20	20	20	20	20	20	20
oat/reservation_frac=1.2	0.5	0.02	0.5	1000	0.6259282833020638	0.48910902439024395	0.8927695121951219	0.8494972467166979	0.2668412288930581	0.360388222326454	-1.0930248113027679	-2.384150550988297	0.42569768451085555	0.49130069267322496	1.5187224958136236	2.875451243661522	1.4492252498012754	1.2352857767869134	0.9443227548579388	0.9083835251654595	0.11345568167734128	0.1197773615903637	0.8186977611980464	0.780303441487747	15.827729999999999	16.1620125	-0.1368192589118199	-0.04327226547842403	0.09354699343339588	-1.2911257396855291	0.06560300816236932	1.3567287478478982	-0.21393947301436184	-0.035939229692479244	0.006321679913022392	-0.038394319710299316	0.33428250000000037	0.007257692155547549	0.01088137564600613	0.01221361567714021	0.05029067261945419	0.10089661541810575	0.1030619617604963	0.02969666952074597	0.004676540269820083	0.003789991892302131	0.006770228867687934	0.318081267302684	-0.15200978317287142	-0.06604724645056761	0.067983602029843	-1.39638532719042	-0.14557603491611038	1.1410175827886702	-0.27609531665709725	-0.045727340968621806	-0.001610864283578435	-0.05256457158421969	-0.33146924372119657	-0.12162873465076839	-0.02049728450628044	0.11911038483694877	-1.1858661521806382	0.276782051240849	1.5724399129071263	-0.15178362937162643	-0.02615111841633668	0.01425422410962322	-0.024224067836378937	1.0000342437211973	20	20	20	20	20	20	20	20	20	20	20
oat/rho=0.0	0.0	0.02	0.5	1000	0.6423499765478424	0.47208761460761456	0.8191198968105067	0.8173577220137587	0.1767699202626641	0.345270107406144	-1.4259141554411972	-3.576884880816288	0.11736171335092842	0.32547463388431297	1.5432758687921253	3.9023595147006005	1.8826910895365594	1.483553704850015	0.9905790701229465	0.9663838850311596	0.0958093022192192	0.11546781748740576	0.85930629696734	0.8138253827938715	15.771099999999999	18.03382	-0.17026236194022779	-0.001762174796747984	0.16850018714347983	-2.1509707253750903	0.20811292053338454	2.359083645908475	-0.3991373846865445	-0.02419518509178681	0.019658515268186565	-0.04548091417346861	2.26272	0.0072945048132675725	0.02074725099336729	0.022354812844827356	0.09670931744451015	0.5741721117292362	0.6008529118592214	0.04554427441209461	0.0034259909888724603	0.0027697726528539894	0.004029429494411464	0.2430135894077575	-0.18552993597939402	-0.04518667018871242	0.12171102612746032	-2.353385653071859	-0.9936431206863225	1.101484048225849	-0.4944626465716314	-0.03136586664168298	0.013861314480520848	-0.05391460703081412	1.7540867118214591	-0.15499478790106155	0.04166232059521645	0.21528934815949935	-1.9485557976783214	1.4098689617530915	3.616683243591101	-0.30381212280145764	-0.017024503541890636	0.02545571605585228	-0.037047221316123105	2.7713532881785405	20	20	20	20	20	20	20	20	20	20	20
oat/rho=0.15	0.15	0.02	0.5	1000	0.6331970731707317	0.4807888602251407	0.8658818761726079	0.8137813602251406	0.23268480300187613	0.3329925	-1.336259763561645	-3.1842118529230983	0.3813974525576211	0.4018375632506583	1.7176572161192663	3.5860494161737555	1.8326404739373825	1.549180201849268	0.9820014678096991	0.9545500968317571	0.10263037727277831	0.10955391832225929	0.8439657666950289	0.8026437570675483	16.672015	18.086327500000003	-0.15240821294559098	-0.052100515947467216	0.10030769699812384	-1.8479520893614527	0.02044011069303719	1.86839220005449	-0.28346027208811425	-0.027451370977941682	0.0069235410494809775	-0.04132200962748069	1.4143124999999999	0.00835384544287333	0.014507738086732329	0.016935244079098664	0.08655594271418889	0.2393403722851449	0.25778632382244565	0.03016576687278789	0.0039058953401697872	0.0036641774925641065	0.006099097907850049	0.31639952605915905	-0.1698930124043341	-0.08246556073805357	0.06486182377329443	-2.0291157595142377	-0.480505045690811	1.3288392233966213	-0.3465979477725326	-0.03562650387891837	-0.0007456705820772227	-0.05408756825880224	0.7520806811547912	-0.13492341348684786	-0.021735471156880865	0.13575357022295326	-1.6667884192086677	0.5213852670768854	2.4079451767123583	-0.22032259640369586	-0.01927623807696499	0.014592752681039177	-0.028556450996159145	2.0765443188452086	20	20	20	20	20	20	20	20	20	20	20
oat/rho=0.3	0.3	0.02	0.5	1000	0.6324878893058161	0.47819136491557224	0.907553700750469	0.8222891932457788	0.27506581144465286	0.3440978283302064	-1.2845483526463064	-2.958488694455228	0.6948840799301419	0.4707160779658096	1.979432432576448	3.4292047724210377	1.8223687705634504	1.5272625682102798	0.9705645330207571	0.9506348574781974	0.10643503298559438	0.11770676424637339	0.8275192269786974	0.7915674721679139	17.123067499999998	18.160729999999997	-0.1542965243902439	-0.08526450750469038	0.06903201688555352	-1.6739403418089218	-0.22416800196433231	1.4497723398445894	-0.29510620235317037	-0.019929675542559262	0.011271731260778989	-0.03595175481078328	1.0376624999999993	0.007203526325091938	0.009083815005085016	0.013324909729093592	0.09177396464244039	0.06032191375750255	0.10644609225927647	0.036441098640280986	0.006008339455999704	0.004205563208776279	0.010909321937199507	0.37401163289104933	-0.16937367826522484	-0.10427715081612846	0.04114266029974132	-1.8660254573739672	-0.3504232184667287	1.2269781082481577	-0.3713782983763444	-0.03250527455101718	0.0024693863024756405	-0.058785228042626106	0.2548471557305029	-0.13921937051526298	-0.0662518641932523	0.09692137347136573	-1.4818552262438764	-0.09791278546193594	1.6725665714410212	-0.21883410632999634	-0.007354076534101344	0.02007407621908234	-0.013118281578940457	1.8204778442694955	20	20	20	20	20	20	20	20	20	20	20
oat/rho=0.5	0.5	0.02	0.5	1000	0.6302487054409006	0.4706868761726079	0.9482149099437148	0.8445294821763603	0.31796620450281426	0.37384260600375235	-1.1384583829004724	-2.627234483629152	0.7725324544677658	0.5555597346945111	1.910990837368238	3.182794218323663	1.7132109572878622	1.5636409721414088	0.967972945020486	0.9422611697936404	0.11165150479792864	0.11638228376198381	0.7902209848608729	0.7489032425676885	17.726558999999998	18.293449	-0.15956182926829268	-0.10368542776735463	0.05587640150093809	-1.4887761007286793	-0.2169727197732546	1.2718033809554248	-0.14956998514645348	-0.02571177522684544	0.004730778964055165	-0.04131774229318423	0.5668899999999998	0.005866975265853286	0.004944702924271556	0.009192183725845	0.05425735145613522	0.040546429254468205	0.07122769587078553	0.019105383724877602	0.003762434032676867	0.002734302900971925	0.0056524164444063055	0.20544224496019725	-0.17135195747940118	-0.11362218031893129	0.037404016710337586	-1.5978103306471467	-0.2984538199570465	1.1286659671357215	-0.18796369117581951	-0.033272669490245176	-0.0007640084365486592	-0.052676698409805246	0.15403835186774806	-0.14777170105718418	-0.09374867521577798	0.0743487862915386	-1.3797418708102118	-0.1354916195894627	1.414940794775128	-0.11117627911708745	-0.018150880963445703	0.010225566364658989	-0.029958786176563217	0.9797416481322515	50	50	50	50	50	50	50	50	50	50	50
oat/rho=0.7	0.7	0.02	0.5	1000	0.6439014962476547	0.4569507645403378	0.949950858348968	0.8893767401500938	0.30604936210131334	0.4324259756097561	-0.9509131812262925	-2.4155451374069736	0.7254686276405895	0.6363521784665397	1.676381808866882	3.0518973158735134	1.5955026064770341	1.4816949748638446	0.9545840116113705	0.9444209463599715	0.1230951576608548	0.12319304002430675	0.7101365950909326	0.6875503938422838	18.846362499999998	18.607015	-0.18695073170731705	-0.06057411819887433	0.12637661350844276	-1.464631956180681	-0.08911644917404979	1.3755155070066314	-0.11380763161318959	-0.010163065251398855	9.788236345197946e-5	-0.022586201248648824	-0.23934749999999932	0.009933349282720126	0.007711747436613517	0.015299789221384473	0.09065365658530901	0.04781432815252343	0.11136862292834326	0.0449934212870797	0.006941816600119388	0.004054580071780408	0.008690405476259837	0.3101047927605958	-0.2077414706968898	-0.07671499108522804	0.09435378664070806	-1.654372240033803	-0.18919298814265376	1.1424183003112802	-0.2079799446571743	-0.024692454376739646	-0.008388451257308987	-0.040775428953022365	-0.8884042906352303	-0.1661599927177443	-0.04443324531252062	0.15839944037617745	-1.2748916723275592	0.010960089794554179	1.6086127137019826	-0.01963531856920489	0.0043663238739419345	0.008584215984212945	-0.004396973544275283	0.4097092906352316	20	20	20	20	20	20	20	20	20	20	20
oat/rho=0.85	0.85	0.02	0.5	1000	0.661144540337711	0.4335679455909943	0.9516395168855534	0.9338059662288932	0.2904949765478424	0.5002380206378987	-0.7639662217024663	-2.4131404079619387	0.7015488582848637	0.6223660443320596	1.46551507998733	3.0355064522939985	1.2431049190275103	1.3106623963930772	0.922384843567236	0.9370903787846279	0.13650110627499168	0.13275626532639523	0.5148859331134871	0.5031126048876668	21.330485	20.066407499999997	-0.22757659474671668	-0.017833550656660358	0.20974304409005634	-1.6491741862594722	-0.07918281395280431	1.5699913723066676	0.06755747736556694	0.014705535217392008	-0.003744840948596448	-0.011773328225820268	-1.2640774999999995	0.01467816918575322	0.005532258534644046	0.01774387372844974	0.14420302850643557	0.07030250056993395	0.1381674836605035	0.056405807567803765	0.011951668609998495	0.005868600005150647	0.013994979967136742	0.4244523131803438	-0.258298355927173	-0.029412700844876013	0.17260468955802738	-1.950994593641969	-0.22632763873072997	1.2808035054681668	-0.0505012346821726	-0.010309594673651569	-0.016027961925077484	-0.041065157937999884	-2.152466401435708	-0.19685483356626035	-0.006254400468444703	0.2468813986220853	-1.3473537788769754	0.06796201082512134	1.8591792391451685	0.1856161894133065	0.03972066510843558	0.008538280027884586	0.017518501486359347	-0.3756885985642907	20	20	20	20	20	20	20	20	20	20	20
oat/rho=1.0	1.0	0.02	0.5	1000	0.672540975609756	0.33794797373358354	0.9599880534709191	0.985876336772983	0.28744707786116325	0.6479283630393997	-0.785042150755355	-3.317745373945416	0.05028769413400265	0.4060564376315011	0.8353298448893576	3.7238018115769167	1.1236236058770726	1.253076724410341	0.9720835178567571	0.9845641471302786	0.1106265855740562	0.13843104806261253	0.1514621743903137	0.14184021449150877	19.356885000000002	21.8318875	-0.33459300187617264	0.02588828330206387	0.36048128517823647	-2.532703223190061	0.35576874349749843	2.8884719666875593	0.12945311853326827	0.012480629273521521	0.02780446248855631	-0.009621959898804995	2.4750025	0.015962494647567636	0.0031958720382330324	0.016159110053170934	0.16191382336476165	0.48047038980547746	0.45506279607541544	0.03830339098901606	0.004349763193201232	0.008335237822600011	0.005247346710559716	0.7685410587213025	-0.3680028871418956	0.01919924625123122	0.32665987913911854	-2.871592750233725	-0.649867339796303	1.9360145882354116	0.04928319982785115	0.0033764702791714424	0.010358609226640541	-0.020604782785826798	0.8664275772958847	-0.30118311661044966	0.03257732035289652	0.3943026912173544	-2.1938136961463965	1.3614048267912997	3.840929345139707	0.2096230372386854	0.0215847882678716	0.04525031575047207	0.0013608629882168079	4.083577422704115	20	20	20	20	20	20	20	20	20	20	20
oat/roster_frac=0.1	0.5	0.02	0.5	1000	0.6362744934333959	0.47825951219512186	0.9469606801125703	0.8446480722326454	0.31068618667917447	0.36638856003752346	-1.1618122288320802	-2.579077839768793	0.7001241098235143	0.5484520120957084	1.8619363386555943	3.1275298518645016	1.7114499100316838	1.542518628794427	0.9688216218820127	0.9423703881487502	0.10951378037416241	0.12063636083077142	0.7960375365285459	0.7549604020851604	17.52388	18.4069625	-0.1580149812382739	-0.10231260787992494	0.055702373358348954	-1.4172656109367134	-0.15167209772780582	1.2655935132089078	-0.16893128123725681	-0.026451233733262587	0.011122580456608976	-0.04107713444338555	0.8830824999999999	0.009589664187200312	0.007496249560883751	0.014595436874300564	0.0859270699189632	0.10533090019228061	0.14792759762157734	0.036990409981115815	0.005665660138168809	0.004360354804012594	0.008663123227471219	0.38292967136818307	-0.17808637905578206	-0.11800243852870236	0.02515377289583984	-1.597113035201928	-0.37213220550272996	0.9559774930761129	-0.24635309911015746	-0.03830959668655221	0.001996252966055786	-0.059209259744786163	0.08160148667972378	-0.13794358342076574	-0.08662277723114752	0.08625097382085807	-1.2374181866714988	0.06878801004711835	1.5752095333417027	-0.09150946336435618	-0.014592870779972962	0.020248907947162165	-0.02294500914198494	1.6845635133202759	20	20	20	20	20	20	20	20	20	20	20
oat/roster_frac=0.4	0.5	0.02	0.5	1000	0.6283556378986866	0.46528143527204513	0.941819718574109	0.8457264212007505	0.3134640806754222	0.38044498592870546	-1.2275549952973226	-2.6735312683442043	0.5563582076977893	0.5703484461029393	1.7839132029951124	3.2438797144471443	1.7813852794608853	1.5498494498096549	0.9729123469875567	0.9470520520960635	0.10992634063670739	0.11524768871111524	0.810104659490986	0.7705051245801089	17.662965	18.064375000000002	-0.16307420262664163	-0.0960932973733583	0.0669809052532833	-1.445976273046882	0.013990238405149855	1.459966511452032	-0.23153582965123026	-0.025860294891493003	0.005321348074407838	-0.039599534910876935	0.4014100000000008	0.009727219058406934	0.009179855852075418	0.015217353402198519	0.10094662481793261	0.24776596719510904	0.27723971102762085	0.0491386854625805	0.004734834891058091	0.0031922723948468175	0.007389230552100722	0.3728213239256633	-0.1834335060983863	-0.11530695648775303	0.03513061853804968	-1.6572599870021456	-0.5045898907979535	0.8796971274340127	-0.33438428032641515	-0.03577041821212934	-0.0013601548362301725	-0.05506537219999254	-0.3789139989727647	-0.14271489915489696	-0.07687963825896356	0.09883119196851693	-1.2346925590916182	0.5325703676082533	2.040235895470051	-0.12868737897604537	-0.01595017157085667	0.012002850985045848	-0.02413369762176133	1.1817339989727662	20	20	20	20	20	20	20	20	20	20	20
phase/eta_r/cells/0_0	0.5	0.0	0.5	1000	0.6651771435272045	0.6155048686679174	0.9324361210131332	0.858208663227017	0.26725897748592875	0.24270379455909946	-2.1746597026737793	-1.3577617558933774	-0.40761696646915435	0.6265887944448265	1.767042736204625	1.984350550338204	-1.225249113180194	-1.4260339629448837	0.5478703955597657	0.5606408613024362	0.007431614294820343	0.007124256767314288	0.1326082856980459	0.16295775113289443	76.43645000000001	76.8671325	-0.04967227485928703	-0.07422745778611632	-0.02455518292682926	0.8168979467804018	1.034205760913981	0.21730781413357886	-0.20078484976468985	0.012770465742670517	-0.00030735752750605714	0.03034946543484853	0.4306824999999943	0.007653083066407647	0.012692392119896598	0.012736881256021924	0.13910132418461726	0.6758014109670847	0.632332804950929	0.016479365415389646	0.002439909624109709	0.001149643108416501	0.005135223966037709	1.7409841397796089	-0.06569036180766315	-0.10079293980104238	-0.051213781773825476	0.5257555292619496	-0.3802628482432029	-1.1061799570201933	-0.23527655798048477	0.00766367620882656	-0.002713588207406534	0.019601318149157564	-3.213239182902086	-0.03365418791091092	-0.04766197577119026	0.0021034159201669504	1.108040364298854	2.448674370071165	1.5407955852873512	-0.16629314154889493	0.017877255276514473	0.0020988731523944194	0.041097612720539495	4.074604182902075	20	20	20	20	20	20	20	20	20	20	20
phase/eta_r/cells/0_2	0.5	0.0	0.5	1000	0.6839726125703566	0.6568350422138837	0.8956136257035648	0.8501721669793622	0.2116410131332082	0.19333712476547843	-2.4266579639166457	-1.0120291215847625	-1.8358782425229143	0.5623131202790623	0.5907797213937316	1.5743422418638247	-0.60844314521815	-0.9925482241966984	0.4372185360420892	0.5076523485558354	0.006520121362353003	0.007810366853840313	0.11965277982615549	0.14589984022000652	67.5879125	77.21516249999999	-0.027137570356472816	-0.045441458724202646	-0.01830388836772981	1.4146288423318831	2.3981913628019766	0.9835625204700932	-0.38410507897854834	0.07043381251374618	0.0012902454914873115	0.02624706039385103	9.62725	0.006915451352515179	0.01069020280348281	0.01160055503996911	0.1604373958874746	0.7064448533384824	0.7198271605988861	0.029547301830008487	0.008488681532896418	0.0012376250840766343	0.003648948499001421	1.2339223477551053	-0.04161177638437756	-0.06781631033839532	-0.042584129110872705	1.07882951351277	0.9195852916515825	-0.5230530416798088	-0.44594829245161877	0.05266679787518238	-0.0013001335798241906	0.01860972341214396	7.044620844876589	-0.012663364328568068	-0.02306660711000998	0.005976352375413087	1.7504281711509964	3.8767974339523708	2.490178082619995	-0.3222618655054779	0.08820082715230998	0.0038806245627988137	0.0338843973755581	12.20987915512341	20	20	20	20	20	20	20	20	20	20	20
phase/eta_r/cells/0_3	0.5	0.0	0.5	1000	0.6878248311444654	0.663088925891182	0.806628339587242	0.8330135037523453	0.11880350844277673	0.16992457786116325	-1.9418861335582758	-0.7485951574073332	-12.39789360270909	0.2464484293495525	-10.456007469150812	0.9950435867568854	-0.2065972561260967	-0.5545047713201925	0.344360569811053	0.4496434023016479	0.007463806313240999	0.008890460503414008	0.1544321794507376	0.16217926450856351	51.68241250000001	71.26381749999999	-0.024735905253283275	0.026385164165103225	0.0511210694183865	1.1932909761509425	12.64434203205864	11.4510510559077	-0.34790751519409585	0.10528283249059482	0.0014266541901730091	0.007747085057825886	19.581405	0.006722039216255535	0.016101774229285003	0.01581176941403831	0.10518866788411438	3.0800275386283458	3.0691272111537136	0.02435002582489998	0.010421781182838223	0.0008761397891428595	0.00672799202864907	1.2024737084274275	-0.03880529502758209	-0.007316236615442111	0.018026655692046728	0.9731285640183243	6.1977703054694935	5.027293976923886	-0.3988727049710751	0.08346979378513453	-0.00040712746352722026	-0.006334764096003978	17.06459860346783	-0.01066651547898446	0.06008656494564856	0.08421548314472627	1.4134533882835607	19.090913758647787	17.874808134891513	-0.2969423254171166	0.12709587119605512	0.0032604358438732385	0.02182893421165575	22.09821139653217	20	20	20	20	20	20	20	20	20	20	20
phase/eta_r/cells/1_0	0.5	0.001	0.5	1000	0.6418927298311445	0.6023233067542214	0.9427404690431519	0.8572351407129457	0.30084773921200747	0.2549118339587242	-2.1498498149147585	-1.542330833143373	-0.03770627582132393	0.6160338816823405	2.1121435390934344	2.158364714825713	-0.8891943552924525	-1.1195210499679262	0.6410259329882738	0.6349377345744796	0.017553382521713533	0.018282816088053974	0.2826783536982518	0.2867900420725618	51.691492499999995	54.023185	-0.03956942307692308	-0.08550532833020641	-0.045935905253283324	0.607518981771386	0.6537401575036644	0.046221175732278595	-0.2303266946754738	-0.006088198413794199	0.0007294335663404407	0.004111688374309997	2.3316924999999995	0.010149363459856403	0.00866855532540202	0.012277807347938695	0.15537924910466477	0.6452918103872692	0.6260843549058679	0.024636562438102697	0.008349038014144876	0.0010316880527215975	0.010488437897121797	1.27538117364799	-0.060812284935335276	-0.10364882314324209	-0.07163365136791011	0.2823064758394218	-0.696871123749576	-1.264188439174412	-0.28189161247635497	-0.02356293580856881	-0.001429914344651531	-0.017840864437533632	-0.3377109749847449	-0.01832656121851088	-0.06736183351717073	-0.02023815913865654	0.9327314877033501	2.004351438756905	1.3566307906389692	-0.1787617768745926	0.01138653898098041	0.0028887814773324123	0.026064241186153622	5.001095974984744	20	20	20	20	20	20	20	20	20	20	20
phase/eta_r/cells/1_2	0.5	0.001	0.5	1000	0.6592987851782365	0.6344989587242027	0.9112073827392122	0.8474390666041277	0.25190859756097567	0.21294010787992496	-2.382304033180441	-1.2102047350079437	0.2526064930917934	0.5558260322398867	2.634910526272234	1.7660307672478304	-0.26520730837691586	-0.6722804806255852	0.5610017217184111	0.6167425305270066	0.018039561902317446	0.017627669598035203	0.2572150368694174	0.281370604354874	48.662760000000006	53.2543075	-0.024799826454033717	-0.06376831613508441	-0.03896848968105071	1.1720992981724971	0.30321953914809324	-0.8688797590244037	-0.4070731722486694	0.05574080880859551	-0.00041189230428224303	0.024155567485456605	4.591547499999998	0.006721491012335226	0.010966776947686939	0.014253781673453522	0.129724732223694	0.1763926814862643	0.16418462748075016	0.04200338488115123	0.008348696949639911	0.001335013621049423	0.007925016554993086	0.9390337425939146	-0.03886806882434061	-0.08672204408592371	-0.06880199758987326	0.9005823131766288	-0.06597458622424124	-1.2125221337056815	-0.4949872671714892	0.038266785270033896	-0.003206107926101425	0.007568317204272	2.626127288849874	-0.010731584083726828	-0.040814588184245104	-0.00913498177222816	1.4436162831683654	0.6724136645204277	-0.5252373843431261	-0.3191590773258496	0.07321483234715713	0.0023823233175369386	0.04074281776664121	6.556967711150122	20	20	20	20	20	20	20	20	20	20	20
phase/eta_r/cells/1_3	0.5	0.001	0.5	1000	0.6511572373358349	0.6322613649155722	0.8487895684803002	0.8290345309568481	0.1976323311444653	0.1967731660412758	-2.1034843182618497	-1.0547511686329945	-5.181079345102723	0.33556502155360846	-3.077595026840873	1.3903161901866028	0.14713408361334107	-0.09422767540941016	0.5365821792118608	0.5996831386843275	0.019754318145264165	0.01888347452512678	0.33017421280862586	0.32697738019599615	38.25569	48.23983499999999	-0.018895872420262676	-0.019755037523452153	-0.0008591651031894812	1.0487331496288554	5.516644366656331	4.467911217027476	-0.24136175902275125	0.06310095947246674	-0.0008708436201373867	-0.003196832612629709	9.984145000000002	0.006348530167362518	0.012495334098227106	0.012349932220052335	0.13049275692043633	1.6705063867097751	1.6691879401756606	0.029337877523879532	0.010044320794910891	0.0017477128633045073	0.010433385820963335	0.7154579841915396	-0.03218349877068924	-0.04590807235890985	-0.026707870310071234	0.7756086704683258	2.0202343162300624	0.9742607069115596	-0.302766642385516	0.042077954438524655	-0.004528848683232542	-0.02503416010482856	8.48667422916863	-0.005608246069836115	0.006397997312005542	0.024989540103692275	1.321857628789385	9.0130544170826	7.961561727143392	-0.1799568756599865	0.08412396450640883	0.002787161442957769	0.018640494879569144	11.481615770831374	20	20	20	20	20	20	20	20	20	20	20
phase/eta_r/cells/2_0	0.5	0.01	0.5	1000	0.6368897889305816	0.5213747983114446	0.9336847514071296	0.8437834849906192	0.2967949624765479	0.3224086866791745	-1.282426230487769	-2.220113988337469	0.6555107289209607	0.5560240676117746	1.9379369594087297	2.776138055949243	1.1416811076357973	1.0646517521285979	0.9312326628540856	0.9015772914717065	0.069591899475677	0.07016071856768977	0.7331724350916599	0.6919951955378062	20.9337075	21.611665000000002	-0.11551499061913695	-0.08990126641651026	0.02561372420262663	-0.9376877578496998	-0.09948666130918607	0.8382010965405137	-0.07702935550719932	-0.029655371382379243	0.0005688190920127539	-0.04117723955385353	0.6779574999999994	0.008983764680212161	0.010004834753899242	0.015091962246937998	0.09237412442360297	0.06753541926270956	0.12262028382825992	0.08514284208405269	0.009928883361440976	0.0031182630497884906	0.011966658683606605	0.4979258198989477	-0.13431822619396477	-0.11084162621680162	-0.005974115808436677	-1.131029022273207	-0.2408399183505875	0.5815538929295914	-0.25523537204980973	-0.05043676309128964	-0.005957780479167173	-0.06622374402953624	-0.36421321835947784	-0.09671175504430912	-0.06896090661621891	0.05720156421368994	-0.7443464934261926	0.04186659573221535	1.094848300151436	0.1011766610354111	-0.008873979673468847	0.007095418663192681	-0.016130735078170828	1.7201282183594766	20	20	20	20	20	20	20	20	20	20	20
phase/eta_r/cells/2_2	0.5	0.01	0.5	1000	0.6373696341463415	0.5311689774859285	0.931861308630394	0.8374298170731708	0.29449167448405256	0.30626083958724204	-1.330563128781137	-2.2215943704915544	0.47877845950406306	0.5303245214483041	1.8093415882852	2.7519188919398583	1.3561826725193027	1.2574089941935813	0.922018326292989	0.898235340461724	0.06764293172151366	0.07148599594940669	0.7437301392441732	0.7037652711343926	20.3041325	21.0414625	-0.10620065666041274	-0.09443149155722326	0.011769165103189488	-0.8910312417104175	0.051546061944240995	0.9425773036546585	-0.09877367832572133	-0.023782985831264824	0.0038430642278930414	-0.03996486810978076	0.73733	0.009431158746550598	0.009012060585596515	0.01447873380075135	0.1161513746571805	0.1833660354412872	0.2079050680003559	0.04060431136692148	0.009889818326226858	0.00311513591135877	0.013531178551340511	0.5292832189236781	-0.12594029877788646	-0.1132939511426618	-0.018535173019157733	-1.134138862820488	-0.3322434609958598	0.5074269952965182	-0.18375947872937276	-0.04448261348178577	-0.002676990167332016	-0.06828595030223024	-0.3704725088019176	-0.08646101454293902	-0.07556903197178472	0.04207350322553671	-0.6479236206003469	0.43533558488434176	1.3777276120127988	-0.01378787792206991	-0.003083358180743883	0.0103631186231181	-0.011643785917331288	1.8451325088019177	20	20	20	20	20	20	20	20	20	20	20
phase/eta_r/cells/2_3	0.5	0.01	0.5	1000	0.6209094418386492	0.5434725891181988	0.8762931754221389	0.8395406425891181	0.2553837335834897	0.29606805347091936	-1.372795333126144	-1.9224996769171547	-0.9915286517140242	0.46356392205418784	0.3812666814121195	2.3860635989713432	1.179023749916197	1.083172149784392	0.8941526135909195	0.8594179779539457	0.06859836284243925	0.07200532229198955	0.7616749361582996	0.7151321067980713	18.36911	18.790915	-0.0774368527204503	-0.036752532833020664	0.04068431988742962	-0.549704343791011	1.4550925737682123	2.004796917559223	-0.09585160013180519	-0.0347346356369738	0.0034069594495503017	-0.04654282936022837	0.4218050000000003	0.009938174464116146	0.01400382489615497	0.014347157051147629	0.09246921949713877	1.1756130280164898	1.1841312177402565	0.027150118408977828	0.008519211437956618	0.003734075642283487	0.009168076009017345	0.4553063529227789	-0.0982376909307518	-0.06606287519439497	0.010655375067003842	-0.7432446444908842	-1.0054937725460908	-0.4736182047469377	-0.15267745104182964	-0.052565550101207406	-0.004408550690729196	-0.06573183297974541	-0.5311621487922951	-0.0566360145101488	-0.007442190471646366	0.0707132647078554	-0.3561640430911377	3.9156789200825157	4.483212039865384	-0.03902574922178073	-0.016903721172740194	0.011222469589829798	-0.02735382574071133	1.3747721487922957	20	20	20	20	20	20	20	20	20	20	20
phase/eta_r/cells/4_0	0.5	0.03	0.5	1000	0.6285792729831144	0.443711904315197	0.9467205675422139	0.8437214681050655	0.3181412945590994	0.4000095637898687	-1.1152231049648778	-2.861603238244191	0.7753542045233375	0.5691079290640326	1.8905773094882155	3.4307111673082233	1.8569752051445376	1.635436133468549	0.9785384395222833	0.9586076565021028	0.14873786842743594	0.15693651338360767	0.8241642986799246	0.7878160448239843	16.3150775	16.80805	-0.18486736866791745	-0.10299909943714822	0.08186826923076924	-1.7463801332793136	-0.206246275459305	1.5401338578200083	-0.2215390716759887	-0.019930783020180403	0.00819864495617172	-0.03634825385594016	0.4929724999999995	0.008794990685661787	0.008028077893906515	0.013365906798215412	0.11455831767859931	0.04943713537401476	0.13648898683529823	0.02881025722674504	0.004944739275559471	0.004819291819436581	0.005276839711150814	0.283285486732187	-0.2032754957313046	-0.11980205957975815	0.053893104793124834	-1.9861534478131706	-0.3097193889781578	1.25445912521191	-0.28183963306525694	-0.030280241266703894	-0.0018882487471222325	-0.047392806302635815	-0.09995083799523397	-0.1664592416045303	-0.08619613929453829	0.10984343366841365	-1.5066068187454567	-0.10277316194045216	1.8258085904281067	-0.1612385102867205	-0.009581324773656912	0.018285538659465674	-0.02530370140924451	1.085895837995233	20	20	20	20	20	20	20	20	20	20	20
phase/eta_r/cells/4_2	0.5	0.03	0.5	1000	0.6279638086303939	0.46099571294559105	0.9425482223264542	0.8452339868667916	0.31458441369606	0.3842382739212008	-1.108084156178054	-2.7050101826017428	0.7362886992225874	0.5573699387676998	1.8443728554006416	3.2623801213694428	1.8610230147833668	1.592923460314443	0.974986261268719	0.9462008131118754	0.14763435032357103	0.15621393834889635	0.8236445601273898	0.7845512324183329	16.06774	16.908567499999997	-0.16696809568480303	-0.0973142354596623	0.06965386022514071	-1.596926026423689	-0.17891876045488758	1.4180072659688014	-0.26809955446892386	-0.02878544815684349	0.00857958802532534	-0.03909332770905695	0.8408275000000003	0.008406650068590737	0.0086968509486266	0.01388828974682121	0.0873084268825943	0.052730048229011145	0.09429591964832058	0.03143368855760119	0.004494014160084355	0.0032210107146241735	0.007189207423319857	0.19468203369364162	-0.1845634164953567	-0.1155169536927415	0.04058533571045163	-1.7796646640415081	-0.2892840197883182	1.2206436379123133	-0.3338910207387624	-0.0381915278947516	0.0018379351201100458	-0.05414051177819619	0.43335332051807934	-0.14937277487424935	-0.07911151722658309	0.09872238473982979	-1.41418738880587	-0.06855350112145697	1.6153708940252895	-0.20230808819908533	-0.01937936841893538	0.015321240930540634	-0.024046143639917705	1.2483016794819213	20	20	20	20	20	20	20	20	20	20	20
phase/eta_r/cells/4_3	0.5	0.03	0.5	1000	0.6203494606003753	0.4374668386491557	0.906932851782364	0.8470718996247655	0.2865833911819887	0.4096050609756097	-1.0463306015787732	-2.78324263649787	0.4606601962048069	0.5094522846730167	1.5069907977835804	3.2926949211708867	1.542468722166999	1.300572742557542	0.958949227332987	0.9308037726992995	0.150459458205151	0.15608579187783245	0.8456713647732131	0.804628328135345	14.389362499999999	14.64879	-0.1828826219512195	-0.05986095215759846	0.12302166979362099	-1.7369120349190967	0.04879208846820994	1.7857041233873066	-0.24189597960945716	-0.028145454633687738	0.00562633367268147	-0.04104303663786836	0.25942749999999987	0.009350990989711932	0.00905583045127843	0.015299872343095731	0.08221213829972451	0.10811852023494488	0.14300842985244833	0.03851155495410943	0.005141402921781084	0.0043589070662676515	0.007481200761680796	0.27661833535327773	-0.20245447102524192	-0.07881502312476747	0.09099866895014519	-1.9089840179447628	-0.17750257511056128	1.4863840397229688	-0.3225015905010757	-0.03890653462238071	-0.00349696366794708	-0.05670136978792403	-0.31954132978479494	-0.16331077287719706	-0.04090688119042944	0.1550446706370968	-1.5648400518934307	0.27508675204698113	2.085024207051644	-0.16129036871783864	-0.017384374644994764	0.01474963101331002	-0.025384703487812688	0.8383963297847947	20	20	20	20	20	20	20	20	20	20	20
phase/rho_delta/cells/0_0	0.0	0.02	0.0	1000	0.7112377273674835	0.5030727680178899	0.9186748680993804	0.9826632224685883	0.2074371407318968	0.47959045445069837	-0.6356749043056297	-2.2529446434211646	0.7028358737962407	0.6003215192303961	1.3385107781018704	2.85326616265156	1.5696659326578752	1.5405820192129291	0.9964503153564829	0.9944311171298128	0.09350229267667204	0.09786340408749847	0.8558414988247145	0.836397721622958	15.7280875	16.36139	-0.20816495934959348	0.06398835436920804	0.2721533137188015	-1.6172697391155346	-0.1025143545658447	1.5147553845496897	-0.029083913444945726	-0.0020191982266700714	0.0043611114108264275	-0.019443777201756635	0.6333025000000008	0.013509330646929229	0.007506036620941004	0.01547305516038543	0.04834469467224299	0.048958350585950286	0.07662000696762628	0.0505478166465139	0.0010701759242507155	0.0020150551287171133	0.0028869341708028526	0.12160273550609697	-0.23644031335257173	0.04827803916830885	0.2397678370729282	-1.7184563479675645	-0.20498536000639384	1.3543878669175156	-0.1348817095839201	-0.004259102178575464	0.00014355255546267664	-0.02548619986474031	0.37878504950388836	-0.17988960534661522	0.07969866957010723	0.30453879036467485	-1.5160831302635047	-4.334912529559143e-5	1.6751229021818639	0.07671388269402865	0.0002207057252353213	0.008578670266190178	-0.013401354538772958	0.8878199504961132	20	20	20	20	20	20	20	20	20	20	20
phase/rho_delta/cells/0_1	0.0	0.02	0.25	1000	0.6745536424754108	0.46146716517899444	0.9227390253378059	0.9062226337009871	0.24818538286239505	0.444755468521993	-0.81422776414781	-2.601650154596987	0.7674226394947853	0.6741614465152509	1.5816504036425951	3.2758116011122382	1.7170339053726866	1.5486837755705447	0.9897734841121053	0.9856406999787837	0.10122847046575263	0.10387361411187475	0.8497648054425099	0.827008885268152	16.827392500000002	16.9592325	-0.21308647729641633	-0.016516391636818485	0.19657008565959788	-1.7874223904491775	-0.0932611929795345	1.6941611974696429	-0.168350129802142	-0.004132784133321787	0.0026451436461221124	-0.022755920174357902	0.1318399999999996	0.009872119897310122	0.008229118346606619	0.014789770836179248	0.07469860316326905	0.02857891767110612	0.0796549162050846	0.04189340529550982	0.002429096597876594	0.0026346134099107976	0.005477447829465434	0.3137177108274923	-0.2337490617094893	-0.033740134282838875	0.1656147395402882	-1.9437683637006002	-0.1530775551141143	1.5274415418005225	-0.2560340348067205	-0.009216941743158888	-0.002869165594887887	-0.03422035023819564	-0.5247787150558519	-0.19242389288334336	0.000707351009201905	0.22752543177890755	-1.6310764171977548	-0.033444830844954684	1.8608808531387633	-0.0806662247975635	0.0009513734765153135	0.008159452887132112	-0.011291490110520165	0.7884587150558512	20	20	20	20	20	20	20	20	20	20	20
phase/rho_delta/cells/0_3	0.0	0.02	0.75	1000	0.6073536002615271	0.5144230223435101	0.7363934336327629	0.7663632713627835	0.1290398333712358	0.25194024901927337	-1.9514211184883377	-4.577735184898229	-12.595070062406114	-0.177815293245288	-10.64364894391778	4.399919891652941	1.9398768888898577	1.2608269100802878	0.9762274714805687	0.9228394056200268	0.10108580616293142	0.12387514421637666	0.8459671528753718	0.7825595769926502	16.174442499999998	18.999637500000002	-0.09293057791801689	0.02996983773002066	0.1229004156480376	-2.6263140664098925	12.417254769160829	15.04356883557072	-0.67904997880957	-0.05338806586054197	0.02278933805344527	-0.06340757588272157	2.825195	0.00878074487709703	0.028706205352572498	0.027269154351755948	0.18322109830982997	9.874727518427342	9.888625076110085	0.0620973489055368	0.00929121807978767	0.004691228152914803	0.01057274015910874	0.447698381650967	-0.11130888816140351	-0.03011294058369815	0.06582541964643937	-3.009800232447476	-8.25078745763527	-5.653561313752888	-0.809021223783844	-0.07283480879629095	0.012970484684677121	-0.0855365753567449	1.8881515180848543	-0.07455226767463026	0.09005261604373947	0.17997541164963582	-2.242827900372309	33.08529699595693	35.74069898489433	-0.5490787338352959	-0.03394132292479299	0.03260819142221341	-0.04127857640869824	3.7622384819151455	20	20	20	20	20	20	20	20	20	20	20
phase/rho_delta/cells/0_4	0.0	0.02	1.0	1000	0.45890706690497457	0.40341239135689066	0.687066448884144	0.5670794906774351	0.2281593819791695	0.16366709932054443	-2.602277253664809	-5.832499968215716	-7.25048115134406	-0.5620330320952674	-4.648203897679252	5.2704669361204495	1.9128256626797384	1.06978731921746	0.9795409298545608	0.8689793699661363	0.09659996456994285	0.12911083732707315	0.8487213920608841	0.7547500769550808	15.984707499999999	19.4672875	-0.05549467554808392	-0.11998695820670888	-0.06449228265862503	-3.2302227145509064	6.688448119248795	9.918670833799702	-0.8430383434622785	-0.11056155988842428	0.03251087275713031	-0.0939713151058031	3.48258	0.00501013403933391	0.03222802822402481	0.032162513219323424	0.18006425229427733	3.868339982477326	3.875947200266823	0.06560200942147515	0.010209948405057363	0.0035219493681998885	0.011090976742642488	0.3434722151752138	-0.06598100660821966	-0.18744099650574272	-0.1318091964768942	-3.6071015259418755	-1.4080805147056665	1.8062201100246984	-0.9803449271989465	-0.1319312274944771	0.0251393480110798	-0.11718499621503695	2.7636843916173706	-0.045008344487948174	-0.05253291990767503	0.0028246311596441392	-2.8533439031599372	14.784976753203257	18.031121557574707	-0.7057317597256104	-0.08919189228237147	0.03988239750318083	-0.07075763399656926	4.201475608382629	20	20	20	20	20	20	20	20	20	20	20
phase/rho_delta/cells/1_0	0.15	0.02	0.0	1000	0.7073194421702957	0.5030900797373357	0.9388370021509654	0.9834302110694184	0.2315175599806698	0.48034013133208253	-0.6174581253990347	-2.2169306529436317	0.7560666921830865	0.7092998436435022	1.3735248175821213	2.9262304965871335	1.5387553587663692	1.6546819914531927	0.9844979482816825	0.9885935918313649	0.09740425584811986	0.09995652929893893	0.8414058488995344	0.8286951665109316	16.0500575	16.3147475	-0.20422936243295994	0.04459320891845286	0.24882257135141278	-1.5994725275445967	-0.04676684853958438	1.5527056790050124	0.11592663268682375	0.004095643549682332	0.0025522734508190703	-0.012710682388602979	0.2646899999999997	0.010623196744014324	0.004416590763117185	0.011055553106850068	0.0647567967907192	0.03340100036143256	0.0772649030785734	0.04466150615811955	0.0026025024368827943	0.001964194260509286	0.0031444432388706305	0.1685922872213505	-0.22646396875289396	0.03534917821277104	0.22568303276398707	-1.735010060914003	-0.11667594573736337	1.3909883783000316	0.022449025991774688	-0.0013514566523696002	-0.0015588323839576066	-0.019292077725280785	-0.08817771254200157	-0.18199475611302593	0.053837239624134677	0.2719621099388385	-1.4639349941751905	0.023142248658194614	1.7144229797099932	0.2094042393818728	0.009542743751734264	0.006663379285595747	-0.006129287051925175	0.617557712542001	20	20	20	20	20	20	20	20	20	20	20
phase/rho_delta/cells/1_1	0.15	0.02	0.25	1000	0.6735076547842401	0.4721606801125703	0.9293312335834896	0.9155341416510318	0.2558235787992496	0.4433734615384616	-0.7924583333571013	-2.51230437818998	0.7937272993979563	0.7086224575036959	1.5861856327550574	3.220926835693676	1.673634069254328	1.5810493804982209	0.9767666902437009	0.9739706763867939	0.10821895957804831	0.10122744297545605	0.8305994682082544	0.8155210913588438	17.529075	16.97948	-0.2013469746716698	-0.013797091932457761	0.18754988273921197	-1.7198460448328787	-0.08510484189426033	1.6347412029386188	-0.09258468875610718	-0.0027960138569070427	-0.006991516602592243	-0.015078376849410735	-0.5495949999999992	0.0082555536405474	0.007664105222096103	0.013137458399402993	0.06231875662227432	0.030206562084376498	0.08144258031467799	0.028803835657042906	0.004431548706467591	0.003718594997410721	0.0056036985006517985	0.31559155932070426	-0.2186260470237936	-0.029838248517821245	0.16005286629547302	-1.850280701484116	-0.14832790293783835	1.464279923286917	-0.15287180964552177	-0.012071351897825738	-0.014774625380775288	-0.026807052604926728	-1.2101357250264602	-0.18406790231954598	0.002244064652905723	0.21504689918295092	-1.5894113881816414	-0.02188178085068232	1.8052024825903206	-0.03229756786669259	0.006479324184011654	0.0007915921755908013	-0.0033497010938947427	0.11094572502646183	20	20	20	20	20	20	20	20	20	20	20
phase/rho_delta/cells/1_3	0.15	0.02	0.75	1000	0.5661407692307693	0.4646832879924953	0.7718517307692309	0.7039443198874297	0.20571096153846152	0.23926103189493428	-1.9064137299213797	-4.011592009314716	-0.22896254666249422	-0.03552026074407148	1.6774511832588854	3.9760717485706456	1.9228020154371896	1.3672091393620038	0.98546329471449	0.9220316183565253	0.09616988600396528	0.12003692371443456	0.8537041807565989	0.7831380504688434	15.972359999999998	18.8546175	-0.10145748123827394	-0.06790741088180112	0.0335500703564728	-2.105178279393338	0.19344228591842266	2.29862056531176	-0.5555928760751855	-0.06343167635796503	0.023867037710469264	-0.07056613028775564	2.8822574999999993	0.00669047550886446	0.0224961719223338	0.022906953962669636	0.12051241368960333	0.6482118890547217	0.6433550903063572	0.05478634272626233	0.005534683442842871	0.0036788211550278773	0.006508006929616542	0.2748868636240956	-0.11546080741375693	-0.11499243984735058	-0.014394735300618501	-2.357413660100483	-1.1632807902265605	0.9520628857745244	-0.6702620092543102	-0.07501590193737055	0.016167176541129757	-0.08418754533769904	2.3069126821939108	-0.08745415506279096	-0.02082238191625166	0.08149487601356409	-1.8529428986861927	1.5501653620634057	3.6451782448489958	-0.4409237428960607	-0.0518474507785595	0.03156689887980877	-0.056944715237812256	3.4576023178060877	20	20	20	20	20	20	20	20	20	20	20
phase/rho_delta/cells/1_4	0.15	0.02	1.0	1000	0.474589296435272	0.400247030956848	0.7427888227016884	0.577667734521576	0.26819952626641647	0.17742070356472797	-2.1971701174927345	-5.053223102661626	0.18275427572609387	-0.31696738167669264	2.3799243932188285	4.736255720984934	1.8832143786722852	1.1792832335688552	0.9738908592446643	0.88042081755343	0.1019560540704085	0.1260670962565918	0.8417338217836786	0.7562387503369234	16.406010000000002	19.289812500000004	-0.074342265478424	-0.16512108818011256	-0.09077882270168855	-2.8560529851688905	-0.4997216574027866	2.3563313277661044	-0.7039311451034299	-0.09347004169123414	0.024111042186183273	-0.08549507144675517	2.8838025	0.008169360194531246	0.01815548972172765	0.02015087277455029	0.20042412957303324	0.1961296615810634	0.25202679193884925	0.07515578131538021	0.00851164165346996	0.003597917911188989	0.010337200181594503	0.40509468219877165	-0.09144093287470365	-0.20312096488725137	-0.13295508413614382	-3.275545509449097	-0.9102257568749137	1.8288331898827348	-0.8612340032243713	-0.1112851124144505	0.01658051345227822	-0.1071310800820664	2.035929585845081	-0.057243598082144354	-0.12712121147297376	-0.04860256126723328	-2.436560460888684	-0.08921755793065961	2.883829465649474	-0.5466282869824886	-0.07565497096801779	0.031641570920088326	-0.06385906281144393	3.7316754141549184	20	20	20	20	20	20	20	20	20	20	20
phase/rho_delta/cells/2_0	0.3	0.02	0.0	1000	0.7030683943563212	0.4865792690981105	0.9463104349309226	0.9842781836659276	0.24324204057460155	0.49769891456781706	-0.6562886584555621	-2.286063829332465	0.7892850851959308	0.7527045711798211	1.445573743651493	3.038768400512286	1.567369094809735	1.6547892618919242	0.9755657668265277	0.9833185266401854	0.09781395291033933	0.1009178845132469	0.822543866434717	0.8108272942739567	16.1656875	16.5486175	-0.21648912525821057	0.03796774873500485	0.2544568739932155	-1.629775170876903	-0.036580514016109685	1.5931946568607935	0.08742016708218907	0.0077527598136579	0.003103931602907564	-0.011716572160760292	0.3829299999999994	0.012357127064743002	0.003401157288324431	0.011102042593744681	0.08903095385806777	0.019437764740877352	0.083260069549477	0.03471614697734301	0.003833930520303549	0.002071446303503562	0.004197075387690921	0.1585564273373993	-0.24235288944809763	0.030849044717715678	0.23122003179144224	-1.8161190988887552	-0.07726422318269568	1.4189293285220295	0.014758436382235826	-0.0002717489882675941	-0.0012316553377405672	-0.02050115190536247	0.051067583601779376	-0.1906253610683235	0.045086452752294025	0.2776937161949887	-1.4434312428650509	0.004103195150476316	1.7674599851995576	0.16008189778214232	0.015777268615583394	0.007439518543555695	-0.0029319924161581128	0.7147924163982193	20	20	20	20	20	20	20	20	20	20	20
phase/rho_delta/cells/2_1	0.3	0.02	0.25	1000	0.6751978048780488	0.4804035834896811	0.9372597326454034	0.9238841932457786	0.2620619277673546	0.44348060975609754	-0.8498586277657882	-2.4166789440503487	0.7680743375780172	0.7225721039477719	1.6179329653438053	3.1392510479981204	1.7353034164715269	1.6210106224278555	0.9713847569964565	0.9704244645886793	0.10787527202112399	0.10637281377633008	0.8183158528120282	0.8052876351638645	17.53983	17.0678225	-0.19479422138836774	-0.013375539399624825	0.18141868198874292	-1.5668203162845604	-0.045502233630245276	1.5213180826543151	-0.11429279404367172	-0.0009602924077771968	-0.0015024582447939056	-0.01302821764816368	-0.47200749999999997	0.013373735834748946	0.00669380187598596	0.015270318055459538	0.0957061592358639	0.04857094187340693	0.09539845623027093	0.027111574552360074	0.004784218270825922	0.004065893510703476	0.005455432264999557	0.2408974024153449	-0.22278577218779969	-0.027385827741506906	0.1494575389802006	-1.7671356097202555	-0.1471623833165538	1.3216468190109398	-0.17103797173464555	-0.010973776330155581	-0.010012471165358932	-0.024446568606002958	-0.9762115578997952	-0.1668026705889358	0.0006347489422572575	0.21337982499728525	-1.3665050228488653	0.05615791605606324	1.7209893462976904	-0.05754761635269789	0.009053191514601187	0.0070075546757711205	-0.0016098666903244015	0.03219655789979531	20	20	20	20	20	20	20	20	20	20	20
phase/rho_delta/cells/2_3	0.3	0.02	0.75	1000	0.5685992542213884	0.4595284662288931	0.8802975234521575	0.7161235694183865	0.31169826923076926	0.2565951031894934	-1.6516170800423702	-3.704041413324384	0.6233197851448957	0.12664095704284212	2.2749368651872666	3.8306823703672257	1.8753493377744639	1.3874164563311895	0.9729584434972833	0.9220259340924593	0.10173297341057741	0.12073736608291755	0.833031283296114	0.7726984154831739	16.6273625	19.037287499999998	-0.1090707879924953	-0.16417395403377114	-0.05510316604127582	-2.0524243332820147	-0.4966788281020536	1.5557455051799607	-0.48793288144327496	-0.05093250940482417	0.019004392672340126	-0.06033286781293997	2.4099250000000003	0.005877894648041968	0.011054040499525086	0.011843961828778995	0.10721368154319419	0.11112496037485689	0.133083224000277	0.044208988831652855	0.005810468055633762	0.0034342241007020236	0.008544665900053771	0.37052139780350496	-0.121373362880125	-0.18731032669768077	-0.0798928630484041	-2.276825147713592	-0.7292660432117993	1.2771991161091716	-0.5804633584889927	-0.06309395881263671	0.011816479021342046	-0.07821705907863494	1.6344148017242741	-0.0967682131048656	-0.1410375813698615	-0.03031346903414755	-1.828023518850437	-0.2640916129923079	1.8342918942507498	-0.39540240439755725	-0.03877105999701162	0.02619230632333821	-0.042448676547245	3.1854351982757265	20	20	20	20	20	20	20	20	20	20	20
phase/rho_delta/cells/2_4	0.3	0.02	1.0	1000	0.5083871529080676	0.4212848217636023	0.8642134333958724	0.6193635975609756	0.3558262804878049	0.19807877579737335	-1.9072386656418268	-4.305963896437714	0.6319771219067442	-0.12248242003403106	2.5392157875485717	4.183481476403681	1.8489690853846343	1.2407576709722123	0.9715654039050875	0.8813575247795906	0.10612855252028067	0.12548678674718577	0.8212897991176249	0.7486405952356976	17.237375	19.176470000000002	-0.08710233114446528	-0.2448498358348968	-0.15774750469043156	-2.398725230795886	-0.7544595419407752	1.6442656888551102	-0.6082114144124221	-0.09020787912549673	0.019358234226905115	-0.07264920388192729	1.9390949999999996	0.007029216440071731	0.012303612736320175	0.014438533949030392	0.13369871808257797	0.11293417446549939	0.1669285351202347	0.05224069878014101	0.009387513725077465	0.003475017309699467	0.011195870354816222	0.4135661121637785	-0.10181465023717776	-0.27060159324813937	-0.18796770355614317	-2.678559863786277	-0.9908334856618102	1.2948802494813165	-0.7175524535783561	-0.10985617116317202	0.01208493940821888	-0.09608242984459454	1.0734911791530863	-0.0723900120517528	-0.21909807842165424	-0.12752730582471994	-2.1188905978054953	-0.5180855982197403	1.9936511282289038	-0.49887037524648814	-0.07055958708782144	0.02663152904559135	-0.04921597791926004	2.804698820846913	20	20	20	20	20	20	20	20	20	20	20
phase/rho_delta/cells/4_0	0.7	0.02	0.0	1000	0.6915606660412759	0.45978984990619143	0.9490171529080677	0.9819424155722329	0.2574564868667918	0.5221525656660413	-0.6959092006654515	-2.379573973554878	0.6913125780269175	0.7100056491198452	1.387221778692369	3.0895796226747234	1.5438745270504133	1.4152916883528142	0.9587593656059283	0.9475760518799147	0.10728790611746693	0.11084204167747629	0.705183727576428	0.6648392933092684	17.1008725	18.210970000000003	-0.23177081613508443	0.03292526266416512	0.2646960787992495	-1.683664772889427	0.018693071092927664	1.7023578439823546	-0.12858283869759893	-0.011183313726013782	0.0035541355600093244	-0.040344434267159654	1.1100975000000006	0.018104457662046238	0.0050681035149772215	0.020943344549757225	0.15861386067568808	0.05142701520766254	0.16292576688929683	0.14848435810209473	0.01940146591278831	0.004203245366189286	0.012113506137795063	0.20122881625923283	-0.269663881513764	0.02231760009708649	0.22086115487684646	-2.0156473986462102	-0.08894490878313199	1.3613502948001353	-0.4393641719086606	-0.05179104857226259	-0.005243358098005115	-0.06569829399678742	0.6889207471293164	-0.19387775075640484	0.04353292523124375	0.30853100272165257	-1.3516821471326435	0.1263310509689873	2.043365393164574	0.18219849451346273	0.029424421120235023	0.012351629218023765	-0.014990574537531887	1.5312742528706849	20	20	20	20	20	20	20	20	20	20	20
phase/rho_delta/cells/4_1	0.7	0.02	0.25	1000	0.6735445637898687	0.46195001407129455	0.9546457270168857	0.9510891135084428	0.2811011632270169	0.4891390994371482	-0.7667914401682984	-2.31827732878268	0.7851571835506927	0.6976489052423169	1.5519486237189912	3.015926234024996	1.4764457862598837	1.4499122577961965	0.9527570761635419	0.9426745773275848	0.12077261547274924	0.1120614546766022	0.6900544496921638	0.6673010653493685	19.297815	18.469027500000003	-0.21159454971857405	-0.0035566135084427464	0.2080379362101313	-1.5514858886143812	-0.08750827830837583	1.4639776103060052	-0.02653352846368724	-0.010082498835957127	-0.008711160796147055	-0.022753384342795384	-0.8287875000000001	0.016045255034562018	0.004735600355742175	0.017774122826852392	0.1364850523926387	0.0534310421340839	0.13566096307347003	0.1009703572713116	0.01961122693804988	0.003168456114459613	0.011189583125477092	0.2852701324800711	-0.2451776544650284	-0.013468338965075667	0.17083626958752143	-1.8371523863393524	-0.19934073474711733	1.1800359513490348	-0.23786691501474336	-0.05112926855375574	-0.015342815659048114	-0.04617345098322025	-1.4258647492850343	-0.1780114449721197	0.006355111948190174	0.24523960283274118	-1.26581939088941	0.02432417813036568	1.7479192692629755	0.1847998580873689	0.03096427088184149	-0.0020795059332459976	0.0006666822976294853	-0.2317102507149661	20	20	20	20	20	20	20	20	20	20	20
phase/rho_delta/cells/4_3	0.7	0.02	0.75	1000	0.6156962335834897	0.44899600844277676	0.9461318105065667	0.8268501031894934	0.330435576923077	0.37785409474671666	-1.1351650988488111	-2.4747039074086126	0.5681266135790337	0.5214493766671459	1.7032917124278448	2.9961532840757577	1.5739170854042108	1.3967649468093266	0.9678916670717859	0.9270793265258774	0.11561896179622458	0.1197315517313076	0.7139249663035905	0.6764244994610696	18.759907500000004	19.128989999999998	-0.16670022514071295	-0.11928170731707319	0.04741851782363972	-1.3395388085598012	-0.04667723691188788	1.2928615716479133	-0.17715213859488405	-0.04081234054590857	0.004112589935083061	-0.037500466842520834	0.36908249999999987	0.01105023488431326	0.010508470339347842	0.01760784933910751	0.10322359318780322	0.20389852583729137	0.2677747463655182	0.048371783415444715	0.008506698432142691	0.002748357058517921	0.010727552862215013	0.26976335409789237	-0.18982863256044244	-0.14127618851236448	0.010564865610490241	-1.555588272084331	-0.473441756147733	0.7324025863417997	-0.2783954448380388	-0.05861706498798068	-0.0016397874984978135	-0.05995349302807357	-0.19553868912475536	-0.14357181772098346	-0.0972872261217819	0.08427217003678919	-1.1234893450352714	0.38008728232395717	1.853320556954027	-0.07590883235172932	-0.023007616103836465	0.009864967368663935	-0.015047440656968104	0.9337036891247551	20	20	20	20	20	20	20	20	20	20	20
phase/rho_delta/cells/4_4	0.7	0.02	1.0	1000	0.5858413273921201	0.4445879924953096	0.9441244559099438	0.7722029596622889	0.3582831285178237	0.3276149671669794	-1.2628873884474912	-2.521813843533383	0.6381752637555699	0.4153251673253441	1.9010626522030614	2.9371390108587274	1.5347428903789173	1.3308086199350084	0.9664027656458012	0.9191823248765048	0.11840156005726607	0.12597911528612418	0.6976693460862683	0.6814163753728124	19.2101	19.298137500000003	-0.1412533348968105	-0.1719214962476548	-0.03066816135084427	-1.2589264550858918	-0.22285009643022585	1.036076358655666	-0.2039342704439092	-0.04722044076929658	0.007577555228858099	-0.016252970713456	0.08803749999999973	0.009296428215882314	0.0125255934027072	0.017765807131411154	0.110436895425967	0.13062276230741787	0.14993264533718537	0.031213018805006768	0.008494009960272202	0.004669337554251602	0.013349274969286737	0.5051664987365291	-0.1607109827727323	-0.198137864535259	-0.06785242302286651	-1.4900735337066158	-0.49624667999291056	0.7222637254238672	-0.26926386961348725	-0.06499860793453008	-0.0021954805903425696	-0.044193324333083886	-0.9692881333367807	-0.1217956870208887	-0.14570512796005058	0.006516100321177963	-1.027779376465168	0.05054648713245885	1.349888991887465	-0.13860467127433113	-0.02944227360406309	0.017350591048058767	0.011687382906171887	1.1453631333367802	20	20	20	20	20	20	20	20	20	20	20
phase/rho_delta/cells/5_0	0.85	0.02	0.0	1000	0.6877119559099437	0.4434707833020638	0.9567876313320826	0.9806912148217636	0.2690756754221388	0.5372204315196999	-0.7114039790131912	-2.512558869710307	0.5582142479194123	0.6273164593903381	1.2696182269326035	3.139875329100646	1.383725301575826	1.3414030826971213	0.9546683889488371	0.9463209226448649	0.10669211738550236	0.12774490373349998	0.5703866636596489	0.49920288439683863	17.566385000000004	19.63898	-0.24424117260787992	0.02390358348968108	0.26814475609756105	-1.801154890697116	0.06910221147092585	1.8702571021680423	-0.042322218878704784	-0.008347466303972295	0.02105278634799765	-0.0711837792628103	2.0725950000000006	0.01981830788458107	0.0034544515301416384	0.02012003288283618	0.171365619612754	0.11220402850618652	0.16082407192328305	0.09253741721563258	0.01993426512983548	0.004104174486937351	0.013341855574550239	0.3281088096336497	-0.28572136772797796	0.01667333334230704	0.22603304329829876	-2.1598272546451946	-0.1657435191940382	1.5336484511047188	-0.2360052590438414	-0.050070362727670736	0.01246265042334889	-0.09910860391078555	1.385855368973495	-0.20276097748778188	0.03113383363705512	0.31025646889682335	-1.4424825267490373	0.30394794213588994	2.206865753231366	0.1513608212864318	0.03337543011972614	0.029642922272646408	-0.04325895461483506	2.7593346310265066	20	20	20	20	20	20	20	20	20	20	20
phase/rho_delta/cells/5_1	0.85	0.02	0.25	1000	0.6751358536585367	0.4410788461538462	0.9524370215759852	0.9662467354596622	0.27730116791744835	0.525167889305816	-0.7858763430793221	-2.4656913295683784	0.6912939269706818	0.6225148242185503	1.4771702700500038	3.0882061537869285	1.372253364154442	1.3741324735993987	0.9308453408050893	0.9417006421862242	0.12303104731168665	0.1294308161516305	0.5270259184828456	0.5028997413868352	19.716025	19.2293725	-0.23405700750469047	0.013809713883677226	0.2478667213883677	-1.6798149864890561	-0.06877910275213148	1.6110358837369247	0.0018791094449563672	0.010855301381134696	0.006399768839943809	-0.02412617709601033	-0.4866525000000001	0.015890246691101954	0.0050156799206325575	0.017186122776856192	0.1253066278982539	0.10731421373290574	0.1606320941934235	0.06780272760319607	0.00533186740310504	0.004919214846953716	0.01246244522742334	0.35966505120581505	-0.2673156760596489	0.0033117751605805223	0.21189575301439317	-1.9420847728568928	-0.29339033347501775	1.274829046680108	-0.14003363038302727	-0.00030442534847971957	-0.003896266163532811	-0.05021037473375342	-1.2394401037037674	-0.20079833894973204	0.02430765260677393	0.28383768976234225	-1.4175452001212194	0.1558321279707548	1.9472427207937415	0.14379184927294	0.02201502811074911	0.01669580384342043	0.001958020541732757	0.2661351037037672	20	20	20	20	20	20	20	20	20	20	20
phase/rho_delta/cells/5_3	0.85	0.02	0.75	1000	0.6345825703564728	0.4555593574108817	0.9427380206378988	0.9011739212007503	0.3081554502814259	0.4456145637898687	-0.9695410211326241	-2.2110861102281296	0.7406561297445473	0.6284855998382051	1.7101971508771712	2.8395717100663345	1.3630514813191734	1.165015303938199	0.9448912684362181	0.9223286334466552	0.13127258180726703	0.12974715929333633	0.5257168901825138	0.4900901280023823	20.6832175	20.34652	-0.179023212945591	-0.04156409943714826	0.13745911350844278	-1.2415450890955058	-0.1121705299063422	1.1293745591891633	-0.19803617738097454	-0.022562634989562867	-0.0015254225139306903	-0.0356267621801313	-0.3366975	0.01400689411156635	0.007422808020151203	0.015830875539177575	0.11826307179158739	0.06286291554021836	0.09629724902999762	0.09644268501823285	0.009056553315420988	0.004687820665469414	0.018869215021339765	0.5053881958517135	-0.2083399792486495	-0.05710021517457965	0.10432471020260001	-1.489072543103515	-0.24374412426225717	0.927822100596031	-0.39989303699585976	-0.04151821892877032	-0.011337143929510542	-0.07512048310759803	-1.394487150731654	-0.14970644664253252	-0.026027983699716872	0.17059351681428556	-0.9940176350874965	0.01940306444957278	1.3309270177822956	0.003820682233910716	-0.003607051050355411	0.008286298901649163	0.0038669587473354333	0.7210921507316542	20	20	20	20	20	20	20	20	20	20	20
phase/rho_delta/cells/5_4	0.85	0.02	1.0	1000	0.6246579268292682	0.4379734568480299	0.9472139305816134	0.8784485600375234	0.32255600375234517	0.4404751031894934	-0.9933090721295537	-2.2882803979753747	0.7996670924740847	0.6090387697971382	1.7929761646036386	2.8973191677725127	1.2732770525873713	1.2525483891241804	0.9468785046879953	0.9198621264487388	0.13707940573455926	0.13071501671544045	0.5288179232720917	0.4971947378930839	20.847587499999996	20.002482500000003	-0.18668446998123825	-0.06876537054409007	0.1179190994371482	-1.2949713258458206	-0.1906283226769466	1.1043430031688741	-0.02072866346319102	-0.027016378239256622	-0.006364389019118827	-0.03162318537900778	-0.8451050000000006	0.016326638443556987	0.009045586688089817	0.02066758112972675	0.13046769959464585	0.036384300220002073	0.13439499666046922	0.08732526952480041	0.016916163647403497	0.006938331352861526	0.01996043540439787	0.5303107366006716	-0.22085651697123046	-0.08769800106849765	0.07466135498619485	-1.5680433594207317	-0.2667815382402245	0.8230510423663876	-0.20350255313628718	-0.06242231566157955	-0.020886483438113352	-0.07340085681687578	-1.9550581280161956	-0.15251242299124604	-0.04983274001968249	0.16117684388810155	-1.0218992922709096	-0.1144751071136687	1.3856349639713605	0.16204522620990514	0.008389559183066303	0.008157705399875696	0.01015448605886022	0.2648481280161944	20	20	20	20	20	20	20	20	20	20	20
phase/rho_eta/cells/0_0	0.0	0.0	0.5	1000	0.634101796435272	0.6188665947467167	0.8104995684803002	0.8085782223264542	0.17639777204502813	0.1897116275797373	-3.1544882018736993	-1.8210351281642918	-3.533905851432716	0.3099598482075419	-0.3794176495590165	2.1309949763718334	-0.17940338034224246	-0.5954055974653419	0.6327629419365441	0.6648467427554443	0.003969106017858802	0.002871997436369295	0.20903473913940104	0.24994111381625134	61.33099749999999	61.79233749999999	-0.015235201688555333	-0.0019213461538461652	0.01331385553470918	1.3334530737094075	3.843865699640258	2.510412625930851	-0.4160022171230994	0.03208380081890014	-0.0010971085814895066	0.040906374676850245	0.4613399999999981	0.007087003122696432	0.021439101601249583	0.018992927756411634	0.1519284722718339	2.4371777603701408	2.3783056483182174	0.039513160217220594	0.005797360601625805	0.000898580973987857	0.015812181014351667	2.5442910918409183	-0.03006846969802577	-0.04679390151016525	-0.02643879912309962	1.0154631266949532	-1.2572059776834177	-2.467438304734328	-0.4987042119234316	0.019949785627618295	-0.002977860174879739	0.007811099461153818	-4.863922456639825	-0.0004019336790848961	0.042951209202472924	0.05306651019251798	1.6514430207238617	8.944937376963933	7.48826355659603	-0.33330022232276724	0.04421781601018198	0.0007836430119007257	0.07400164989254668	5.786602456639821	20	20	20	20	20	20	20	20	20	20	20
phase/rho_eta/cells/0_1	0.0	0.001	0.5	1000	0.6112953731498854	0.5979892797108042	0.8214806337294143	0.8103124572649574	0.21018526057952885	0.21232317755415314	-3.1193191441074695	-2.1215986089721146	-1.191762105030771	0.30994807861120544	1.927557039076699	2.43154668758332	0.057769528765282976	-0.2681708850368003	0.7466518879717896	0.7603396703286692	0.013407584854642884	0.013812672332695158	0.4344675341106873	0.4331054771343621	41.694387500000005	44.3451825	-0.013306093439081212	-0.011168176464456942	0.0021379169746242833	0.9977205351353554	1.501710183641976	0.5039896485066208	-0.3259404138020833	0.013687782356879613	0.00040508747805227186	-0.0013620569763251682	2.6507949999999996	0.005936329341282015	0.017328923967747482	0.016956571521377903	0.13638093380995567	1.4051652016045708	1.4134303092654106	0.045993573094115565	0.006409764253608717	0.0013760421392067935	0.021052870341032266	1.7385873938945982	-0.025730973545274306	-0.04743803116596511	-0.033352595099914575	0.7122719601084506	-1.4393343837338928	-2.45435398801566	-0.422206068636254	0.0002719915909900443	-0.0024750018191870148	-0.045426221014444976	-0.988110236112449	-0.0008812133328881186	0.025101678237051228	0.03762842904916314	1.2831691101622602	4.442754751017844	3.4623332850289015	-0.22967475896791256	0.027103573122769183	0.0032851767752915587	0.04270210706179464	6.2897002361124486	20	20	20	20	20	20	20	20	20	20	20
phase/rho_eta/cells/0_2	0.0	0.01	0.5	1000	0.6159360612219759	0.5188021425796425	0.8178946262815774	0.8171573499535694	0.20195856505960164	0.29835520737392685	-1.9279912839081805	-3.160138163388905	-0.43184939319500926	0.31447383846178145	1.4961418907131718	3.4746120018506863	1.3994042900218944	1.2650697685488221	0.9727661622582925	0.9430449507188173	0.059183732898300055	0.06923783486088372	0.823489103390137	0.7698833838611753	18.41872	21.02359	-0.09713391864233324	-0.0007372763280080463	0.09639664231432525	-1.2321468794807242	0.7463232316567907	1.9784701111375145	-0.13433452147307215	-0.029721211539475066	0.010054101962583658	-0.05360571952896165	2.6048700000000005	0.008216191992869633	0.014407368409709272	0.013243248969504491	0.08253990876265069	0.6639036371083459	0.6573391562800628	0.06547126324455674	0.007172371624325678	0.0032307751573472368	0.010273894215960509	0.5210646254039593	-0.11433060611904633	-0.030892244970251947	0.06867820366263429	-1.4049048939696194	-0.6432430506201425	0.60264344513888	-0.27136745031642806	-0.04473315787634431	0.0032920118438711	-0.07510922725541339	1.5142692051282585	-0.07993723116562015	0.029417692314235855	0.12411508096601621	-1.059388864991829	2.1358895139337237	3.354296777136149	0.002698407370283734	-0.014709265202605822	0.016816192081296217	-0.032102211802509904	3.6954707948717425	20	20	20	20	20	20	20	20	20	20	20
phase/rho_eta/cells/0_4	0.0	0.03	0.5	1000	0.6402691175355809	0.4523057869501771	0.8284867296321565	0.8176679138002918	0.18821761209657553	0.36536212685011465	-1.2224643270323283	-3.8141850712724534	-1.3759335163839232	0.3520496028064212	-0.1534691893515951	4.166234674078875	1.945140867599682	1.5776214252247753	0.9909277591322603	0.9744015309099812	0.13400555940006145	0.1496283933940547	0.8658251980462138	0.8304449960966016	15.202052500000002	16.752315000000003	-0.18796333058540377	-0.010818815831864614	0.17714451475353915	-2.591720744240125	1.7279831191903443	4.31970386343047	-0.36751944237490647	-0.016526228222279067	0.015622833993993265	-0.03538020194961208	1.5502625	0.008670671440312467	0.015688995402086525	0.017221159210513627	0.09782880604358336	1.8697341776114433	1.8797201605412441	0.03368495867876113	0.0028145481207618663	0.0036041821437061464	0.003829467350897704	0.19561146081868103	-0.2061112544778489	-0.04365626059793308	0.14110021428113892	-2.79647878850339	-2.1854154898997455	0.3854043518613963	-0.43802287116130345	-0.022417145141323355	0.008079194070747394	-0.04339536923061225	1.1408430071885522	-0.16981540669295864	0.02201862893420385	0.21318881522593938	-2.38696269997686	5.641381728280434	8.254003374999543	-0.2970160135885095	-0.010635311303234777	0.02316647391723914	-0.02736503466861192	1.959681992811448	20	20	20	20	20	20	20	20	20	20	20
phase/rho_eta/cells/1_0	0.15	0.0	0.5	1000	0.6481235694183864	0.6159398968105065	0.8465197326454034	0.8124092120075048	0.1983961632270169	0.19646931519699812	-2.8190780063094065	-1.7762915161488322	-0.735103722357468	0.40043755891546634	2.083974283951938	2.1767290750642987	-0.5130192907886575	-0.9178049032200981	0.5769497676876184	0.6034600902071271	0.004727596951163603	0.003544479857522205	0.18653024694809656	0.2154077900702509	63.504712500000004	66.3956075	-0.0321836726078799	-0.03411052063789863	-0.0019268480300187302	1.0427864901605735	1.1355412812729342	0.09275479111236065	-0.4047856124314405	0.026510322519508765	-0.0011831170936413985	0.028877543122154337	2.8908949999999987	0.006962016613909645	0.015852004402882983	0.014581765669554799	0.16569075440724879	0.5946972701024025	0.46823309735493973	0.032451803368106255	0.004779943352762622	0.0011014051957968433	0.011293690548819645	2.2439288291260255	-0.04675534084798308	-0.06728914716371914	-0.03244683433214222	0.6959917555931421	-0.10917441014234996	-0.8872683447216361	-0.4727080174898155	0.016505786103467493	-0.0034883846620944858	0.005239577140431037	-1.805702015741046	-0.017612004367776726	-0.0009318941120781132	0.028593138272104756	1.3895812247280048	2.380256972688218	1.0727779269463573	-0.3368632073730655	0.03651485893555004	0.0011221504748116888	0.05251550910387764	7.587492015741043	20	20	20	20	20	20	20	20	20	20	20
phase/rho_eta/cells/1_1	0.15	0.001	0.5	1000	0.6185414399624767	0.5880690666041276	0.8558280722326455	0.8145293808630395	0.23728663227016883	0.2264603142589118	-2.9565996470413167	-2.0194580358098575	0.027467003663736285	0.3978635040590252	2.984066650705053	2.4173215398688823	-0.18650062942367032	-0.5682888460362254	0.6939376407921992	0.7136276053150229	0.014149700888446309	0.014597226845770334	0.39026952854507013	0.3930610857371629	43.531845000000004	46.62730500000001	-0.03047237335834896	-0.041298691369605976	-0.010826318011257044	0.9371416112314597	0.37039650039528904	-0.5667451108361707	-0.3817882166125551	0.019689964522823733	0.0004475259573240236	0.0027915571920928165	3.09546	0.006697432477462403	0.01963701397682593	0.020325667129723238	0.12557842714777395	0.30631721261335126	0.2733157344952847	0.03955509062109058	0.010752807765081083	0.00131132767223107	0.018845832001746034	1.4192524087507257	-0.044490260636453206	-0.08239943397985483	-0.05336842823566409	0.6743029424964073	-0.2707327938837596	-1.1388015175830766	-0.4645779727567982	-0.0028159207819194315	-0.0022971144038668612	-0.03665322251289954	0.12493056920779688	-0.01645448608024471	-0.0001979487593571222	0.03171579221315	1.199980279966512	1.0115257946743377	0.005311295910735092	-0.29899846046831197	0.0421958498275669	0.0031921663185149086	0.04223633689708517	6.065989430792204	20	20	20	20	20	20	20	20	20	20	20
phase/rho_eta/cells/1_2	0.15	0.01	0.5	1000	0.6181782645403378	0.5147233442776735	0.8573713602251407	0.8141826876172609	0.23919309568480301	0.2994593433395872	-1.723932326513755	-2.9513815256711764	0.5859027904774459	0.39781642652641236	2.309835116991201	3.3491979521975885	1.409813485785369	1.2734387747671345	0.9522911050663356	0.9322599211852565	0.058566792081844385	0.06778844457619503	0.8041687636548861	0.7609953748387065	18.7040975	20.7005025	-0.10345492026266416	-0.04318867260787994	0.06026624765478424	-1.2274491991574212	-0.1880863639510335	1.0393628352063882	-0.13637471101823467	-0.020031183881079283	0.009221652494350628	-0.043173388816179506	1.996405	0.0070989006987094	0.013574160149086873	0.01538970205014093	0.07542871931048724	0.10029589341423373	0.14821627814498894	0.05064119190851502	0.01204114814631086	0.0028721074620935393	0.013467109209850248	0.5118172513841964	-0.1183130901849189	-0.07159971631830944	0.028055231073662402	-1.3853233230674835	-0.3980080814253967	0.7291425997940537	-0.24236794382666407	-0.045233596594001946	0.0032102624893432484	-0.07136037233573976	0.9251591813917321	-0.08859675034040942	-0.014777628897450427	0.09247726423590608	-1.069575075247359	0.02183535352332966	1.3495830706187226	-0.030381478209805274	0.005171228831843375	0.015233042499358009	-0.014986405296619251	3.067650818608268	20	20	20	20	20	20	20	20	20	20	20
phase/rho_eta/cells/1_4	0.15	0.03	0.5	1000	0.6321130909943713	0.44908867260787994	0.8767564258911819	0.8108989118198874	0.2446433348968105	0.36181023921200756	-1.236207897526129	-3.4210881587222857	0.5911550799722876	0.3873780835171086	1.8273629774984166	3.808466242239395	2.013765569193618	1.615691394104963	0.9872115674392046	0.9673198430234367	0.13420000297007034	0.15303690768541892	0.859272948682855	0.8204879053462533	15.436514999999996	16.707720000000002	-0.18302441838649153	-0.06585751407129461	0.11716690431519698	-2.184880261196157	-0.203776996455179	1.981103264740978	-0.39807417508865484	-0.01989172441576777	0.01883690471534858	-0.03878504333660169	1.2712050000000001	0.007157063143678395	0.014901628251176913	0.01821540479166431	0.08316510630627047	0.16435160547629146	0.1856919228457511	0.04445089607296316	0.003592866160236528	0.0034066639528090915	0.006121240843071669	0.2906158912302048	-0.19800432370512958	-0.09704698045085833	0.07904162392545919	-2.3589468291826052	-0.5477688600976816	1.5924456035154892	-0.4911109698093706	-0.027411679713412445	0.011706675116833458	-0.051596947663977294	0.6629389490618726	-0.16804451306785348	-0.0346680476917309	0.15529218470493478	-2.0108136932097085	0.1402148671873235	2.369760925966467	-0.3050373803679391	-0.012371769118123096	0.025967134313863702	-0.025973139009226084	1.8794710509381276	20	20	20	20	20	20	20	20	20	20	20
phase/rho_eta/cells/3_0	0.85	0.0	0.5	1000	0.714153700750469	0.6764594512195122	0.9513337148217635	0.9438360694183865	0.23718001407129458	0.26737661819887426	-1.4757731020229223	-0.6764295188992977	0.705406593822297	0.7069849662360441	2.181179695845219	1.3834144851353418	-1.3374302045049782	-1.5384019714841337	0.5088004391133966	0.5407188398032008	0.01249240561762458	0.014718758171756144	0.0312301776915385	0.03965426821442892	94.3459175	96.85085	-0.03769424953095682	-0.007497645403377079	0.030196604127579706	0.7993435831236244	0.0015783724137472088	-0.7977652107098774	-0.2009717669791553	0.031918400689804324	0.0022263525541315644	0.008424090522890417	2.5049324999999976	0.008705469556719555	0.004953027243887878	0.010277343639488117	0.10250752002745389	0.052448886699182434	0.11232294005672765	0.027963990455518152	0.003724482617823035	0.0031098075222079176	0.003591006221801001	2.245459437902804	-0.05591500671809009	-0.017864450566974104	0.008685876674710834	0.5847928779484218	-0.10819840907457767	-1.032859826110471	-0.2595010716597992	0.02412296898047508	-0.004282549394429511	0.0009080281211310201	-2.1948681167287334	-0.019473492343823548	0.002869159760219944	0.05170733158044857	1.0138942882988269	0.1113551539020721	-0.5626705953092838	-0.14244246229851143	0.039713832399133564	0.008735254502692639	0.015940152924649814	7.204733116728729	20	20	20	20	20	20	20	20	20	20	20
phase/rho_eta/cells/3_1	0.85	0.001	0.5	1000	0.6882559990619137	0.6574561210131333	0.9469514915572231	0.9419722795497186	0.25869549249530954	0.2845161585365853	-1.392635826520285	-0.8665455866378069	0.33328331468379147	0.6972464118871858	1.7259191412040766	1.5637919985249928	-1.0098331957969142	-1.3063906364704294	0.5667123083067291	0.5980444303121064	0.028470887586805965	0.0247526157898969	0.0839791453116812	0.08522893335468204	63.3469325	67.02717999999999	-0.030799878048780448	-0.004979212007504658	0.025820666041275787	0.526090239882478	0.3639630972033943	-0.16212714267908376	-0.29655744067351525	0.03133212200537723	-0.0037182717969090626	0.0012497880430008559	3.6802474999999975	0.009241165461926971	0.006111038479161016	0.010942484351480175	0.11392092164867786	0.31134999634774735	0.3304462027872597	0.03438716668154769	0.004789981203725892	0.0027806352479680897	0.005564130719386297	1.346917590241136	-0.05014185965136088	-0.017769762541803437	0.0029177830786412673	0.28765101057143094	-0.28769993449238024	-0.8537589938007046	-0.36853060770094254	0.02130657612581527	-0.00953820825744189	-0.010396071394546874	0.8611165843196247	-0.01145789644620002	0.007811338526794122	0.04872354900391031	0.7645294691935252	1.0156261288991688	0.529504708442537	-0.22458427364608796	0.04135766788493919	0.002101664663623764	0.012895647480548587	6.49937841568037	20	20	20	20	20	20	20	20	20	20	20
phase/rho_eta/cells/3_2	0.85	0.01	0.5	1000	0.6596185225140714	0.5190345684803003	0.9450666651031895	0.934530966228893	0.2854481425891182	0.4154963977485929	-0.9272916047700047	-1.8562023855065752	0.6433484253529409	0.63250152482806	1.5706400301229455	2.488703910334636	0.6866505395344387	0.27502987839079157	0.8764500498566676	0.8651679748195642	0.08347588825659799	0.08321231243814192	0.4245527450149876	0.4016389248596335	24.1738175	23.8318575	-0.14058395403377114	-0.010535698874296395	0.13004825515947466	-0.928910780736571	-0.010846900524880848	0.9180638802116903	-0.4116206611436469	-0.011282075037103484	-0.00026357581845607954	-0.02291382015535415	-0.3419599999999997	0.017808909294032824	0.0052247550016289905	0.018594930012236537	0.15612529070599693	0.05713716236081837	0.16722923802967282	0.10848407371130758	0.0174143223179903	0.004002570893025087	0.02065960436452965	0.4789051018730118	-0.17785842956895753	-0.021471236771095997	0.09112861935382457	-1.2556847696857125	-0.13043635574670678	0.5680490624152121	-0.6386804369416178	-0.04773067053987665	-0.008641052977032134	-0.06615486904487361	-1.3443198979990756	-0.10330947849858473	0.0003998390225032084	0.16896789096512474	-0.6021367917874293	0.10874255469694508	1.2680786980081684	-0.18456088534567602	0.025166520465669688	0.008113901340119975	0.02032722873416531	0.6603998979990761	20	20	20	20	20	20	20	20	20	20	20
phase/rho_eta/cells/3_4	0.85	0.03	0.5	1000	0.639760361163227	0.3801806613508443	0.9483323170731707	0.9343075797373357	0.3085719559099437	0.5541269183864916	-0.8922837386597285	-2.746756953371243	0.7402614163406105	0.6548926104627589	1.632545155000339	3.4016495638340025	1.6603233618016688	1.5000441176628747	0.9689502841389421	0.9550212649954368	0.17666231959538098	0.17235266811079183	0.5793375652349115	0.5482877927479377	19.0225625	18.081087500000002	-0.2595796998123828	-0.014024737335834925	0.2455549624765479	-1.8544732147115144	-0.08536880587785148	1.7691044088336632	-0.16027924413879407	-0.013929019143505427	-0.004309651484589144	-0.03104977248697386	-0.9414749999999982	0.017611091562234213	0.0074805380079714465	0.018728382544858153	0.1457132148933532	0.059418644110789384	0.15557451584310905	0.12401896033403577	0.014775006911295312	0.005024136665910505	0.018026760888098195	0.2505576268545823	-0.29644013807652625	-0.029681683326434782	0.20635600730999906	-2.15945447852847	-0.2097334572820603	1.4434832049211093	-0.4198539113206409	-0.04485346401289554	-0.014825290378974596	-0.06878021664883029	-1.4658981400221003	-0.2227192615482394	0.0016322086547649328	0.2847539176430967	-1.549491950894559	0.03899584552635735	2.094725612746217	0.09929542304305278	0.016995425725884684	0.006205987409796308	0.006680671674882566	-0.41705185997789596	20	20	20	20	20	20	20	20	20	20	20
phase/rho_eta/cells/4_0	1.0	0.0	0.5	1000	0.740795497185741	0.7037702345215759	0.9518580816135087	0.9874734990619137	0.21106258442776732	0.28370326454033773	-1.1160756621781438	-0.7386045367684249	-2.964882747702806	0.5816713356296953	-1.8488070855246619	1.32027587239812	-1.1447242196446434	-1.191157544457217	0.5165437270823938	0.5389703956671522	0.00983107531541705	0.010966327611309697	0.011808106159970357	0.01077864395739717	85.45589	100.88856000000001	-0.0370252626641651	0.035615417448405275	0.07264068011257035	0.377471125409719	3.546554083332501	3.169082957922782	-0.04643332481257375	0.022426668584758454	0.0011352522958926465	-0.001029462202573187	15.432669999999998	0.017106036255965868	0.005523940954810852	0.01703674067064203	0.13603159304585122	1.7917103145745041	1.7550738908418695	0.02375094838613936	0.004264678659371673	0.0038880075335101585	0.00035517887958348417	1.5469996674224795	-0.07282860802348232	0.024053676154854958	0.03698237208020023	0.09275372900527029	-0.20353870360341553	-0.5043289128732349	-0.09614463109977366	0.01350059356637176	-0.007002440995464836	-0.0017728601411592117	12.194762483923093	-0.001221917304847879	0.04717715874195559	0.10829898814494049	0.6621885218141677	7.296646870268417	6.842494828718799	0.003277981474626157	0.03135274360314515	0.00927294558725013	-0.00028606426398716225	18.670577516076904	20	20	20	20	20	20	20	20	20	20	20
phase/rho_eta/cells/4_1	1.0	0.001	0.5	1000	0.7139819699812383	0.6865323170731706	0.9501201454033772	0.987637363977486	0.23613817542213883	0.30110504690431517	-0.935429299898917	-0.9510680630236015	0.33938390398984497	0.5912237381649341	1.2748132038887618	1.5422918011885354	-0.848684152731348	-1.0413841789277878	0.570595731879704	0.6287226303040219	0.031148256218377506	0.031957267057833	0.029142676490696594	0.028086640874233727	59.34796499999999	69.44676	-0.027449652908067557	0.0375172185741088	0.06496687148217638	-0.015638763124684617	0.2518398341750891	0.2674785972997737	-0.19270002619643967	0.05812689842431795	0.0008090108394555023	-0.0010560356164628709	10.098795	0.015016956744842241	0.005145861253601372	0.016322917156192357	0.1138439060394596	0.19633578121127365	0.16732218985134195	0.022943893770468213	0.007278340201677048	0.005559388527132034	0.001417221160094152	1.8383983623370153	-0.05888050459903148	0.026746807189673427	0.030802613236151695	-0.253916796913073	-0.1590956786411537	-0.08273077089535896	-0.2407221477598186	0.04289315730604086	-0.010826923075633429	-0.0040223135949563815	6.250983006043784	0.003981198782896364	0.04828762995854417	0.09913112972820107	0.22263927066370376	0.6627753469913319	0.6176879654949063	-0.14467790463306074	0.07336063954259504	0.012444944754544433	0.0019102423620306396	13.946606993956218	20	20	20	20	20	20	20	20	20	20	20
phase/rho_eta/cells/4_2	1.0	0.01	0.5	1000	0.6846768151969982	0.42980018292682926	0.9541110600375233	0.986470877110694	0.26943424484052536	0.556670694183865	-0.7200513723302657	-2.736622655608108	-3.070896196398714	0.4073833698229302	-2.3508448240684485	3.1440060254310382	0.5091367698909124	-0.006190180366139754	0.8758232103669942	0.9426214482459596	0.07803234076987467	0.09809603764908206	0.1186908007707272	0.10797587412491375	23.046775	26.985267500000003	-0.2548766322701689	0.0323598170731707	0.28723644934333953	-2.0165712832778424	3.4782795662216435	5.494850849499487	-0.5153269502570522	0.06679823787896547	0.020063696879207386	-0.010714926645813461	3.938492500000001	0.02484741853959095	0.0035670253898304255	0.025871482641673844	0.211876534676961	2.7874417020705216	2.775705571994949	0.0975402691564427	0.0205323241163563	0.009576468396283271	0.005370723267236573	1.194427539205084	-0.3068828769634837	0.024893947129570437	0.23308681385110913	-2.460033966921398	-2.355902966472799	-0.3147676806411175	-0.7194810798749477	0.023823589610523888	1.9918169505531852e-5	-0.021955979633709995	1.4385269291960356	-0.20287038757685402	0.03982568701677096	0.3413860848355699	-1.5731085996342866	9.312462098916086	11.304469379640093	-0.31117282063915674	0.10977288614740704	0.040107475588909244	0.0005261263420830737	6.438458070803966	20	20	20	20	20	20	20	20	20	20	20
phase/rho_eta/cells/4_4	1.0	0.03	0.5	1000	0.6695995919324578	0.3082166369606004	0.9551308958724203	0.986029774859287	0.28553130393996246	0.6778131378986867	-0.8230328050453923	-3.4210007539119793	-0.274933110613973	0.4196117250124741	0.5480996944314194	3.8406124789244536	1.3264369062062908	1.390229442862721	0.9822602255216463	0.9888626105605566	0.16001407194930398	0.19216194036246131	0.1762453155542909	0.16428859713853533	17.055625	20.04641	-0.36138295497185735	0.030898878986866746	0.39228183395872424	-2.5979679488665868	0.6945448356264474	3.2925127844930335	0.06379253665643023	0.0066023850389100415	0.032147868413157296	-0.011956718415755617	2.990785	0.015545137999316437	0.004642972232918	0.016580424751964924	0.1519334870110168	0.4740494621321931	0.5037777565871298	0.0347992450689587	0.0037850848367231233	0.007553280150655278	0.006471015013528246	0.7449903188358963	-0.3939193027335233	0.02118102641941951	0.3575786061205547	-2.9159683918507775	-0.29765209159555384	2.238093821880317	-0.00904312034815008	-0.0013198885723276045	0.016338671368150978	-0.02550070849550755	1.431502342375153	-0.3288466072101914	0.04061673155431398	0.4269850617968938	-2.279967505882396	1.6867417628484487	4.34693174710575	0.13662819366101053	0.014524658650147688	0.04795706545816361	0.0015872716639963157	4.550067657624846	20	20	20	20	20	20	20	20	20	20	20
phase/rho_r/cells/0_0	0.0	0.02	0.5	1000	0.6383255578770822	0.47729987582200994	0.8200925775105654	0.8136127826577217	0.18176701963348302	0.3363129068357117	-1.3938461599426726	-3.4539881083993507	0.4491575450416674	0.3111427074898881	1.8430037049843402	3.7651308158892376	1.906544193867249	1.5027565742109867	0.9903959231489383	0.9636181723296445	0.09814435829073322	0.11071509469349874	0.858641539273495	0.8032912122434972	16.1629	18.1979425	-0.16102568205507228	-0.006479794852843635	0.1545458872022287	-2.060141948456678	-0.1380148375517793	1.922127110904898	-0.4037876196562623	-0.026777750819293972	0.012570736402765523	-0.05535032702999776	2.0350425000000008	0.008925404776993115	0.014440429462904938	0.017672669984465116	0.07675103481027332	0.24046843694997677	0.25198375099846887	0.044982222919770734	0.003171859346096259	0.00310164820579686	0.0049098163750183575	0.31325448707827136	-0.1797067689486497	-0.036703961074690136	0.1175565638191235	-2.2207837105153097	-0.6413210604140487	1.3947190587450689	-0.49793649424809927	-0.033416528727873256	0.00607891209972032	-0.06562669080563899	1.3793933233938418	-0.14234459516149486	0.02374437136900287	0.1915352105853339	-1.8995001863980463	0.36529138531049005	2.449535163064727	-0.30963874506442535	-0.02013897291071469	0.019062560705810725	-0.04507396325435653	2.6906916766061597	20	20	20	20	20	20	20	20	20	20	20
phase/rho_r/cells/0_2	0.0	0.02	0.5	1000	0.6401084750885971	0.48097526607538804	0.8241511577785359	0.8150190714366934	0.18404268268993876	0.3340438053613054	-1.4647739764844447	-3.5444987783698685	-0.6224110209733414	0.33080223067157577	0.8423629555111036	3.8753010090414435	1.815353134799501	1.4586750207153092	0.9881549791347604	0.9614342436663872	0.09398558760487778	0.11093538621676273	0.8631248890728834	0.8084046808021851	15.7476625	17.8993925	-0.15913320901320904	-0.009132086341842394	0.1500011226713666	-2.0797248018854235	0.9532132516449174	3.0329380535303403	-0.35667811408419164	-0.026720735468373325	0.01694979861188494	-0.054720208270698276	2.1517300000000006	0.010110779126294635	0.01872742164899888	0.023931101567063955	0.1058624155526205	1.0184669544088716	1.0280823148214397	0.03171227539892979	0.002314789949535949	0.0028020505926215134	0.004324147455600465	0.16213257762999803	-0.18029531293335316	-0.04832903033024398	0.09991275144301334	-2.3012973840948265	-1.1784625825528219	0.8811370386972901	-0.42305266931417257	-0.03156564651365466	0.011085039319859054	-0.06377075291007854	1.8123826150171922	-0.13797110509306493	0.030064857646559195	0.20008949389971983	-1.8581522196760205	3.084889085842657	5.18473906836339	-0.2903035588542107	-0.021875824423091987	0.022814557903910827	-0.04566966363131801	2.491077384982809	20	20	20	20	20	20	20	20	20	20	20
phase/rho_r/cells/0_3	0.0	0.02	0.5	1000	0.6351473677677336	0.5611704803191389	0.7560725824378872	0.8195173596660792	0.12092521467015367	0.25834687934694023	-1.3350190652536733	-2.848116171962512	-6.287618488236061	0.31661469165222833	-4.952599422982389	3.16473086361474	1.334162213991593	1.1506109869832994	0.8592881208455545	0.8358309715470913	0.10540307256938089	0.12121212691962227	0.8130545389514463	0.7663978975299555	15.531859999999998	16.9477225	-0.07397688744859479	0.0634447772281919	0.13742166467678663	-1.5130971067088388	6.604233179888288	8.117330286597127	-0.18355122700829357	-0.02345714929846316	0.015809054350241398	-0.046656641421490605	1.4158624999999987	0.009939624711076286	0.023402263746451185	0.029503843612428665	0.07604843794704037	2.6915637428490777	2.7273443495854104	0.03233339917645434	0.01927983947813586	0.0033136109775349105	0.009986685148665896	0.25652346560548794	-0.0947807610606687	0.014463276279262048	0.07566941029847248	-1.672268316632172	0.9707255221319064	2.4089329582602774	-0.25122580924539833	-0.06381031709133247	0.008873586867309397	-0.06755901366145055	0.8789527159675298	-0.053173013836520885	0.11242627817712175	0.1991739190551008	-1.3539258967855057	12.237740837644669	13.825727614933978	-0.11587664477118881	0.016896018494406147	0.0227445218331734	-0.02575426918153066	1.9527722840324677	20	20	20	20	20	20	20	20	20	20	20
phase/rho_r/cells/2_0	1.0	0.02	0.5	1000	0.6831837992495311	0.3677865290806754	0.9536053517823639	0.9864400797373358	0.27042155253283295	0.6186535506566605	-0.7381457206440591	-3.0472759088375776	-0.028515163352712102	0.44818651339084886	0.7096305572913473	3.495462422228426	1.154334058349608	1.1999202024248699	0.957561010347382	0.9779793348126666	0.11793968292893894	0.148974034902869	0.14426629147047004	0.1463244449410732	19.3761	21.546407499999997	-0.31539727016885555	0.03283472795497186	0.3482319981238274	-2.3091301881935182	0.4767016767435609	2.7858318649370784	0.04558614407526176	0.020418324465284833	0.031034351973930046	0.002058153470603177	2.1703075000000007	0.01784900138592141	0.004498415210746619	0.018513822731099364	0.18116682736398473	0.6887387509960338	0.7001300910798932	0.07329916502303205	0.011071665340696714	0.009485633946964438	0.00624978973086218	0.8296695079198942	-0.3527556594167563	0.023419436712162962	0.3094821218085851	-2.6883167157271757	-0.9648450962942728	1.3204427430917811	-0.10783077148598852	-0.0027549374151521616	0.011180691951621441	-0.0110228067710854	0.43378926271455653	-0.2780388809209548	0.04225001919778076	0.3869818744390697	-1.9299436606598606	1.9182484497813945	4.251220986782376	0.19900305963651205	0.04359158634572183	0.05088801199623865	0.015139113712291756	3.9068257372854447	20	20	20	20	20	20	20	20	20	20	20
phase/rho_r/cells/2_2	1.0	0.02	0.5	1000	0.67693654315197	0.34503764071294557	0.962121580675422	0.9849849202626642	0.28518503752345215	0.6399472795497185	-0.7822144084290069	-3.2306269419409355	-2.936733877877876	0.38764598323239785	-2.1545194694488687	3.6182729251733328	1.218687289536579	1.3384230974064268	0.9661775613803781	0.9736988138806202	0.12042711765263081	0.14498006582226491	0.1569936766538873	0.1372975543984148	18.921447500000003	22.256745000000002	-0.33189890243902437	0.02286333958724205	0.35476224202626644	-2.4484125335119282	3.324379861110274	5.772792394622201	0.11973580786984797	0.007521252500241976	0.024552948169634093	-0.019696122255472553	3.3352975000000002	0.014858118090995383	0.0025989780742649363	0.014611820510562722	0.19156720675009858	2.7593296478744755	2.7463204929821754	0.046085626574351064	0.008382438932490355	0.011650638484241024	0.005371006707617822	0.9074565742580437	-0.36299730100671695	0.017423615960925752	0.32417935021896194	-2.8493673052756945	-2.4509634659330137	0.0246775416960201	0.02327748288725237	-0.01002339382006905	0.00016788157290246325	-0.030937768490905033	1.4359690617469543	-0.3008005038713318	0.028303063213558348	0.38534513383357094	-2.047457761748162	9.099723188153561	11.520907247548381	0.21619413285244357	0.025065898820553	0.04893801476636572	-0.008454476020040073	5.234625938253046	20	20	20	20	20	20	20	20	20	20	20
phase/rho_r/cells/2_3	1.0	0.02	0.5	1000	0.674034530956848	0.38004833020637896	0.9461839681050657	0.9860210318949344	0.2721494371482176	0.6059727016885553	-0.708426577291123	-2.855117599286394	-0.7825151514336435	0.41227676704899147	-0.07408857414252051	3.267394366335386	0.9950134080280522	1.0927016336256181	0.93614293138736	0.9424596964461033	0.12586093780263582	0.13386651175742753	0.2503726783205854	0.24444847575844314	16.603695000000002	19.318015	-0.29398620075046905	0.03983706378986872	0.3338232645403377	-2.146691021995271	1.1947919184826348	3.3414829404779063	0.09768822559756549	0.0063167650587434895	0.008005573954791696	-0.005924202562142199	2.7143199999999994	0.01422258965119509	0.003963906282987198	0.013888621512681273	0.09504348224083653	0.9382889294167392	0.9594352077579287	0.021210881642587564	0.004394265598579207	0.008363460631225807	0.0066252092590541834	0.6614332433933067	-0.32375442300639906	0.03154051259015628	0.3047540456317231	-2.3456193165400707	-0.7690693807716211	1.3333619719943277	0.05329334010442208	-0.0028805385405417192	-0.009499350324460823	-0.019790924906831257	1.3299243111925023	-0.26421797849453904	0.04813361498958116	0.36289248344895236	-1.9477627274504712	3.158653217736891	5.349603908961485	0.1420831110907089	0.015514068658028698	0.025510498234044214	0.007942519782546861	4.098715688807497	20	20	20	20	20	20	20	20	20	20	20
