broker_service	rho	eta	seed	metric	late_value
access_only	0.0	0.0	1	access_fraction	0.008635705150057151
access_only	0.0	0.0	1	agent_holdout_rank	0.7157054409005629
access_only	0.0	0.0	1	betweenness	0.21240146357576
access_only	0.0	0.0	1	broker_fill_rate	0.9986188021143259
access_only	0.0	0.0	1	broker_holdout_rank	0.9183903377110696
access_only	0.0	0.0	1	broker_net_output_per_requested_position	5.424632515056344
access_only	0.0	0.0	1	broker_selected_rank	0.9657448372085555
access_only	0.0	0.0	1	mean_degree	58.87435000000001
access_only	0.0	0.0	1	net_output_per_requested_position	5.4062737917812616
access_only	0.0	0.0	1	outsourcing_rate	0.5912175488210645
access_only	0.0	0.0	1	q_gap	0.021781754563427746
access_only	0.0	0.0	1	rank_gap	0.2026848968105067
access_only	0.0	0.0	1	self_fill_rate	0.9994605134648469
access_only	0.0	0.0	1	self_net_output_per_requested_position	5.379762330693675
access_only	0.0	0.0	10	access_fraction	0.008165944699196712
access_only	0.0	0.0	10	agent_holdout_rank	0.7260374296435271
access_only	0.0	0.0	10	betweenness	0.21174893095026723
access_only	0.0	0.0	10	broker_fill_rate	0.9978994110618045
access_only	0.0	0.0	10	broker_holdout_rank	0.9155521575984992
access_only	0.0	0.0	10	broker_net_output_per_requested_position	5.086132375467482
access_only	0.0	0.0	10	broker_selected_rank	0.9474797080121544
access_only	0.0	0.0	10	mean_degree	62.12739999999999
access_only	0.0	0.0	10	net_output_per_requested_position	5.105333958960639
access_only	0.0	0.0	10	outsourcing_rate	0.6049905812647427
access_only	0.0	0.0	10	q_gap	-0.047049304957707205
access_only	0.0	0.0	10	rank_gap	0.18951472795497187
access_only	0.0	0.0	10	self_fill_rate	0.9996449046535405
access_only	0.0	0.0	10	self_net_output_per_requested_position	5.134803413182098
access_only	0.0	0.0	11	access_fraction	0.007564637632318639
access_only	0.0	0.0	11	agent_holdout_rank	0.7327502814258914
access_only	0.0	0.0	11	betweenness	0.165377304806207
access_only	0.0	0.0	11	broker_fill_rate	0.9985150112085932
access_only	0.0	0.0	11	broker_holdout_rank	0.8650860225140715
access_only	0.0	0.0	11	broker_net_output_per_requested_position	5.625289271570608
access_only	0.0	0.0	11	broker_selected_rank	0.9745630346509249
access_only	0.0	0.0	11	mean_degree	58.465650000000004
access_only	0.0	0.0	11	net_output_per_requested_position	5.599577369204211
access_only	0.0	0.0	11	outsourcing_rate	0.5130476690001151
access_only	0.0	0.0	11	q_gap	0.06515086016363769
access_only	0.0	0.0	11	rank_gap	0.13233574108818014
access_only	0.0	0.0	11	self_fill_rate	0.9995044896137809
access_only	0.0	0.0	11	self_net_output_per_requested_position	5.572821884068408
access_only	0.0	0.0	12	access_fraction	0.006994982090904482
access_only	0.0	0.0	12	agent_holdout_rank	0.6947603189493433
access_only	0.0	0.0	12	betweenness	0.2048609652803079
access_only	0.0	0.0	12	broker_fill_rate	0.9985862327695593
access_only	0.0	0.0	12	broker_holdout_rank	0.9054801125703564
access_only	0.0	0.0	12	broker_net_output_per_requested_position	5.473437136461172
access_only	0.0	0.0	12	broker_selected_rank	0.9686930493927381
access_only	0.0	0.0	12	mean_degree	55.337900000000005
access_only	0.0	0.0	12	net_output_per_requested_position	5.411180587676087
access_only	0.0	0.0	12	outsourcing_rate	0.5356971174887305
access_only	0.0	0.0	12	q_gap	0.11431190566109346
access_only	0.0	0.0	12	rank_gap	0.21071979362101315
access_only	0.0	0.0	12	self_fill_rate	0.9996534745435127
access_only	0.0	0.0	12	self_net_output_per_requested_position	5.339487201107068
access_only	0.0	0.0	13	access_fraction	0.006743021842292085
access_only	0.0	0.0	13	agent_holdout_rank	0.7192070356472795
access_only	0.0	0.0	13	betweenness	0.19618994066324977
access_only	0.0	0.0	13	broker_fill_rate	0.9974817066307894
access_only	0.0	0.0	13	broker_holdout_rank	0.8190212007504691
access_only	0.0	0.0	13	broker_net_output_per_requested_position	5.662785279303336
access_only	0.0	0.0	13	broker_selected_rank	0.9725966423765389
access_only	0.0	0.0	13	mean_degree	57.355149999999995
access_only	0.0	0.0	13	net_output_per_requested_position	5.762466645638087
access_only	0.0	0.0	13	outsourcing_rate	0.5437689355661831
access_only	0.0	0.0	13	q_gap	-0.19815662215726046
access_only	0.0	0.0	13	rank_gap	0.09981416510318952
access_only	0.0	0.0	13	self_fill_rate	0.9995231922302796
access_only	0.0	0.0	13	self_net_output_per_requested_position	5.881367868859497
access_only	0.0	0.0	14	access_fraction	0.011355878322856238
access_only	0.0	0.0	14	agent_holdout_rank	0.6794468105065665
access_only	0.0	0.0	14	betweenness	0.22013511781487488
access_only	0.0	0.0	14	broker_fill_rate	0.9976831359662462
access_only	0.0	0.0	14	broker_holdout_rank	0.8197121013133207
access_only	0.0	0.0	14	broker_net_output_per_requested_position	4.665481463296192
access_only	0.0	0.0	14	broker_selected_rank	0.9063504795489262
access_only	0.0	0.0	14	mean_degree	65.70925
access_only	0.0	0.0	14	net_output_per_requested_position	4.647603046120381
access_only	0.0	0.0	14	outsourcing_rate	0.6560468613403314
access_only	0.0	0.0	14	q_gap	0.06015793795381841
access_only	0.0	0.0	14	rank_gap	0.14026529080675432
access_only	0.0	0.0	14	self_fill_rate	0.9993566521676758
access_only	0.0	0.0	14	self_net_output_per_requested_position	4.613614507486747
access_only	0.0	0.0	15	access_fraction	0.008909243702945383
access_only	0.0	0.0	15	agent_holdout_rank	0.6524864915572233
access_only	0.0	0.0	15	betweenness	0.15807636263145902
access_only	0.0	0.0	15	broker_fill_rate	0.9958576411067318
access_only	0.0	0.0	15	broker_holdout_rank	0.8599515009380863
access_only	0.0	0.0	15	broker_net_output_per_requested_position	4.842192211978643
access_only	0.0	0.0	15	broker_selected_rank	0.9267855028409681
access_only	0.0	0.0	15	mean_degree	56.85744999999999
access_only	0.0	0.0	15	net_output_per_requested_position	4.867462082033877
access_only	0.0	0.0	15	outsourcing_rate	0.46323923091370434
access_only	0.0	0.0	15	q_gap	-0.058351006206644705
access_only	0.0	0.0	15	rank_gap	0.20746500938086304
access_only	0.0	0.0	15	self_fill_rate	0.9997030486429702
access_only	0.0	0.0	15	self_net_output_per_requested_position	4.8892121409578975
access_only	0.0	0.0	16	access_fraction	0.008459256863165671
access_only	0.0	0.0	16	agent_holdout_rank	0.6703120075046906
access_only	0.0	0.0	16	betweenness	0.15217864414282412
access_only	0.0	0.0	16	broker_fill_rate	0.9969100417109965
access_only	0.0	0.0	16	broker_holdout_rank	0.8884963414634145
access_only	0.0	0.0	16	broker_net_output_per_requested_position	4.797334275321437
access_only	0.0	0.0	16	broker_selected_rank	0.9451395180399029
access_only	0.0	0.0	16	mean_degree	64.0526
access_only	0.0	0.0	16	net_output_per_requested_position	4.778886018976245
access_only	0.0	0.0	16	outsourcing_rate	0.5401917826847702
access_only	0.0	0.0	16	q_gap	0.04458059625248012
access_only	0.0	0.0	16	rank_gap	0.21818433395872402
access_only	0.0	0.0	16	self_fill_rate	0.999476686443488
access_only	0.0	0.0	16	self_net_output_per_requested_position	4.757291302725511
access_only	0.0	0.0	17	access_fraction	0.0075137052817006375
access_only	0.0	0.0	17	agent_holdout_rank	0.6758224202626641
access_only	0.0	0.0	17	betweenness	0.17396420798430517
access_only	0.0	0.0	17	broker_fill_rate	0.9979455547883246
access_only	0.0	0.0	17	broker_holdout_rank	0.8093826454033772
access_only	0.0	0.0	17	broker_net_output_per_requested_position	5.423196569867882
access_only	0.0	0.0	17	broker_selected_rank	0.9619442931718154
access_only	0.0	0.0	17	mean_degree	53.7552
access_only	0.0	0.0	17	net_output_per_requested_position	5.310439581626906
access_only	0.0	0.0	17	outsourcing_rate	0.46934452727945447
access_only	0.0	0.0	17	q_gap	0.16690325546566048
access_only	0.0	0.0	17	rank_gap	0.1335602251407129
access_only	0.0	0.0	17	self_fill_rate	0.9995827814925982
access_only	0.0	0.0	17	self_net_output_per_requested_position	5.210749240013131
access_only	0.0	0.0	18	access_fraction	0.010828882127036065
access_only	0.0	0.0	18	agent_holdout_rank	0.7308835834896812
access_only	0.0	0.0	18	betweenness	0.16949219135924265
access_only	0.0	0.0	18	broker_fill_rate	0.997555277532659
access_only	0.0	0.0	18	broker_holdout_rank	0.8903378048780487
access_only	0.0	0.0	18	broker_net_output_per_requested_position	5.123037697498104
access_only	0.0	0.0	18	broker_selected_rank	0.9521583603443423
access_only	0.0	0.0	18	mean_degree	61.43555
access_only	0.0	0.0	18	net_output_per_requested_position	5.201570217150059
access_only	0.0	0.0	18	outsourcing_rate	0.5225832005487543
access_only	0.0	0.0	18	q_gap	-0.146718739011554
access_only	0.0	0.0	18	rank_gap	0.15945422138836762
access_only	0.0	0.0	18	self_fill_rate	0.9997475545620557
access_only	0.0	0.0	18	self_net_output_per_requested_position	5.287539008363734
access_only	0.0	0.0	19	access_fraction	0.010070213129453357
access_only	0.0	0.0	19	agent_holdout_rank	0.6950993433395872
access_only	0.0	0.0	19	betweenness	0.22436080220425353
access_only	0.0	0.0	19	broker_fill_rate	0.9966508690276781
access_only	0.0	0.0	19	broker_holdout_rank	0.8821344277673546
access_only	0.0	0.0	19	broker_net_output_per_requested_position	5.043969445200674
access_only	0.0	0.0	19	broker_selected_rank	0.9296501906999873
access_only	0.0	0.0	19	mean_degree	57.91014999999999
access_only	0.0	0.0	19	net_output_per_requested_position	5.087276581263765
access_only	0.0	0.0	19	outsourcing_rate	0.6002155160450046
access_only	0.0	0.0	19	q_gap	-0.09141381457913145
access_only	0.0	0.0	19	rank_gap	0.18703508442776745
access_only	0.0	0.0	19	self_fill_rate	0.9995054729257576
access_only	0.0	0.0	19	self_net_output_per_requested_position	5.152292341853468
access_only	0.0	0.0	2	access_fraction	0.01151457356837898
access_only	0.0	0.0	2	agent_holdout_rank	0.7110868667917447
access_only	0.0	0.0	2	betweenness	0.1356480940263683
access_only	0.0	0.0	2	broker_fill_rate	0.998040541963584
access_only	0.0	0.0	2	broker_holdout_rank	0.9163194183864916
access_only	0.0	0.0	2	broker_net_output_per_requested_position	4.961497810763296
access_only	0.0	0.0	2	broker_selected_rank	0.9430811229118469
access_only	0.0	0.0	2	mean_degree	59.707950000000004
access_only	0.0	0.0	2	net_output_per_requested_position	4.976671932828493
access_only	0.0	0.0	2	outsourcing_rate	0.4380742752891586
access_only	0.0	0.0	2	q_gap	-0.013218878509739485
access_only	0.0	0.0	2	rank_gap	0.20523255159474668
access_only	0.0	0.0	2	self_fill_rate	0.9996770764864253
access_only	0.0	0.0	2	self_net_output_per_requested_position	4.988584704740997
access_only	0.0	0.0	20	access_fraction	0.00844254236955888
access_only	0.0	0.0	20	agent_holdout_rank	0.703650938086304
access_only	0.0	0.0	20	betweenness	0.20456933565967422
access_only	0.0	0.0	20	broker_fill_rate	0.9960865825291565
access_only	0.0	0.0	20	broker_holdout_rank	0.8868222326454033
access_only	0.0	0.0	20	broker_net_output_per_requested_position	5.0924787313609094
access_only	0.0	0.0	20	broker_selected_rank	0.9339732531272545
access_only	0.0	0.0	20	mean_degree	57.61775
access_only	0.0	0.0	20	net_output_per_requested_position	5.087715189660086
access_only	0.0	0.0	20	outsourcing_rate	0.5577764504717663
access_only	0.0	0.0	20	q_gap	0.017323489106616564
access_only	0.0	0.0	20	rank_gap	0.18317129455909945
access_only	0.0	0.0	20	self_fill_rate	0.9996370150935301
access_only	0.0	0.0	20	self_net_output_per_requested_position	5.0815996847730105
access_only	0.0	0.0	3	access_fraction	0.013554627020046636
access_only	0.0	0.0	3	agent_holdout_rank	0.7405200750469044
access_only	0.0	0.0	3	betweenness	0.114267403876906
access_only	0.0	0.0	3	broker_fill_rate	0.9949975821695309
access_only	0.0	0.0	3	broker_holdout_rank	0.9350256097560974
access_only	0.0	0.0	3	broker_net_output_per_requested_position	4.6832809271011575
access_only	0.0	0.0	3	broker_selected_rank	0.9247623101107522
access_only	0.0	0.0	3	mean_degree	60.18300000000001
access_only	0.0	0.0	3	net_output_per_requested_position	4.857717513515455
access_only	0.0	0.0	3	outsourcing_rate	0.35895550537229026
access_only	0.0	0.0	3	q_gap	-0.25547563371991144
access_only	0.0	0.0	3	rank_gap	0.19450553470919316
access_only	0.0	0.0	3	self_fill_rate	0.9997477984192127
access_only	0.0	0.0	3	self_net_output_per_requested_position	4.955576158375967
access_only	0.0	0.0	4	access_fraction	0.009140034887710051
access_only	0.0	0.0	4	agent_holdout_rank	0.7637917448405254
access_only	0.0	0.0	4	betweenness	0.13540894596571254
access_only	0.0	0.0	4	broker_fill_rate	0.9973415730792412
access_only	0.0	0.0	4	broker_holdout_rank	0.9327977485928705
access_only	0.0	0.0	4	broker_net_output_per_requested_position	6.039302240089887
access_only	0.0	0.0	4	broker_selected_rank	0.9608164600483008
access_only	0.0	0.0	4	mean_degree	52.1597
access_only	0.0	0.0	4	net_output_per_requested_position	5.960958922862327
access_only	0.0	0.0	4	outsourcing_rate	0.29460746576611474
access_only	0.0	0.0	4	q_gap	0.09159941928065707
access_only	0.0	0.0	4	rank_gap	0.16900600375234526
access_only	0.0	0.0	4	self_fill_rate	0.9997724487361085
access_only	0.0	0.0	4	self_net_output_per_requested_position	5.928320615052236
access_only	0.0	0.0	5	access_fraction	0.007686911060866461
access_only	0.0	0.0	5	agent_holdout_rank	0.678965947467167
access_only	0.0	0.0	5	betweenness	0.12337551356020893
access_only	0.0	0.0	5	broker_fill_rate	0.9972134667374313
access_only	0.0	0.0	5	broker_holdout_rank	0.8880365853658535
access_only	0.0	0.0	5	broker_net_output_per_requested_position	5.244932073870395
access_only	0.0	0.0	5	broker_selected_rank	0.9678248007180985
access_only	0.0	0.0	5	mean_degree	59.71740000000001
access_only	0.0	0.0	5	net_output_per_requested_position	5.227678360324169
access_only	0.0	0.0	5	outsourcing_rate	0.416031805019227
access_only	0.0	0.0	5	q_gap	0.024808424943449082
access_only	0.0	0.0	5	rank_gap	0.20907063789868668
access_only	0.0	0.0	5	self_fill_rate	0.9992813954259028
access_only	0.0	0.0	5	self_net_output_per_requested_position	5.21544034525823
access_only	0.0	0.0	6	access_fraction	0.008189344326613023
access_only	0.0	0.0	6	agent_holdout_rank	0.6993895872420263
access_only	0.0	0.0	6	betweenness	0.19376538568373264
access_only	0.0	0.0	6	broker_fill_rate	0.9962125605338571
access_only	0.0	0.0	6	broker_holdout_rank	0.8301445590994371
access_only	0.0	0.0	6	broker_net_output_per_requested_position	5.475546789716138
access_only	0.0	0.0	6	broker_selected_rank	0.9620205578437485
access_only	0.0	0.0	6	mean_degree	59.08509999999999
access_only	0.0	0.0	6	net_output_per_requested_position	5.424792236341991
access_only	0.0	0.0	6	outsourcing_rate	0.5397383024828772
access_only	0.0	0.0	6	q_gap	0.1184215623524572
access_only	0.0	0.0	6	rank_gap	0.1307549718574109
access_only	0.0	0.0	6	self_fill_rate	0.999434193133801
access_only	0.0	0.0	6	self_net_output_per_requested_position	5.365324972567235
access_only	0.0	0.0	7	access_fraction	0.009369018624211908
access_only	0.0	0.0	7	agent_holdout_rank	0.685777861163227
access_only	0.0	0.0	7	betweenness	0.14349319077687664
access_only	0.0	0.0	7	broker_fill_rate	0.998870137580931
access_only	0.0	0.0	7	broker_holdout_rank	0.8862356472795497
access_only	0.0	0.0	7	broker_net_output_per_requested_position	4.751089751592377
access_only	0.0	0.0	7	broker_selected_rank	0.9051466184065594
access_only	0.0	0.0	7	mean_degree	60.03029999999999
access_only	0.0	0.0	7	net_output_per_requested_position	4.772624247161062
access_only	0.0	0.0	7	outsourcing_rate	0.46173779102239365
access_only	0.0	0.0	7	q_gap	-0.026019543995134065
access_only	0.0	0.0	7	rank_gap	0.20045778611632273
access_only	0.0	0.0	7	self_fill_rate	0.9997365241447623
access_only	0.0	0.0	7	self_net_output_per_requested_position	4.791216391855353
access_only	0.0	0.0	8	access_fraction	0.009832671365412578
access_only	0.0	0.0	8	agent_holdout_rank	0.6720786116322701
access_only	0.0	0.0	8	betweenness	0.15125006448688372
access_only	0.0	0.0	8	broker_fill_rate	0.9985743395528506
access_only	0.0	0.0	8	broker_holdout_rank	0.9017166041275797
access_only	0.0	0.0	8	broker_net_output_per_requested_position	4.672064324937433
access_only	0.0	0.0	8	broker_selected_rank	0.9224767352780207
access_only	0.0	0.0	8	mean_degree	62.224900000000005
access_only	0.0	0.0	8	net_output_per_requested_position	4.669546803157001
access_only	0.0	0.0	8	outsourcing_rate	0.5325133123562061
access_only	0.0	0.0	8	q_gap	-0.0023585687584639194
access_only	0.0	0.0	8	rank_gap	0.22963799249530953
access_only	0.0	0.0	8	self_fill_rate	0.9996156553989632
access_only	0.0	0.0	8	self_net_output_per_requested_position	4.666569658615229
access_only	0.0	0.0	9	access_fraction	0.011560966211211495
access_only	0.0	0.0	9	agent_holdout_rank	0.716289305816135
access_only	0.0	0.0	9	betweenness	0.14394490339210536
access_only	0.0	0.0	9	broker_fill_rate	0.9965048744389012
access_only	0.0	0.0	9	broker_holdout_rank	0.8688273921200749
access_only	0.0	0.0	9	broker_net_output_per_requested_position	5.159146156318742
access_only	0.0	0.0	9	broker_selected_rank	0.9514933894195703
access_only	0.0	0.0	9	mean_degree	62.877250000000004
access_only	0.0	0.0	9	net_output_per_requested_position	5.286704780034178
access_only	0.0	0.0	9	outsourcing_rate	0.45933310056229315
access_only	0.0	0.0	9	q_gap	-0.22727966452727277
access_only	0.0	0.0	9	rank_gap	0.15253808630393992
access_only	0.0	0.0	9	self_fill_rate	0.9997064140203327
access_only	0.0	0.0	9	self_net_output_per_requested_position	5.3950734261737185
access_only	0.0	0.01	1	access_fraction	0.1081569078244999
access_only	0.0	0.01	1	agent_holdout_rank	0.6886075984990618
access_only	0.0	0.01	1	betweenness	0.5923113029784774
access_only	0.0	0.01	1	broker_fill_rate	0.9938581893105981
access_only	0.0	0.01	1	broker_holdout_rank	0.9825765478424016
access_only	0.0	0.01	1	broker_net_output_per_requested_position	5.337379897820147
access_only	0.0	0.01	1	broker_selected_rank	0.9492643738245754
access_only	0.0	0.01	1	mean_degree	28.248450000000002
access_only	0.0	0.01	1	net_output_per_requested_position	5.14644115798634
access_only	0.0	0.01	1	outsourcing_rate	0.8067042979902024
access_only	0.0	0.01	1	q_gap	0.979407422064499
access_only	0.0	0.01	1	rank_gap	0.2939689493433397
access_only	0.0	0.01	1	self_fill_rate	0.997648318992922
access_only	0.0	0.01	1	self_net_output_per_requested_position	4.349703764401073
access_only	0.0	0.01	10	access_fraction	0.10887306170582227
access_only	0.0	0.01	10	agent_holdout_rank	0.7104679174484051
access_only	0.0	0.01	10	betweenness	0.6056165907310085
access_only	0.0	0.01	10	broker_fill_rate	0.9947541904822982
access_only	0.0	0.01	10	broker_holdout_rank	0.9789993433395873
access_only	0.0	0.01	10	broker_net_output_per_requested_position	4.961766735798433
access_only	0.0	0.01	10	broker_selected_rank	0.928791178029182
access_only	0.0	0.01	10	mean_degree	30.18505
access_only	0.0	0.01	10	net_output_per_requested_position	4.81088680249796
access_only	0.0	0.01	10	outsourcing_rate	0.8274917528121026
access_only	0.0	0.01	10	q_gap	0.8595970177033557
access_only	0.0	0.01	10	rank_gap	0.26853142589118206
access_only	0.0	0.01	10	self_fill_rate	0.9972325202777241
access_only	0.0	0.01	10	self_net_output_per_requested_position	4.088099477143534
access_only	0.0	0.01	11	access_fraction	0.11260134115643719
access_only	0.0	0.01	11	agent_holdout_rank	0.7095529147004757
access_only	0.0	0.01	11	betweenness	0.5983343106509877
access_only	0.0	0.01	11	broker_fill_rate	0.9923565027574532
access_only	0.0	0.01	11	broker_holdout_rank	0.9815492428980235
access_only	0.0	0.01	11	broker_net_output_per_requested_position	5.660015333215817
access_only	0.0	0.01	11	broker_selected_rank	0.9647093324680747
access_only	0.0	0.01	11	mean_degree	28.744550000000004
access_only	0.0	0.01	11	net_output_per_requested_position	5.349645464315783
access_only	0.0	0.01	11	outsourcing_rate	0.8018888017030326
access_only	0.0	0.01	11	q_gap	1.5637131131921032
access_only	0.0	0.01	11	rank_gap	0.2719963281975478
access_only	0.0	0.01	11	self_fill_rate	0.9957445097609977
access_only	0.0	0.01	11	self_net_output_per_requested_position	4.0936057996130115
access_only	0.0	0.01	12	access_fraction	0.10557948805084179
access_only	0.0	0.01	12	agent_holdout_rank	0.6932061913696059
access_only	0.0	0.01	12	betweenness	0.6122679838605585
access_only	0.0	0.01	12	broker_fill_rate	0.9946374748860263
access_only	0.0	0.01	12	broker_holdout_rank	0.9837984052532833
access_only	0.0	0.01	12	broker_net_output_per_requested_position	5.4357697240898215
access_only	0.0	0.01	12	broker_selected_rank	0.9577329799132744
access_only	0.0	0.01	12	mean_degree	29.249599999999994
access_only	0.0	0.01	12	net_output_per_requested_position	5.224802141519264
access_only	0.0	0.01	12	outsourcing_rate	0.8157366059108139
access_only	0.0	0.01	12	q_gap	1.1618778612025507
access_only	0.0	0.01	12	rank_gap	0.29059221388367734
access_only	0.0	0.01	12	self_fill_rate	0.9968877445466988
access_only	0.0	0.01	12	self_net_output_per_requested_position	4.29131931412673
access_only	0.0	0.01	13	access_fraction	0.10927473460027845
access_only	0.0	0.01	13	agent_holdout_rank	0.7151776735459662
access_only	0.0	0.01	13	betweenness	0.6331257075901441
access_only	0.0	0.01	13	broker_fill_rate	0.99291401092285
access_only	0.0	0.01	13	broker_holdout_rank	0.9781625703564728
access_only	0.0	0.01	13	broker_net_output_per_requested_position	5.811062509743044
access_only	0.0	0.01	13	broker_selected_rank	0.958297737934178
access_only	0.0	0.01	13	mean_degree	28.800199999999997
access_only	0.0	0.01	13	net_output_per_requested_position	5.576116442475388
access_only	0.0	0.01	13	outsourcing_rate	0.8490686787961541
access_only	0.0	0.01	13	q_gap	1.5409482076665804
access_only	0.0	0.01	13	rank_gap	0.2629848968105066
access_only	0.0	0.01	13	self_fill_rate	0.9964457791451558
access_only	0.0	0.01	13	self_net_output_per_requested_position	4.256169046993419
access_only	0.0	0.01	14	access_fraction	0.11375312255882095
access_only	0.0	0.01	14	agent_holdout_rank	0.6684206378986867
access_only	0.0	0.01	14	betweenness	0.6318999989992555
access_only	0.0	0.01	14	broker_fill_rate	0.9947031096336529
access_only	0.0	0.01	14	broker_holdout_rank	0.9819258911819887
access_only	0.0	0.01	14	broker_net_output_per_requested_position	4.644889558150888
access_only	0.0	0.01	14	broker_selected_rank	0.9025226138794714
access_only	0.0	0.01	14	mean_degree	30.3159
access_only	0.0	0.01	14	net_output_per_requested_position	4.514500356542245
access_only	0.0	0.01	14	outsourcing_rate	0.8600525645284309
access_only	0.0	0.01	14	q_gap	0.9133782252055397
access_only	0.0	0.01	14	rank_gap	0.3135052532833021
access_only	0.0	0.01	14	self_fill_rate	0.9970121299528465
access_only	0.0	0.01	14	self_net_output_per_requested_position	3.7136516671310567
access_only	0.0	0.01	15	access_fraction	0.11108458113896472
access_only	0.0	0.01	15	agent_holdout_rank	0.6556894934333958
access_only	0.0	0.01	15	betweenness	0.6163141415090059
access_only	0.0	0.01	15	broker_fill_rate	0.9953355451610946
access_only	0.0	0.01	15	broker_holdout_rank	0.961071857410882
access_only	0.0	0.01	15	broker_net_output_per_requested_position	4.862588105933666
access_only	0.0	0.01	15	broker_selected_rank	0.9038913375653503
access_only	0.0	0.01	15	mean_degree	28.51355
access_only	0.0	0.01	15	net_output_per_requested_position	4.714040874734896
access_only	0.0	0.01	15	outsourcing_rate	0.809888208639895
access_only	0.0	0.01	15	q_gap	0.7574424642608166
access_only	0.0	0.01	15	rank_gap	0.3053823639774859
access_only	0.0	0.01	15	self_fill_rate	0.9968790011734494
access_only	0.0	0.01	15	self_net_output_per_requested_position	4.0812678071255775
access_only	0.0	0.01	16	access_fraction	0.11419718511635983
access_only	0.0	0.01	16	agent_holdout_rank	0.6606051594746716
access_only	0.0	0.01	16	betweenness	0.5669807299074563
access_only	0.0	0.01	16	broker_fill_rate	0.9955222930896397
access_only	0.0	0.01	16	broker_holdout_rank	0.9830815196998126
access_only	0.0	0.01	16	broker_net_output_per_requested_position	4.819317692115302
access_only	0.0	0.01	16	broker_selected_rank	0.9400009951260666
access_only	0.0	0.01	16	mean_degree	30.721749999999997
access_only	0.0	0.01	16	net_output_per_requested_position	4.607977344017451
access_only	0.0	0.01	16	outsourcing_rate	0.8027271978052994
access_only	0.0	0.01	16	q_gap	1.0486965796670358
access_only	0.0	0.01	16	rank_gap	0.3224763602251409
access_only	0.0	0.01	16	self_fill_rate	0.9978828119160301
access_only	0.0	0.01	16	self_net_output_per_requested_position	3.7486752414139763
access_only	0.0	0.01	17	access_fraction	0.1121889480905737
access_only	0.0	0.01	17	agent_holdout_rank	0.661870731707317
access_only	0.0	0.01	17	betweenness	0.6181931890063284
access_only	0.0	0.01	17	broker_fill_rate	0.9928733053611396
access_only	0.0	0.01	17	broker_holdout_rank	0.9798784240150094
access_only	0.0	0.01	17	broker_net_output_per_requested_position	5.357538207512098
access_only	0.0	0.01	17	broker_selected_rank	0.943685575738578
access_only	0.0	0.01	17	mean_degree	28.308799999999998
access_only	0.0	0.01	17	net_output_per_requested_position	5.129479664781941
access_only	0.0	0.01	17	outsourcing_rate	0.8240784226479845
access_only	0.0	0.01	17	q_gap	1.2617309025598318
access_only	0.0	0.01	17	rank_gap	0.31800769230769227
access_only	0.0	0.01	17	self_fill_rate	0.9949079403664374
access_only	0.0	0.01	17	self_net_output_per_requested_position	4.061477690293453
access_only	0.0	0.01	18	access_fraction	0.1202644017649386
access_only	0.0	0.01	18	agent_holdout_rank	0.7171757973733583
access_only	0.0	0.01	18	betweenness	0.6227317391936341
access_only	0.0	0.01	18	broker_fill_rate	0.9938344039947762
access_only	0.0	0.01	18	broker_holdout_rank	0.9859365853658535
access_only	0.0	0.01	18	broker_net_output_per_requested_position	5.315376391526064
access_only	0.0	0.01	18	broker_selected_rank	0.9407185867193902
access_only	0.0	0.01	18	mean_degree	28.962749999999993
access_only	0.0	0.01	18	net_output_per_requested_position	5.115646816504258
access_only	0.0	0.01	18	outsourcing_rate	0.8262055072031178
access_only	0.0	0.01	18	q_gap	1.1549477024450914
access_only	0.0	0.01	18	rank_gap	0.26876078799249525
access_only	0.0	0.01	18	self_fill_rate	0.997573400106344
access_only	0.0	0.01	18	self_net_output_per_requested_position	4.167307891582028
access_only	0.0	0.01	19	access_fraction	0.11172508164731361
access_only	0.0	0.01	19	agent_holdout_rank	0.6787658536585365
access_only	0.0	0.01	19	betweenness	0.6361334645158082
access_only	0.0	0.01	19	broker_fill_rate	0.9943899122767691
access_only	0.0	0.01	19	broker_holdout_rank	0.9800244840525328
access_only	0.0	0.01	19	broker_net_output_per_requested_position	5.046615753401503
access_only	0.0	0.01	19	broker_selected_rank	0.9223626682603061
access_only	0.0	0.01	19	mean_degree	28.1646
access_only	0.0	0.01	19	net_output_per_requested_position	4.911534935562587
access_only	0.0	0.01	19	outsourcing_rate	0.8523255890907049
access_only	0.0	0.01	19	q_gap	0.9056376107008581
access_only	0.0	0.01	19	rank_gap	0.30125863039399625
access_only	0.0	0.01	19	self_fill_rate	0.9974194675093739
access_only	0.0	0.01	19	self_net_output_per_requested_position	4.132211521509419
access_only	0.0	0.01	2	access_fraction	0.1087078764569939
access_only	0.0	0.01	2	agent_holdout_rank	0.692446435272045
access_only	0.0	0.01	2	betweenness	0.5843294369303408
access_only	0.0	0.01	2	broker_fill_rate	0.9950515052764054
access_only	0.0	0.01	2	broker_holdout_rank	0.9817991557223265
access_only	0.0	0.01	2	broker_net_output_per_requested_position	5.005110118625651
access_only	0.0	0.01	2	broker_selected_rank	0.931062170183871
access_only	0.0	0.01	2	mean_degree	28.335799999999995
access_only	0.0	0.01	2	net_output_per_requested_position	4.817405160603613
access_only	0.0	0.01	2	outsourcing_rate	0.7761551841643415
access_only	0.0	0.01	2	q_gap	0.8260835237481728
access_only	0.0	0.01	2	rank_gap	0.2893527204502815
access_only	0.0	0.01	2	self_fill_rate	0.9982194612816233
access_only	0.0	0.01	2	self_net_output_per_requested_position	4.166711692784758
access_only	0.0	0.01	20	access_fraction	0.10357517586670595
access_only	0.0	0.01	20	agent_holdout_rank	0.6721466228893059
access_only	0.0	0.01	20	betweenness	0.5987723937092964
access_only	0.0	0.01	20	broker_fill_rate	0.9924700264778279
access_only	0.0	0.01	20	broker_holdout_rank	0.9797218574108817
access_only	0.0	0.01	20	broker_net_output_per_requested_position	5.01925106625775
access_only	0.0	0.01	20	broker_selected_rank	0.9153326285357428
access_only	0.0	0.01	20	mean_degree	28.629549999999995
access_only	0.0	0.01	20	net_output_per_requested_position	4.846207406535025
access_only	0.0	0.01	20	outsourcing_rate	0.7923466598803544
access_only	0.0	0.01	20	q_gap	0.8371214024477579
access_only	0.0	0.01	20	rank_gap	0.307575234521576
access_only	0.0	0.01	20	self_fill_rate	0.9945785940574767
access_only	0.0	0.01	20	self_net_output_per_requested_position	4.186458640263601
access_only	0.0	0.01	3	access_fraction	0.11655567786704657
access_only	0.0	0.01	3	agent_holdout_rank	0.7369897748592871
access_only	0.0	0.01	3	betweenness	0.605208609615334
access_only	0.0	0.01	3	broker_fill_rate	0.996538594008521
access_only	0.0	0.01	3	broker_holdout_rank	0.98418330206379
access_only	0.0	0.01	3	broker_net_output_per_requested_position	4.907094973404446
access_only	0.0	0.01	3	broker_selected_rank	0.9236329537054775
access_only	0.0	0.01	3	mean_degree	29.381700000000002
access_only	0.0	0.01	3	net_output_per_requested_position	4.767714628612039
access_only	0.0	0.01	3	outsourcing_rate	0.8085733804602958
access_only	0.0	0.01	3	q_gap	0.7184756175057355
access_only	0.0	0.01	3	rank_gap	0.24719352720450286
access_only	0.0	0.01	3	self_fill_rate	0.9988631882509473
access_only	0.0	0.01	3	self_net_output_per_requested_position	4.17977505699262
access_only	0.0	0.01	4	access_fraction	0.11003559364123985
access_only	0.0	0.01	4	agent_holdout_rank	0.7431474671669792
access_only	0.0	0.01	4	betweenness	0.6153957412332478
access_only	0.0	0.01	4	broker_fill_rate	0.9928932988450544
access_only	0.0	0.01	4	broker_holdout_rank	0.9591810506566605
access_only	0.0	0.01	4	broker_net_output_per_requested_position	5.925675142893799
access_only	0.0	0.01	4	broker_selected_rank	0.9190925888797981
access_only	0.0	0.01	4	mean_degree	26.509499999999996
access_only	0.0	0.01	4	net_output_per_requested_position	5.7314575049510585
access_only	0.0	0.01	4	outsourcing_rate	0.758042458734759
access_only	0.0	0.01	4	q_gap	0.7917906827498224
access_only	0.0	0.01	4	rank_gap	0.21603358348968107
access_only	0.0	0.01	4	self_fill_rate	0.9959329370781498
access_only	0.0	0.01	4	self_net_output_per_requested_position	5.123022075089223
access_only	0.0	0.01	5	access_fraction	0.11100430867761643
access_only	0.0	0.01	5	agent_holdout_rank	0.6779860225140713
access_only	0.0	0.01	5	betweenness	0.5536746625543698
access_only	0.0	0.01	5	broker_fill_rate	0.9950856914033303
access_only	0.0	0.01	5	broker_holdout_rank	0.9758667917448406
access_only	0.0	0.01	5	broker_net_output_per_requested_position	5.405109505973607
access_only	0.0	0.01	5	broker_selected_rank	0.9632320022110031
access_only	0.0	0.01	5	mean_degree	31.1743
access_only	0.0	0.01	5	net_output_per_requested_position	5.1401362627020735
access_only	0.0	0.01	5	outsourcing_rate	0.8025448316262433
access_only	0.0	0.01	5	q_gap	1.3250687302228956
access_only	0.0	0.01	5	rank_gap	0.2978807692307693
access_only	0.0	0.01	5	self_fill_rate	0.998578822950571
access_only	0.0	0.01	5	self_net_output_per_requested_position	4.063263566272007
access_only	0.0	0.01	6	access_fraction	0.12151067173852947
access_only	0.0	0.01	6	agent_holdout_rank	0.6772118198874296
access_only	0.0	0.01	6	betweenness	0.6385644357444104
access_only	0.0	0.01	6	broker_fill_rate	0.9935416968510872
access_only	0.0	0.01	6	broker_holdout_rank	0.9841514071294559
access_only	0.0	0.01	6	broker_net_output_per_requested_position	5.358375151758683
access_only	0.0	0.01	6	broker_selected_rank	0.9466252894909
access_only	0.0	0.01	6	mean_degree	28.86965
access_only	0.0	0.01	6	net_output_per_requested_position	5.171581676140634
access_only	0.0	0.01	6	outsourcing_rate	0.8393184540729438
access_only	0.0	0.01	6	q_gap	1.1259205803042573
access_only	0.0	0.01	6	rank_gap	0.3069395872420263
access_only	0.0	0.01	6	self_fill_rate	0.9953306863580125
access_only	0.0	0.01	6	self_net_output_per_requested_position	4.197461640045584
access_only	0.0	0.01	7	access_fraction	0.1287981484740724
access_only	0.0	0.01	7	agent_holdout_rank	0.6661649155722327
access_only	0.0	0.01	7	betweenness	0.5915956337126745
access_only	0.0	0.01	7	broker_fill_rate	0.9942316116760839
access_only	0.0	0.01	7	broker_holdout_rank	0.9798198874296433
access_only	0.0	0.01	7	broker_net_output_per_requested_position	4.724816108788259
access_only	0.0	0.01	7	broker_selected_rank	0.906179685543257
access_only	0.0	0.01	7	mean_degree	28.035000000000004
access_only	0.0	0.01	7	net_output_per_requested_position	4.592452617636874
access_only	0.0	0.01	7	outsourcing_rate	0.7970580574563634
access_only	0.0	0.01	7	q_gap	0.6312059467203495
access_only	0.0	0.01	7	rank_gap	0.31365497185741087
access_only	0.0	0.01	7	self_fill_rate	0.9966403341064108
access_only	0.0	0.01	7	self_net_output_per_requested_position	4.073187653198578
access_only	0.0	0.01	8	access_fraction	0.11469659709739559
access_only	0.0	0.01	8	agent_holdout_rank	0.6482518534311217
access_only	0.0	0.01	8	betweenness	0.5859424614267075
access_only	0.0	0.01	8	broker_fill_rate	0.9950788168117004
access_only	0.0	0.01	8	broker_holdout_rank	0.9773778791669034
access_only	0.0	0.01	8	broker_net_output_per_requested_position	4.625502929975316
access_only	0.0	0.01	8	broker_selected_rank	0.9259733297008135
access_only	0.0	0.01	8	mean_degree	29.5602
access_only	0.0	0.01	8	net_output_per_requested_position	4.476248039503815
access_only	0.0	0.01	8	outsourcing_rate	0.8139456523358998
access_only	0.0	0.01	8	q_gap	0.7812859960646181
access_only	0.0	0.01	8	rank_gap	0.3291260257357818
access_only	0.0	0.01	8	self_fill_rate	0.9961695447807687
access_only	0.0	0.01	8	self_net_output_per_requested_position	3.823660421925041
access_only	0.0	0.01	9	access_fraction	0.12658137212981535
access_only	0.0	0.01	9	agent_holdout_rank	0.7098961538461539
access_only	0.0	0.01	9	betweenness	0.586473346744394
access_only	0.0	0.01	9	broker_fill_rate	0.9937854124299049
access_only	0.0	0.01	9	broker_holdout_rank	0.9808313320825517
access_only	0.0	0.01	9	broker_net_output_per_requested_position	5.261339753128356
access_only	0.0	0.01	9	broker_selected_rank	0.9477411451845095
access_only	0.0	0.01	9	mean_degree	28.65475
access_only	0.0	0.01	9	net_output_per_requested_position	5.065105040574948
access_only	0.0	0.01	9	outsourcing_rate	0.7775507103093258
access_only	0.0	0.01	9	q_gap	0.8692986150454006
access_only	0.0	0.01	9	rank_gap	0.27093517823639773
access_only	0.0	0.01	9	self_fill_rate	0.9972220419549641
access_only	0.0	0.01	9	self_net_output_per_requested_position	4.379597651578024
access_only	0.0	0.03	1	access_fraction	0.23603304818235377
access_only	0.0	0.03	1	agent_holdout_rank	0.704643808630394
access_only	0.0	0.03	1	betweenness	0.7770487419775998
access_only	0.0	0.03	1	broker_fill_rate	0.9928665515189505
access_only	0.0	0.03	1	broker_holdout_rank	0.985161444652908
access_only	0.0	0.03	1	broker_net_output_per_requested_position	5.131265182229195
access_only	0.0	0.03	1	broker_selected_rank	0.9423710902794555
access_only	0.0	0.03	1	mean_degree	22.72735
access_only	0.0	0.03	1	net_output_per_requested_position	5.0482345376187165
access_only	0.0	0.03	1	outsourcing_rate	0.9461127505918598
access_only	0.0	0.03	1	q_gap	1.5282230654414195
access_only	0.0	0.03	1	rank_gap	0.280517636022514
access_only	0.0	0.03	1	self_fill_rate	0.9969733662587075
access_only	0.0	0.03	1	self_net_output_per_requested_position	3.590008497803052
access_only	0.0	0.03	10	access_fraction	0.24210803519556334
access_only	0.0	0.03	10	agent_holdout_rank	0.7122170731707318
access_only	0.0	0.03	10	betweenness	0.7717873872965728
access_only	0.0	0.03	10	broker_fill_rate	0.9942273737206442
access_only	0.0	0.03	10	broker_holdout_rank	0.9885599437148217
access_only	0.0	0.03	10	broker_net_output_per_requested_position	4.7144935273668365
access_only	0.0	0.03	10	broker_selected_rank	0.9204098319274188
access_only	0.0	0.03	10	mean_degree	22.697550000000003
access_only	0.0	0.03	10	net_output_per_requested_position	4.655749264019675
access_only	0.0	0.03	10	outsourcing_rate	0.9520687161746639
access_only	0.0	0.03	10	q_gap	1.2089973925518784
access_only	0.0	0.03	10	rank_gap	0.2763428705440899
access_only	0.0	0.03	10	self_fill_rate	0.99758591157007
access_only	0.0	0.03	10	self_net_output_per_requested_position	3.488937610226025
access_only	0.0	0.03	11	access_fraction	0.24443848453913244
access_only	0.0	0.03	11	agent_holdout_rank	0.7207224809066273
access_only	0.0	0.03	11	betweenness	0.7576799404389034
access_only	0.0	0.03	11	broker_fill_rate	0.9922918827372456
access_only	0.0	0.03	11	broker_holdout_rank	0.9855338450167718
access_only	0.0	0.03	11	broker_net_output_per_requested_position	5.260559789089063
access_only	0.0	0.03	11	broker_selected_rank	0.9472722489964271
access_only	0.0	0.03	11	mean_degree	22.616799999999998
access_only	0.0	0.03	11	net_output_per_requested_position	5.155626696936129
access_only	0.0	0.03	11	outsourcing_rate	0.9382896960411836
access_only	0.0	0.03	11	q_gap	1.6957865835531867
access_only	0.0	0.03	11	rank_gap	0.2648113641101446
access_only	0.0	0.03	11	self_fill_rate	0.9981821904849386
access_only	0.0	0.03	11	self_net_output_per_requested_position	3.5624028158356795
access_only	0.0	0.03	12	access_fraction	0.24949239142346213
access_only	0.0	0.03	12	agent_holdout_rank	0.6681959662288931
access_only	0.0	0.03	12	betweenness	0.7479416725928445
access_only	0.0	0.03	12	broker_fill_rate	0.9942697043824683
access_only	0.0	0.03	12	broker_holdout_rank	0.9836080675422139
access_only	0.0	0.03	12	broker_net_output_per_requested_position	5.138537920414191
access_only	0.0	0.03	12	broker_selected_rank	0.94988210589473
access_only	0.0	0.03	12	mean_degree	22.3735
access_only	0.0	0.03	12	net_output_per_requested_position	5.027844195562926
access_only	0.0	0.03	12	outsourcing_rate	0.9073757242378762
access_only	0.0	0.03	12	q_gap	1.2033001152688214
access_only	0.0	0.03	12	rank_gap	0.3154121013133207
access_only	0.0	0.03	12	self_fill_rate	0.9990940832267621
access_only	0.0	0.03	12	self_net_output_per_requested_position	3.9430501077967173
access_only	0.0	0.03	13	access_fraction	0.22634036738414828
access_only	0.0	0.03	13	agent_holdout_rank	0.7151123344135539
access_only	0.0	0.03	13	betweenness	0.7622786182685731
access_only	0.0	0.03	13	broker_fill_rate	0.9927074835725704
access_only	0.0	0.03	13	broker_holdout_rank	0.9864799751738778
access_only	0.0	0.03	13	broker_net_output_per_requested_position	5.547196670600204
access_only	0.0	0.03	13	broker_selected_rank	0.9509636976408192
access_only	0.0	0.03	13	mean_degree	22.0485
access_only	0.0	0.03	13	net_output_per_requested_position	5.407637800013681
access_only	0.0	0.03	13	outsourcing_rate	0.919627884235316
access_only	0.0	0.03	13	q_gap	1.7179074645799048
access_only	0.0	0.03	13	rank_gap	0.27136764076032366
access_only	0.0	0.03	13	self_fill_rate	0.996769339545194
access_only	0.0	0.03	13	self_net_output_per_requested_position	3.8123020659547633
access_only	0.0	0.03	14	access_fraction	0.23938935928319638
access_only	0.0	0.03	14	agent_holdout_rank	0.6826310658176512
access_only	0.0	0.03	14	betweenness	0.7551537397950747
access_only	0.0	0.03	14	broker_fill_rate	0.9952622061249
access_only	0.0	0.03	14	broker_holdout_rank	0.9862823971421533
access_only	0.0	0.03	14	broker_net_output_per_requested_position	4.445421788750244
access_only	0.0	0.03	14	broker_selected_rank	0.8975599433486267
access_only	0.0	0.03	14	mean_degree	23.3178
access_only	0.0	0.03	14	net_output_per_requested_position	4.385068049355953
access_only	0.0	0.03	14	outsourcing_rate	0.9340180650185882
access_only	0.0	0.03	14	q_gap	0.8809909348306688
access_only	0.0	0.03	14	rank_gap	0.30365133132450206
access_only	0.0	0.03	14	self_fill_rate	0.9980176523110729
access_only	0.0	0.03	14	self_net_output_per_requested_position	3.533695885747336
access_only	0.0	0.03	15	access_fraction	0.22265750852061994
access_only	0.0	0.03	15	agent_holdout_rank	0.6587958724202627
access_only	0.0	0.03	15	betweenness	0.7620987758312519
access_only	0.0	0.03	15	broker_fill_rate	0.9952156288537614
access_only	0.0	0.03	15	broker_holdout_rank	0.9792083489681053
access_only	0.0	0.03	15	broker_net_output_per_requested_position	4.650952441905304
access_only	0.0	0.03	15	broker_selected_rank	0.8984696220399038
access_only	0.0	0.03	15	mean_degree	22.907149999999998
access_only	0.0	0.03	15	net_output_per_requested_position	4.582458162149388
access_only	0.0	0.03	15	outsourcing_rate	0.9178818934218947
access_only	0.0	0.03	15	q_gap	0.8040930356084119
access_only	0.0	0.03	15	rank_gap	0.32041247654784255
access_only	0.0	0.03	15	self_fill_rate	0.9978459279010261
access_only	0.0	0.03	15	self_net_output_per_requested_position	3.818717889559315
access_only	0.0	0.03	16	access_fraction	0.25440352216859896
access_only	0.0	0.03	16	agent_holdout_rank	0.6625190431519699
access_only	0.0	0.03	16	betweenness	0.7136631413239137
access_only	0.0	0.03	16	broker_fill_rate	0.9957217838151807
access_only	0.0	0.03	16	broker_holdout_rank	0.9849943714821763
access_only	0.0	0.03	16	broker_net_output_per_requested_position	4.559508016353297
access_only	0.0	0.03	16	broker_selected_rank	0.9290330298643162
access_only	0.0	0.03	16	mean_degree	22.9309
access_only	0.0	0.03	16	net_output_per_requested_position	4.45466739052369
access_only	0.0	0.03	16	outsourcing_rate	0.8961112019528636
access_only	0.0	0.03	16	q_gap	0.9826350963411526
access_only	0.0	0.03	16	rank_gap	0.3224753283302065
access_only	0.0	0.03	16	self_fill_rate	0.9984831113400198
access_only	0.0	0.03	16	self_net_output_per_requested_position	3.5491561315134654
access_only	0.0	0.03	17	access_fraction	0.23363835714699926
access_only	0.0	0.03	17	agent_holdout_rank	0.6803516885553471
access_only	0.0	0.03	17	betweenness	0.7684431478324052
access_only	0.0	0.03	17	broker_fill_rate	0.99475670230576
access_only	0.0	0.03	17	broker_holdout_rank	0.9798513133208256
access_only	0.0	0.03	17	broker_net_output_per_requested_position	5.0471570936122045
access_only	0.0	0.03	17	broker_selected_rank	0.930974354021658
access_only	0.0	0.03	17	mean_degree	22.46425
access_only	0.0	0.03	17	net_output_per_requested_position	4.942788081461481
access_only	0.0	0.03	17	outsourcing_rate	0.9246087431173764
access_only	0.0	0.03	17	q_gap	1.3465042422771847
access_only	0.0	0.03	17	rank_gap	0.2994996247654785
access_only	0.0	0.03	17	self_fill_rate	0.9989415490992011
access_only	0.0	0.03	17	self_net_output_per_requested_position	3.665175790656094
access_only	0.0	0.03	18	access_fraction	0.23881851660929096
access_only	0.0	0.03	18	agent_holdout_rank	0.7089775797373358
access_only	0.0	0.03	18	betweenness	0.7278856500504206
access_only	0.0	0.03	18	broker_fill_rate	0.9943233888346269
access_only	0.0	0.03	18	broker_holdout_rank	0.9862431519699812
access_only	0.0	0.03	18	broker_net_output_per_requested_position	5.0821706946948595
access_only	0.0	0.03	18	broker_selected_rank	0.9423148800369837
access_only	0.0	0.03	18	mean_degree	22.13595
access_only	0.0	0.03	18	net_output_per_requested_position	4.967927692632807
access_only	0.0	0.03	18	outsourcing_rate	0.8881684433149788
access_only	0.0	0.03	18	q_gap	1.0211581240465937
access_only	0.0	0.03	18	rank_gap	0.2772655722326456
access_only	0.0	0.03	18	self_fill_rate	0.9982085148121402
access_only	0.0	0.03	18	self_net_output_per_requested_position	4.062193151311383
access_only	0.0	0.03	19	access_fraction	0.23015741517336957
access_only	0.0	0.03	19	agent_holdout_rank	0.6908642589118199
access_only	0.0	0.03	19	betweenness	0.7680374653083435
access_only	0.0	0.03	19	broker_fill_rate	0.9942362181211296
access_only	0.0	0.03	19	broker_holdout_rank	0.9868104127579738
access_only	0.0	0.03	19	broker_net_output_per_requested_position	4.776507093912548
access_only	0.0	0.03	19	broker_selected_rank	0.9044547777538121
access_only	0.0	0.03	19	mean_degree	21.891699999999997
access_only	0.0	0.03	19	net_output_per_requested_position	4.7040277514770406
access_only	0.0	0.03	19	outsourcing_rate	0.9284940280957489
access_only	0.0	0.03	19	q_gap	1.0063716654722292
access_only	0.0	0.03	19	rank_gap	0.29594615384615386
access_only	0.0	0.03	19	self_fill_rate	0.9983544747482311
access_only	0.0	0.03	19	self_net_output_per_requested_position	3.76472220530065
access_only	0.0	0.03	2	access_fraction	0.23389108465453062
access_only	0.0	0.03	2	agent_holdout_rank	0.7036457786116322
access_only	0.0	0.03	2	betweenness	0.7565503168530039
access_only	0.0	0.03	2	broker_fill_rate	0.9943159412832795
access_only	0.0	0.03	2	broker_holdout_rank	0.9885787992495307
access_only	0.0	0.03	2	broker_net_output_per_requested_position	4.804551509328418
access_only	0.0	0.03	2	broker_selected_rank	0.9308861726602957
access_only	0.0	0.03	2	mean_degree	22.353199999999998
access_only	0.0	0.03	2	net_output_per_requested_position	4.6995115159525325
access_only	0.0	0.03	2	outsourcing_rate	0.9128040666004708
access_only	0.0	0.03	2	q_gap	1.1939081418986839
access_only	0.0	0.03	2	rank_gap	0.28493302063789866
access_only	0.0	0.03	2	self_fill_rate	0.9990712752746461
access_only	0.0	0.03	2	self_net_output_per_requested_position	3.6028000731826877
access_only	0.0	0.03	20	access_fraction	0.228488697548228
access_only	0.0	0.03	20	agent_holdout_rank	0.6833324577861164
access_only	0.0	0.03	20	betweenness	0.7654667818374086
access_only	0.0	0.03	20	broker_fill_rate	0.9935763814149864
access_only	0.0	0.03	20	broker_holdout_rank	0.9863830206378987
access_only	0.0	0.03	20	broker_net_output_per_requested_position	4.8268323121563785
access_only	0.0	0.03	20	broker_selected_rank	0.9088817061525365
access_only	0.0	0.03	20	mean_degree	21.958
access_only	0.0	0.03	20	net_output_per_requested_position	4.7346067970249734
access_only	0.0	0.03	20	outsourcing_rate	0.9112474557336236
access_only	0.0	0.03	20	q_gap	1.0134170671943177
access_only	0.0	0.03	20	rank_gap	0.30305056285178233
access_only	0.0	0.03	20	self_fill_rate	0.9984191594010247
access_only	0.0	0.03	20	self_net_output_per_requested_position	3.7903057952859442
access_only	0.0	0.03	3	access_fraction	0.24287434784291642
access_only	0.0	0.03	3	agent_holdout_rank	0.7421486866791744
access_only	0.0	0.03	3	betweenness	0.7509297858199366
access_only	0.0	0.03	3	broker_fill_rate	0.9956145112138021
access_only	0.0	0.03	3	broker_holdout_rank	0.9888620075046903
access_only	0.0	0.03	3	broker_net_output_per_requested_position	4.606994423134412
access_only	0.0	0.03	3	broker_selected_rank	0.9147424745414382
access_only	0.0	0.03	3	mean_degree	22.530749999999998
access_only	0.0	0.03	3	net_output_per_requested_position	4.518688638654553
access_only	0.0	0.03	3	outsourcing_rate	0.9050433480831753
access_only	0.0	0.03	3	q_gap	0.9115183585188538
access_only	0.0	0.03	3	rank_gap	0.24671332082551603
access_only	0.0	0.03	3	self_fill_rate	0.9991440963174624
access_only	0.0	0.03	3	self_net_output_per_requested_position	3.67814481658696
access_only	0.0	0.03	4	access_fraction	0.23041736930256387
access_only	0.0	0.03	4	agent_holdout_rank	0.7638023452157598
access_only	0.0	0.03	4	betweenness	0.7432250537231107
access_only	0.0	0.03	4	broker_fill_rate	0.9903265385004175
access_only	0.0	0.03	4	broker_holdout_rank	0.9918383677298312
access_only	0.0	0.03	4	broker_net_output_per_requested_position	5.664552504546722
access_only	0.0	0.03	4	broker_selected_rank	0.9162984293372259
access_only	0.0	0.03	4	mean_degree	20.68555
access_only	0.0	0.03	4	net_output_per_requested_position	5.543441055916686
access_only	0.0	0.03	4	outsourcing_rate	0.8369668357567264
access_only	0.0	0.03	4	q_gap	0.7276408921271719
access_only	0.0	0.03	4	rank_gap	0.22803602251407123
access_only	0.0	0.03	4	self_fill_rate	0.9964436585136992
access_only	0.0	0.03	4	self_net_output_per_requested_position	4.922745779331484
access_only	0.0	0.03	5	access_fraction	0.2447119628546764
access_only	0.0	0.03	5	agent_holdout_rank	0.6666805816135085
access_only	0.0	0.03	5	betweenness	0.7218806880384728
access_only	0.0	0.03	5	broker_fill_rate	0.9946280584067955
access_only	0.0	0.03	5	broker_holdout_rank	0.9797307692307692
access_only	0.0	0.03	5	broker_net_output_per_requested_position	5.064651676807375
access_only	0.0	0.03	5	broker_selected_rank	0.9491970159897356
access_only	0.0	0.03	5	mean_degree	22.757700000000003
access_only	0.0	0.03	5	net_output_per_requested_position	4.898198014400595
access_only	0.0	0.03	5	outsourcing_rate	0.885623228398528
access_only	0.0	0.03	5	q_gap	1.4393376327891736
access_only	0.0	0.03	5	rank_gap	0.3130501876172608
access_only	0.0	0.03	5	self_fill_rate	0.9989551020876031
access_only	0.0	0.03	5	self_net_output_per_requested_position	3.6104127867897056
access_only	0.0	0.03	6	access_fraction	0.23813475612774124
access_only	0.0	0.03	6	agent_holdout_rank	0.6865727016885552
access_only	0.0	0.03	6	betweenness	0.7509833519972176
access_only	0.0	0.03	6	broker_fill_rate	0.9928983906049081
access_only	0.0	0.03	6	broker_holdout_rank	0.9868196060037526
access_only	0.0	0.03	6	broker_net_output_per_requested_position	5.140568577157415
access_only	0.0	0.03	6	broker_selected_rank	0.9387848704139836
access_only	0.0	0.03	6	mean_degree	22.42475
access_only	0.0	0.03	6	net_output_per_requested_position	5.03267905509505
access_only	0.0	0.03	6	outsourcing_rate	0.9055616756132816
access_only	0.0	0.03	6	q_gap	1.1065758026840853
access_only	0.0	0.03	6	rank_gap	0.3002469043151973
access_only	0.0	0.03	6	self_fill_rate	0.9971394142810702
access_only	0.0	0.03	6	self_net_output_per_requested_position	3.9988839022866847
access_only	0.0	0.03	7	access_fraction	0.23071629072271255
access_only	0.0	0.03	7	agent_holdout_rank	0.6638656660412758
access_only	0.0	0.03	7	betweenness	0.7432014699597396
access_only	0.0	0.03	7	broker_fill_rate	0.9951984331938301
access_only	0.0	0.03	7	broker_holdout_rank	0.9859989681050658
access_only	0.0	0.03	7	broker_net_output_per_requested_position	4.539845679642919
access_only	0.0	0.03	7	broker_selected_rank	0.9121169384051173
access_only	0.0	0.03	7	mean_degree	22.72115
access_only	0.0	0.03	7	net_output_per_requested_position	4.458296699369734
access_only	0.0	0.03	7	outsourcing_rate	0.9099079744971288
access_only	0.0	0.03	7	q_gap	0.8696680584808731
access_only	0.0	0.03	7	rank_gap	0.32213330206378993
access_only	0.0	0.03	7	self_fill_rate	0.9975322735403139
access_only	0.0	0.03	7	self_net_output_per_requested_position	3.636391930506444
access_only	0.0	0.03	8	access_fraction	0.23824803104830578
access_only	0.0	0.03	8	agent_holdout_rank	0.6587182244584684
access_only	0.0	0.03	8	betweenness	0.750710933928753
access_only	0.0	0.03	8	broker_fill_rate	0.9958533345170741
access_only	0.0	0.03	8	broker_holdout_rank	0.9842766388083461
access_only	0.0	0.03	8	broker_net_output_per_requested_position	4.455539516687371
access_only	0.0	0.03	8	broker_selected_rank	0.9099124162506277
access_only	0.0	0.03	8	mean_degree	23.341549999999998
access_only	0.0	0.03	8	net_output_per_requested_position	4.369493447382341
access_only	0.0	0.03	8	outsourcing_rate	0.9201207836697801
access_only	0.0	0.03	8	q_gap	1.037448060061992
access_only	0.0	0.03	8	rank_gap	0.3255584143498779
access_only	0.0	0.03	8	self_fill_rate	0.9982156867661185
access_only	0.0	0.03	8	self_net_output_per_requested_position	3.3799869055646115
access_only	0.0	0.03	9	access_fraction	0.2369119488573138
access_only	0.0	0.03	9	agent_holdout_rank	0.7008982176360224
access_only	0.0	0.03	9	betweenness	0.7596783213548346
access_only	0.0	0.03	9	broker_fill_rate	0.9943970176112034
access_only	0.0	0.03	9	broker_holdout_rank	0.9871199812382739
access_only	0.0	0.03	9	broker_net_output_per_requested_position	5.075494097536445
access_only	0.0	0.03	9	broker_selected_rank	0.9300843885919605
access_only	0.0	0.03	9	mean_degree	22.339850000000002
access_only	0.0	0.03	9	net_output_per_requested_position	4.958980630861789
access_only	0.0	0.03	9	outsourcing_rate	0.9050952314255879
access_only	0.0	0.03	9	q_gap	1.2187315196326638
access_only	0.0	0.03	9	rank_gap	0.2862217636022514
access_only	0.0	0.03	9	self_fill_rate	0.9981172559077777
access_only	0.0	0.03	9	self_net_output_per_requested_position	3.8493505104649968
access_only	0.5	0.0	1	access_fraction	0.012412636117642168
access_only	0.5	0.0	1	agent_holdout_rank	0.7144413696060038
access_only	0.5	0.0	1	betweenness	0.14468327297924705
access_only	0.5	0.0	1	broker_fill_rate	0.9963795056146882
access_only	0.5	0.0	1	broker_holdout_rank	0.9397891181988743
access_only	0.5	0.0	1	broker_net_output_per_requested_position	4.408190445627981
access_only	0.5	0.0	1	broker_selected_rank	0.9455564635290312
access_only	0.5	0.0	1	mean_degree	65.44605
access_only	0.5	0.0	1	net_output_per_requested_position	4.840492658626078
access_only	0.5	0.0	1	outsourcing_rate	0.5044146315546094
access_only	0.5	0.0	1	q_gap	-0.8613774003298701
access_only	0.5	0.0	1	rank_gap	0.22534774859287038
access_only	0.5	0.0	1	self_fill_rate	0.9994719415551352
access_only	0.5	0.0	1	self_net_output_per_requested_position	5.280671745173412
access_only	0.5	0.0	10	access_fraction	0.009919291973540474
access_only	0.5	0.0	10	agent_holdout_rank	0.7214321763602252
access_only	0.5	0.0	10	betweenness	0.10699680560300492
access_only	0.5	0.0	10	broker_fill_rate	0.9925718358559573
access_only	0.5	0.0	10	broker_holdout_rank	0.953588367729831
access_only	0.5	0.0	10	broker_net_output_per_requested_position	4.1161077853112555
access_only	0.5	0.0	10	broker_selected_rank	0.9490726744470157
access_only	0.5	0.0	10	mean_degree	75.28169999999999
access_only	0.5	0.0	10	net_output_per_requested_position	4.648222066220815
access_only	0.5	0.0	10	outsourcing_rate	0.4742323708588553
access_only	0.5	0.0	10	q_gap	-0.9659170249196999
access_only	0.5	0.0	10	rank_gap	0.2321561913696059
access_only	0.5	0.0	10	self_fill_rate	0.9996207998912192
access_only	0.5	0.0	10	self_net_output_per_requested_position	5.128307897493094
access_only	0.5	0.0	11	access_fraction	0.016391970523901747
access_only	0.5	0.0	11	agent_holdout_rank	0.7338448405253283
access_only	0.5	0.0	11	betweenness	0.1400256238627558
access_only	0.5	0.0	11	broker_fill_rate	0.9941403115037302
access_only	0.5	0.0	11	broker_holdout_rank	0.9177725140712945
access_only	0.5	0.0	11	broker_net_output_per_requested_position	4.547906046404809
access_only	0.5	0.0	11	broker_selected_rank	0.954760097012082
access_only	0.5	0.0	11	mean_degree	67.12245
access_only	0.5	0.0	11	net_output_per_requested_position	4.927915369115451
access_only	0.5	0.0	11	outsourcing_rate	0.4846091070264113
access_only	0.5	0.0	11	q_gap	-0.7031018107474568
access_only	0.5	0.0	11	rank_gap	0.18392767354596617
access_only	0.5	0.0	11	self_fill_rate	0.9996490594914084
access_only	0.5	0.0	11	self_net_output_per_requested_position	5.285375985075788
access_only	0.5	0.0	12	access_fraction	0.01058305005160383
access_only	0.5	0.0	12	agent_holdout_rank	0.6737477485928706
access_only	0.5	0.0	12	betweenness	0.1748407667041209
access_only	0.5	0.0	12	broker_fill_rate	0.9980229931800502
access_only	0.5	0.0	12	broker_holdout_rank	0.8403036585365852
access_only	0.5	0.0	12	broker_net_output_per_requested_position	4.443068842637558
access_only	0.5	0.0	12	broker_selected_rank	0.947294972238411
access_only	0.5	0.0	12	mean_degree	63.15095
access_only	0.5	0.0	12	net_output_per_requested_position	4.8081348073427765
access_only	0.5	0.0	12	outsourcing_rate	0.5590644229872754
access_only	0.5	0.0	12	q_gap	-0.8119910129667927
access_only	0.5	0.0	12	rank_gap	0.16655590994371475
access_only	0.5	0.0	12	self_fill_rate	0.9997721245588057
access_only	0.5	0.0	12	self_net_output_per_requested_position	5.270822214118605
access_only	0.5	0.0	13	access_fraction	0.010371285186171836
access_only	0.5	0.0	13	agent_holdout_rank	0.7154955909943714
access_only	0.5	0.0	13	betweenness	0.1536755550611639
access_only	0.5	0.0	13	broker_fill_rate	0.9956275538671921
access_only	0.5	0.0	13	broker_holdout_rank	0.8237385553470921
access_only	0.5	0.0	13	broker_net_output_per_requested_position	4.584987128050506
access_only	0.5	0.0	13	broker_selected_rank	0.9566649918870596
access_only	0.5	0.0	13	mean_degree	63.04214999999999
access_only	0.5	0.0	13	net_output_per_requested_position	5.07081194050245
access_only	0.5	0.0	13	outsourcing_rate	0.5130923811166441
access_only	0.5	0.0	13	q_gap	-0.992023364497833
access_only	0.5	0.0	13	rank_gap	0.10824296435272049
access_only	0.5	0.0	13	self_fill_rate	0.9997939619007417
access_only	0.5	0.0	13	self_net_output_per_requested_position	5.582780724425089
access_only	0.5	0.0	14	access_fraction	0.017799860226655757
access_only	0.5	0.0	14	agent_holdout_rank	0.7114122889305816
access_only	0.5	0.0	14	betweenness	0.07420322861019434
access_only	0.5	0.0	14	broker_fill_rate	0.9948813994187109
access_only	0.5	0.0	14	broker_holdout_rank	0.8180671669793622
access_only	0.5	0.0	14	broker_net_output_per_requested_position	3.9596447988398253
access_only	0.5	0.0	14	broker_selected_rank	0.9049061133250664
access_only	0.5	0.0	14	mean_degree	78.93789999999998
access_only	0.5	0.0	14	net_output_per_requested_position	4.38916754479482
access_only	0.5	0.0	14	outsourcing_rate	0.3969599609404136
access_only	0.5	0.0	14	q_gap	-0.6661400586527139
access_only	0.5	0.0	14	rank_gap	0.10665487804878056
access_only	0.5	0.0	14	self_fill_rate	0.9997690963249977
access_only	0.5	0.0	14	self_net_output_per_requested_position	4.671997320464357
access_only	0.5	0.0	15	access_fraction	0.019414050496577684
access_only	0.5	0.0	15	agent_holdout_rank	0.6900899624765477
access_only	0.5	0.0	15	betweenness	0.0957042281860822
access_only	0.5	0.0	15	broker_fill_rate	0.9953122183267544
access_only	0.5	0.0	15	broker_holdout_rank	0.9214331144465289
access_only	0.5	0.0	15	broker_net_output_per_requested_position	3.9006499398761214
access_only	0.5	0.0	15	broker_selected_rank	0.8743783549463107
access_only	0.5	0.0	15	mean_degree	70.84875
access_only	0.5	0.0	15	net_output_per_requested_position	4.435151958021654
access_only	0.5	0.0	15	outsourcing_rate	0.4320789025670012
access_only	0.5	0.0	15	q_gap	-0.9116519575256499
access_only	0.5	0.0	15	rank_gap	0.23134315196998112
access_only	0.5	0.0	15	self_fill_rate	0.9996481811082581
access_only	0.5	0.0	15	self_net_output_per_requested_position	4.841798006254309
access_only	0.5	0.0	16	access_fraction	0.01984152164823979
access_only	0.5	0.0	16	agent_holdout_rank	0.6832970919324577
access_only	0.5	0.0	16	betweenness	0.10881494358829916
access_only	0.5	0.0	16	broker_fill_rate	0.9977881244462073
access_only	0.5	0.0	16	broker_holdout_rank	0.9025977485928707
access_only	0.5	0.0	16	broker_net_output_per_requested_position	4.087072820116452
access_only	0.5	0.0	16	broker_selected_rank	0.890843600163446
access_only	0.5	0.0	16	mean_degree	70.94665
access_only	0.5	0.0	16	net_output_per_requested_position	4.433204719634999
access_only	0.5	0.0	16	outsourcing_rate	0.46190207024965124
access_only	0.5	0.0	16	q_gap	-0.6239656584262221
access_only	0.5	0.0	16	rank_gap	0.21930065666041282
access_only	0.5	0.0	16	self_fill_rate	0.9997747211306425
access_only	0.5	0.0	16	self_net_output_per_requested_position	4.730439602569677
access_only	0.5	0.0	17	access_fraction	0.013887003049209307
access_only	0.5	0.0	17	agent_holdout_rank	0.681116228893058
access_only	0.5	0.0	17	betweenness	0.10718939607844165
access_only	0.5	0.0	17	broker_fill_rate	0.9960121856898082
access_only	0.5	0.0	17	broker_holdout_rank	0.9380317073170732
access_only	0.5	0.0	17	broker_net_output_per_requested_position	4.324335364166906
access_only	0.5	0.0	17	broker_selected_rank	0.9358985881926752
access_only	0.5	0.0	17	mean_degree	63.57584999999999
access_only	0.5	0.0	17	net_output_per_requested_position	4.740015573909017
access_only	0.5	0.0	17	outsourcing_rate	0.4007719575278812
access_only	0.5	0.0	17	q_gap	-0.6739772747541543
access_only	0.5	0.0	17	rank_gap	0.256915478424015
access_only	0.5	0.0	17	self_fill_rate	0.9998006184616095
access_only	0.5	0.0	17	self_net_output_per_requested_position	5.0181118088124546
access_only	0.5	0.0	18	access_fraction	0.016423739956458495
access_only	0.5	0.0	18	agent_holdout_rank	0.719820731707317
access_only	0.5	0.0	18	betweenness	0.1400663013553375
access_only	0.5	0.0	18	broker_fill_rate	0.9977271192055591
access_only	0.5	0.0	18	broker_holdout_rank	0.8235318011257036
access_only	0.5	0.0	18	broker_net_output_per_requested_position	4.302235783819873
access_only	0.5	0.0	18	broker_selected_rank	0.9324349574359433
access_only	0.5	0.0	18	mean_degree	71.11544999999998
access_only	0.5	0.0	18	net_output_per_requested_position	4.845347302917956
access_only	0.5	0.0	18	outsourcing_rate	0.5258844545655367
access_only	0.5	0.0	18	q_gap	-1.1305227721873465
access_only	0.5	0.0	18	rank_gap	0.10371106941838644
access_only	0.5	0.0	18	self_fill_rate	0.9998326272858751
access_only	0.5	0.0	18	self_net_output_per_requested_position	5.447713976921117
access_only	0.5	0.0	19	access_fraction	0.015736638844703676
access_only	0.5	0.0	19	agent_holdout_rank	0.6750488742964352
access_only	0.5	0.0	19	betweenness	0.13289438291481398
access_only	0.5	0.0	19	broker_fill_rate	0.9970664042652038
access_only	0.5	0.0	19	broker_holdout_rank	0.9611472795497186
access_only	0.5	0.0	19	broker_net_output_per_requested_position	4.070200522592519
access_only	0.5	0.0	19	broker_selected_rank	0.9038392964681025
access_only	0.5	0.0	19	mean_degree	70.8922
access_only	0.5	0.0	19	net_output_per_requested_position	4.565210579946383
access_only	0.5	0.0	19	outsourcing_rate	0.5151057078555069
access_only	0.5	0.0	19	q_gap	-1.0125567964711675
access_only	0.5	0.0	19	rank_gap	0.28609840525328323
access_only	0.5	0.0	19	self_fill_rate	0.9999599358974359
access_only	0.5	0.0	19	self_net_output_per_requested_position	5.0911440338871445
access_only	0.5	0.0	2	access_fraction	0.019500407179386926
access_only	0.5	0.0	2	agent_holdout_rank	0.7236444652908068
access_only	0.5	0.0	2	betweenness	0.11984938766214111
access_only	0.5	0.0	2	broker_fill_rate	0.9950336330584848
access_only	0.5	0.0	2	broker_holdout_rank	0.808388555347092
access_only	0.5	0.0	2	broker_net_output_per_requested_position	4.086381212109702
access_only	0.5	0.0	2	broker_selected_rank	0.902014137464303
access_only	0.5	0.0	2	mean_degree	75.93564999999998
access_only	0.5	0.0	2	net_output_per_requested_position	4.520883026713065
access_only	0.5	0.0	2	outsourcing_rate	0.509595137769799
access_only	0.5	0.0	2	q_gap	-0.8614088939998492
access_only	0.5	0.0	2	rank_gap	0.08474409005628511
access_only	0.5	0.0	2	self_fill_rate	0.9998767994441853
access_only	0.5	0.0	2	self_net_output_per_requested_position	4.972430129656179
access_only	0.5	0.0	20	access_fraction	0.015358050110297969
access_only	0.5	0.0	20	agent_holdout_rank	0.6892930581613509
access_only	0.5	0.0	20	betweenness	0.15235443511620528
access_only	0.5	0.0	20	broker_fill_rate	0.9951754078935151
access_only	0.5	0.0	20	broker_holdout_rank	0.9397101313320825
access_only	0.5	0.0	20	broker_net_output_per_requested_position	4.317858703780024
access_only	0.5	0.0	20	broker_selected_rank	0.8849441583883635
access_only	0.5	0.0	20	mean_degree	69.40029999999999
access_only	0.5	0.0	20	net_output_per_requested_position	4.534034085361074
access_only	0.5	0.0	20	outsourcing_rate	0.5905286945326923
access_only	0.5	0.0	20	q_gap	-0.49841059776745017
access_only	0.5	0.0	20	rank_gap	0.2504170731707317
access_only	0.5	0.0	20	self_fill_rate	0.9997592499972086
access_only	0.5	0.0	20	self_net_output_per_requested_position	4.845957698724523
access_only	0.5	0.0	3	access_fraction	0.02146080316118173
access_only	0.5	0.0	3	agent_holdout_rank	0.72580478424015
access_only	0.5	0.0	3	betweenness	0.07053780750409808
access_only	0.5	0.0	3	broker_fill_rate	0.9945433933246693
access_only	0.5	0.0	3	broker_holdout_rank	0.8744180112570354
access_only	0.5	0.0	3	broker_net_output_per_requested_position	3.674932841229464
access_only	0.5	0.0	3	broker_selected_rank	0.9264132893476218
access_only	0.5	0.0	3	mean_degree	68.50269999999999
access_only	0.5	0.0	3	net_output_per_requested_position	4.450263334004832
access_only	0.5	0.0	3	outsourcing_rate	0.3011042539590527
access_only	0.5	0.0	3	q_gap	-1.0731654743807804
access_only	0.5	0.0	3	rank_gap	0.14861322701688556
access_only	0.5	0.0	3	self_fill_rate	0.9988000484639741
access_only	0.5	0.0	3	self_net_output_per_requested_position	4.784333543071745
access_only	0.5	0.0	4	access_fraction	0.01047011823297519
access_only	0.5	0.0	4	agent_holdout_rank	0.7291939024390243
access_only	0.5	0.0	4	betweenness	0.10889710178215653
access_only	0.5	0.0	4	broker_fill_rate	0.9970212433976243
access_only	0.5	0.0	4	broker_holdout_rank	0.8897969981238274
access_only	0.5	0.0	4	broker_net_output_per_requested_position	4.477979540494936
access_only	0.5	0.0	4	broker_selected_rank	0.947720771802012
access_only	0.5	0.0	4	mean_degree	59.333749999999995
access_only	0.5	0.0	4	net_output_per_requested_position	5.202418749122797
access_only	0.5	0.0	4	outsourcing_rate	0.30991687844467114
access_only	0.5	0.0	4	q_gap	-1.0491294384453116
access_only	0.5	0.0	4	rank_gap	0.1606030956848032
access_only	0.5	0.0	4	self_fill_rate	0.9997984845605098
access_only	0.5	0.0	4	self_net_output_per_requested_position	5.527871509199342
access_only	0.5	0.0	5	access_fraction	0.014111422039830504
access_only	0.5	0.0	5	agent_holdout_rank	0.7291291744840526
access_only	0.5	0.0	5	betweenness	0.10574170553588039
access_only	0.5	0.0	5	broker_fill_rate	0.9968899469084158
access_only	0.5	0.0	5	broker_holdout_rank	0.8886000938086305
access_only	0.5	0.0	5	broker_net_output_per_requested_position	4.346695573750035
access_only	0.5	0.0	5	broker_selected_rank	0.9159403414212111
access_only	0.5	0.0	5	mean_degree	63.46695000000001
access_only	0.5	0.0	5	net_output_per_requested_position	4.641487009574808
access_only	0.5	0.0	5	outsourcing_rate	0.38327697738770006
access_only	0.5	0.0	5	q_gap	-0.4618038302419912
access_only	0.5	0.0	5	rank_gap	0.15947091932457788
access_only	0.5	0.0	5	self_fill_rate	0.9998406504306976
access_only	0.5	0.0	5	self_net_output_per_requested_position	4.8246520750364255
access_only	0.5	0.0	6	access_fraction	0.018741743730192086
access_only	0.5	0.0	6	agent_holdout_rank	0.6583365853658536
access_only	0.5	0.0	6	betweenness	0.09842202443743456
access_only	0.5	0.0	6	broker_fill_rate	0.9958800589559773
access_only	0.5	0.0	6	broker_holdout_rank	0.9173007504690431
access_only	0.5	0.0	6	broker_net_output_per_requested_position	4.2002364644253465
access_only	0.5	0.0	6	broker_selected_rank	0.9396287840223133
access_only	0.5	0.0	6	mean_degree	65.51505
access_only	0.5	0.0	6	net_output_per_requested_position	4.821689263261417
access_only	0.5	0.0	6	outsourcing_rate	0.36456569528075633
access_only	0.5	0.0	6	q_gap	-0.9559078440749001
access_only	0.5	0.0	6	rank_gap	0.25896416510318937
access_only	0.5	0.0	6	self_fill_rate	0.9994978763430838
access_only	0.5	0.0	6	self_net_output_per_requested_position	5.178103866529829
access_only	0.5	0.0	7	access_fraction	0.019053856674993992
access_only	0.5	0.0	7	agent_holdout_rank	0.7153555347091932
access_only	0.5	0.0	7	betweenness	0.07688240558216577
access_only	0.5	0.0	7	broker_fill_rate	0.9957855492414449
access_only	0.5	0.0	7	broker_holdout_rank	0.9383592870544089
access_only	0.5	0.0	7	broker_net_output_per_requested_position	3.767722536542822
access_only	0.5	0.0	7	broker_selected_rank	0.8764880735967531
access_only	0.5	0.0	7	mean_degree	72.30095
access_only	0.5	0.0	7	net_output_per_requested_position	4.465639586103706
access_only	0.5	0.0	7	outsourcing_rate	0.3524953922998205
access_only	0.5	0.0	7	q_gap	-1.0431755283993411
access_only	0.5	0.0	7	rank_gap	0.2230037523452157
access_only	0.5	0.0	7	self_fill_rate	0.9996259638745493
access_only	0.5	0.0	7	self_net_output_per_requested_position	4.845441856825379
access_only	0.5	0.0	8	access_fraction	0.015655414140070944
access_only	0.5	0.0	8	agent_holdout_rank	0.7231936210131332
access_only	0.5	0.0	8	betweenness	0.06864706788378573
access_only	0.5	0.0	8	broker_fill_rate	0.99681026654509
access_only	0.5	0.0	8	broker_holdout_rank	0.8917663227016887
access_only	0.5	0.0	8	broker_net_output_per_requested_position	3.8279831005415206
access_only	0.5	0.0	8	broker_selected_rank	0.9079717285606528
access_only	0.5	0.0	8	mean_degree	76.10885
access_only	0.5	0.0	8	net_output_per_requested_position	4.377643281309878
access_only	0.5	0.0	8	outsourcing_rate	0.43009092733930376
access_only	0.5	0.0	8	q_gap	-0.9526957308644357
access_only	0.5	0.0	8	rank_gap	0.16857270168855537
access_only	0.5	0.0	8	self_fill_rate	0.9998589518720132
access_only	0.5	0.0	8	self_net_output_per_requested_position	4.792519815169067
access_only	0.5	0.0	9	access_fraction	0.0184716525991682
access_only	0.5	0.0	9	agent_holdout_rank	0.6743263602251408
access_only	0.5	0.0	9	betweenness	0.08661181413568286
access_only	0.5	0.0	9	broker_fill_rate	0.9915386325116948
access_only	0.5	0.0	9	broker_holdout_rank	0.803695028142589
access_only	0.5	0.0	9	broker_net_output_per_requested_position	4.072458189278818
access_only	0.5	0.0	9	broker_selected_rank	0.9331779424381237
access_only	0.5	0.0	9	mean_degree	66.66035
access_only	0.5	0.0	9	net_output_per_requested_position	4.685245440790743
access_only	0.5	0.0	9	outsourcing_rate	0.35046346189720967
access_only	0.5	0.0	9	q_gap	-0.898670502672914
access_only	0.5	0.0	9	rank_gap	0.12936866791744833
access_only	0.5	0.0	9	self_fill_rate	0.9992353556530228
access_only	0.5	0.0	9	self_net_output_per_requested_position	5.015923995685816
access_only	0.5	0.001	1	access_fraction	0.02814250765998374
access_only	0.5	0.001	1	agent_holdout_rank	0.68785
access_only	0.5	0.001	1	betweenness	0.20250226566824417
access_only	0.5	0.001	1	broker_fill_rate	0.9947005890711352
access_only	0.5	0.001	1	broker_holdout_rank	0.9466181050656661
access_only	0.5	0.001	1	broker_net_output_per_requested_position	4.452999679739408
access_only	0.5	0.001	1	broker_selected_rank	0.9503873262037509
access_only	0.5	0.001	1	mean_degree	50.07695
access_only	0.5	0.001	1	net_output_per_requested_position	4.7172057667743035
access_only	0.5	0.001	1	outsourcing_rate	0.5157326233924651
access_only	0.5	0.001	1	q_gap	-0.5393864277623901
access_only	0.5	0.001	1	rank_gap	0.25876810506566605
access_only	0.5	0.001	1	self_fill_rate	0.9983766606113196
access_only	0.5	0.001	1	self_net_output_per_requested_position	4.9988237207639195
access_only	0.5	0.001	10	access_fraction	0.03118948515644159
access_only	0.5	0.001	10	agent_holdout_rank	0.6955327392120074
access_only	0.5	0.001	10	betweenness	0.14136772131283032
access_only	0.5	0.001	10	broker_fill_rate	0.9896648550937833
access_only	0.5	0.001	10	broker_holdout_rank	0.9506893058161351
access_only	0.5	0.001	10	broker_net_output_per_requested_position	4.206337074694278
access_only	0.5	0.001	10	broker_selected_rank	0.9519145950747768
access_only	0.5	0.001	10	mean_degree	54.742900000000006
access_only	0.5	0.001	10	net_output_per_requested_position	4.57009652195681
access_only	0.5	0.001	10	outsourcing_rate	0.442564700091941
access_only	0.5	0.001	10	q_gap	-0.6211817015149561
access_only	0.5	0.001	10	rank_gap	0.25515656660412767
access_only	0.5	0.001	10	self_fill_rate	0.9974210849125249
access_only	0.5	0.001	10	self_net_output_per_requested_position	4.85910732452178
access_only	0.5	0.001	11	access_fraction	0.03177877572669781
access_only	0.5	0.001	11	agent_holdout_rank	0.7255931519699813
access_only	0.5	0.001	11	betweenness	0.22626722641263278
access_only	0.5	0.001	11	broker_fill_rate	0.9951067452243537
access_only	0.5	0.001	11	broker_holdout_rank	0.9605413696060039
access_only	0.5	0.001	11	broker_net_output_per_requested_position	4.745841621470275
access_only	0.5	0.001	11	broker_selected_rank	0.9542791431031844
access_only	0.5	0.001	11	mean_degree	52.0086
access_only	0.5	0.001	11	net_output_per_requested_position	4.9052815284973805
access_only	0.5	0.001	11	outsourcing_rate	0.5215766053567701
access_only	0.5	0.001	11	q_gap	-0.3140361977082766
access_only	0.5	0.001	11	rank_gap	0.23494821763602247
access_only	0.5	0.001	11	self_fill_rate	0.9982863366203286
access_only	0.5	0.001	11	self_net_output_per_requested_position	5.079355279038281
access_only	0.5	0.001	12	access_fraction	0.029949986842731775
access_only	0.5	0.001	12	agent_holdout_rank	0.6499231707317074
access_only	0.5	0.001	12	betweenness	0.2469642778483002
access_only	0.5	0.001	12	broker_fill_rate	0.9955555775027495
access_only	0.5	0.001	12	broker_holdout_rank	0.9519850844277672
access_only	0.5	0.001	12	broker_net_output_per_requested_position	4.594625137659884
access_only	0.5	0.001	12	broker_selected_rank	0.9511612261590248
access_only	0.5	0.001	12	mean_degree	49.823600000000006
access_only	0.5	0.001	12	net_output_per_requested_position	4.774562895544725
access_only	0.5	0.001	12	outsourcing_rate	0.5892064743221546
access_only	0.5	0.001	12	q_gap	-0.4125367905311725
access_only	0.5	0.001	12	rank_gap	0.3020619136960599
access_only	0.5	0.001	12	self_fill_rate	0.9985480238760573
access_only	0.5	0.001	12	self_net_output_per_requested_position	5.032597503467139
access_only	0.5	0.001	13	access_fraction	0.028189492409124557
access_only	0.5	0.001	13	agent_holdout_rank	0.6973332082551593
access_only	0.5	0.001	13	betweenness	0.20608598064238795
access_only	0.5	0.001	13	broker_fill_rate	0.994689509777657
access_only	0.5	0.001	13	broker_holdout_rank	0.9484321763602255
access_only	0.5	0.001	13	broker_net_output_per_requested_position	4.689330935387091
access_only	0.5	0.001	13	broker_selected_rank	0.9570133501181081
access_only	0.5	0.001	13	mean_degree	50.60855
access_only	0.5	0.001	13	net_output_per_requested_position	4.984682895345095
access_only	0.5	0.001	13	outsourcing_rate	0.5131088132159103
access_only	0.5	0.001	13	q_gap	-0.5849493818017368
access_only	0.5	0.001	13	rank_gap	0.2510989681050658
access_only	0.5	0.001	13	self_fill_rate	0.9983421006899922
access_only	0.5	0.001	13	self_net_output_per_requested_position	5.296056281601409
access_only	0.5	0.001	14	access_fraction	0.04249748794884
access_only	0.5	0.001	14	agent_holdout_rank	0.7148527204502815
access_only	0.5	0.001	14	betweenness	0.12340202761419453
access_only	0.5	0.001	14	broker_fill_rate	0.9937081573701457
access_only	0.5	0.001	14	broker_holdout_rank	0.759061163227017
access_only	0.5	0.001	14	broker_net_output_per_requested_position	4.028119994188874
access_only	0.5	0.001	14	broker_selected_rank	0.923969584490683
access_only	0.5	0.001	14	mean_degree	58.3113
access_only	0.5	0.001	14	net_output_per_requested_position	4.362939999194285
access_only	0.5	0.001	14	outsourcing_rate	0.3985148991550659
access_only	0.5	0.001	14	q_gap	-0.5164128158328734
access_only	0.5	0.001	14	rank_gap	0.04420844277673549
access_only	0.5	0.001	14	self_fill_rate	0.9984808026636696
access_only	0.5	0.001	14	self_net_output_per_requested_position	4.584931501311528
access_only	0.5	0.001	15	access_fraction	0.028831514427358467
access_only	0.5	0.001	15	agent_holdout_rank	0.6661834896810506
access_only	0.5	0.001	15	betweenness	0.15837309169253747
access_only	0.5	0.001	15	broker_fill_rate	0.9959476766161123
access_only	0.5	0.001	15	broker_holdout_rank	0.9577224202626642
access_only	0.5	0.001	15	broker_net_output_per_requested_position	4.121825822935952
access_only	0.5	0.001	15	broker_selected_rank	0.8999069788509692
access_only	0.5	0.001	15	mean_degree	53.50635
access_only	0.5	0.001	15	net_output_per_requested_position	4.399816257180306
access_only	0.5	0.001	15	outsourcing_rate	0.45921600498960935
access_only	0.5	0.001	15	q_gap	-0.4876142680499614
access_only	0.5	0.001	15	rank_gap	0.29153893058161345
access_only	0.5	0.001	15	self_fill_rate	0.998714337209142
access_only	0.5	0.001	15	self_net_output_per_requested_position	4.636026432961258
access_only	0.5	0.001	16	access_fraction	0.026873965474685374
access_only	0.5	0.001	16	agent_holdout_rank	0.6703208255159473
access_only	0.5	0.001	16	betweenness	0.16906839761464373
access_only	0.5	0.001	16	broker_fill_rate	0.9952954247842983
access_only	0.5	0.001	16	broker_holdout_rank	0.9525262664165103
access_only	0.5	0.001	16	broker_net_output_per_requested_position	4.217285952051265
access_only	0.5	0.001	16	broker_selected_rank	0.9184089923603335
access_only	0.5	0.001	16	mean_degree	53.364999999999995
access_only	0.5	0.001	16	net_output_per_requested_position	4.392426981686453
access_only	0.5	0.001	16	outsourcing_rate	0.5062323479845182
access_only	0.5	0.001	16	q_gap	-0.3374785694102505
access_only	0.5	0.001	16	rank_gap	0.2822054409005631
access_only	0.5	0.001	16	self_fill_rate	0.9989946495228181
access_only	0.5	0.001	16	self_net_output_per_requested_position	4.571993390750809
access_only	0.5	0.001	17	access_fraction	0.03642376271832375
access_only	0.5	0.001	17	agent_holdout_rank	0.6450325515947467
access_only	0.5	0.001	17	betweenness	0.17321312017382934
access_only	0.5	0.001	17	broker_fill_rate	0.9940047937385004
access_only	0.5	0.001	17	broker_holdout_rank	0.9317982176360224
access_only	0.5	0.001	17	broker_net_output_per_requested_position	4.514509237163409
access_only	0.5	0.001	17	broker_selected_rank	0.9407961445353568
access_only	0.5	0.001	17	mean_degree	47.17555
access_only	0.5	0.001	17	net_output_per_requested_position	4.677791544619952
access_only	0.5	0.001	17	outsourcing_rate	0.43333864900558305
access_only	0.5	0.001	17	q_gap	-0.27397521434936895
access_only	0.5	0.001	17	rank_gap	0.28676566604127585
access_only	0.5	0.001	17	self_fill_rate	0.9987991007827501
access_only	0.5	0.001	17	self_net_output_per_requested_position	4.802812861460915
access_only	0.5	0.001	18	access_fraction	0.032639777969917204
access_only	0.5	0.001	18	agent_holdout_rank	0.7185634146341462
access_only	0.5	0.001	18	betweenness	0.19597734744607515
access_only	0.5	0.001	18	broker_fill_rate	0.9955083249756281
access_only	0.5	0.001	18	broker_holdout_rank	0.944675234521576
access_only	0.5	0.001	18	broker_net_output_per_requested_position	4.5789929695781835
access_only	0.5	0.001	18	broker_selected_rank	0.9475564971021642
access_only	0.5	0.001	18	mean_degree	56.99915
access_only	0.5	0.001	18	net_output_per_requested_position	4.870701179390368
access_only	0.5	0.001	18	outsourcing_rate	0.5412721649725123
access_only	0.5	0.001	18	q_gap	-0.6222838156866283
access_only	0.5	0.001	18	rank_gap	0.22611181988742976
access_only	0.5	0.001	18	self_fill_rate	0.9982982553534374
access_only	0.5	0.001	18	self_net_output_per_requested_position	5.21523467777805
access_only	0.5	0.001	19	access_fraction	0.025190610026519965
access_only	0.5	0.001	19	agent_holdout_rank	0.6702737335834897
access_only	0.5	0.001	19	betweenness	0.1705742240660973
access_only	0.5	0.001	19	broker_fill_rate	0.9959760620954132
access_only	0.5	0.001	19	broker_holdout_rank	0.9711172607879928
access_only	0.5	0.001	19	broker_net_output_per_requested_position	4.2117753203757
access_only	0.5	0.001	19	broker_selected_rank	0.9150507246609229
access_only	0.5	0.001	19	mean_degree	54.25165
access_only	0.5	0.001	19	net_output_per_requested_position	4.525239861241934
access_only	0.5	0.001	19	outsourcing_rate	0.4939096898836414
access_only	0.5	0.001	19	q_gap	-0.5976932062276198
access_only	0.5	0.001	19	rank_gap	0.30084352720450286
access_only	0.5	0.001	19	self_fill_rate	0.9985036245899828
access_only	0.5	0.001	19	self_net_output_per_requested_position	4.831155355781329
access_only	0.5	0.001	2	access_fraction	0.03066869736557325
access_only	0.5	0.001	2	agent_holdout_rank	0.7276650093808629
access_only	0.5	0.001	2	betweenness	0.1757236721196453
access_only	0.5	0.001	2	broker_fill_rate	0.9949062299997135
access_only	0.5	0.001	2	broker_holdout_rank	0.8382045028142588
access_only	0.5	0.001	2	broker_net_output_per_requested_position	4.20537592696018
access_only	0.5	0.001	2	broker_selected_rank	0.9153279484793458
access_only	0.5	0.001	2	mean_degree	58.74985
access_only	0.5	0.001	2	net_output_per_requested_position	4.490162228833262
access_only	0.5	0.001	2	outsourcing_rate	0.5296653096019314
access_only	0.5	0.001	2	q_gap	-0.5848437235307781
access_only	0.5	0.001	2	rank_gap	0.11053949343339595
access_only	0.5	0.001	2	self_fill_rate	0.9988854323548274
access_only	0.5	0.001	2	self_net_output_per_requested_position	4.811155615457416
access_only	0.5	0.001	20	access_fraction	0.03189019897656314
access_only	0.5	0.001	20	agent_holdout_rank	0.6741347091932457
access_only	0.5	0.001	20	betweenness	0.23181274066554675
access_only	0.5	0.001	20	broker_fill_rate	0.9956833969215241
access_only	0.5	0.001	20	broker_holdout_rank	0.951966135084428
access_only	0.5	0.001	20	broker_net_output_per_requested_position	4.482676129004063
access_only	0.5	0.001	20	broker_selected_rank	0.8883087417825146
access_only	0.5	0.001	20	mean_degree	53.629599999999996
access_only	0.5	0.001	20	net_output_per_requested_position	4.536932973015135
access_only	0.5	0.001	20	outsourcing_rate	0.6004142408935923
access_only	0.5	0.001	20	q_gap	-0.12156387866024856
access_only	0.5	0.001	20	rank_gap	0.2778314258911821
access_only	0.5	0.001	20	self_fill_rate	0.9987585006552108
access_only	0.5	0.001	20	self_net_output_per_requested_position	4.618555267140032
access_only	0.5	0.001	3	access_fraction	0.03481145290029392
access_only	0.5	0.001	3	agent_holdout_rank	0.7273583489681051
access_only	0.5	0.001	3	betweenness	0.10485086005470075
access_only	0.5	0.001	3	broker_fill_rate	0.9897010499284713
access_only	0.5	0.001	3	broker_holdout_rank	0.8971877110694184
access_only	0.5	0.001	3	broker_net_output_per_requested_position	3.7059227642433994
access_only	0.5	0.001	3	broker_selected_rank	0.9340683899717062
access_only	0.5	0.001	3	mean_degree	50.692249999999994
access_only	0.5	0.001	3	net_output_per_requested_position	4.350216889898435
access_only	0.5	0.001	3	outsourcing_rate	0.29031476796469763
access_only	0.5	0.001	3	q_gap	-0.8527149012300919
access_only	0.5	0.001	3	rank_gap	0.1698293621013133
access_only	0.5	0.001	3	self_fill_rate	0.9980566793213665
access_only	0.5	0.001	3	self_net_output_per_requested_position	4.613874934340876
access_only	0.5	0.001	4	access_fraction	0.04078109749356314
access_only	0.5	0.001	4	agent_holdout_rank	0.7069072232645404
access_only	0.5	0.001	4	betweenness	0.1888566469210183
access_only	0.5	0.001	4	broker_fill_rate	0.9928035608856387
access_only	0.5	0.001	4	broker_holdout_rank	0.9062529080675421
access_only	0.5	0.001	4	broker_net_output_per_requested_position	4.677471607429091
access_only	0.5	0.001	4	broker_selected_rank	0.9504513217538525
access_only	0.5	0.001	4	mean_degree	45.7619
access_only	0.5	0.001	4	net_output_per_requested_position	5.146930580274282
access_only	0.5	0.001	4	outsourcing_rate	0.3476502243198576
access_only	0.5	0.001	4	q_gap	-0.6838292387746531
access_only	0.5	0.001	4	rank_gap	0.1993456848030018
access_only	0.5	0.001	4	self_fill_rate	0.9987959949627456
access_only	0.5	0.001	4	self_net_output_per_requested_position	5.397134844725583
access_only	0.5	0.001	5	access_fraction	0.03602452659276382
access_only	0.5	0.001	5	agent_holdout_rank	0.7137072232645403
access_only	0.5	0.001	5	betweenness	0.16487076326772437
access_only	0.5	0.001	5	broker_fill_rate	0.9956909032143197
access_only	0.5	0.001	5	broker_holdout_rank	0.8955031894934334
access_only	0.5	0.001	5	broker_net_output_per_requested_position	4.395154704934315
access_only	0.5	0.001	5	broker_selected_rank	0.9064397895949172
access_only	0.5	0.001	5	mean_degree	49.299249999999994
access_only	0.5	0.001	5	net_output_per_requested_position	4.570899560109305
access_only	0.5	0.001	5	outsourcing_rate	0.4499069701545736
access_only	0.5	0.001	5	q_gap	-0.30382782503268235
access_only	0.5	0.001	5	rank_gap	0.18179596622889319
access_only	0.5	0.001	5	self_fill_rate	0.9991583056790854
access_only	0.5	0.001	5	self_net_output_per_requested_position	4.714764429335729
access_only	0.5	0.001	6	access_fraction	0.034145585624247965
access_only	0.5	0.001	6	agent_holdout_rank	0.6472579737335836
access_only	0.5	0.001	6	betweenness	0.13945707121643808
access_only	0.5	0.001	6	broker_fill_rate	0.9931803538207786
access_only	0.5	0.001	6	broker_holdout_rank	0.9500297373358351
access_only	0.5	0.001	6	broker_net_output_per_requested_position	4.381113142697049
access_only	0.5	0.001	6	broker_selected_rank	0.9419094976784225
access_only	0.5	0.001	6	mean_degree	51.59349999999999
access_only	0.5	0.001	6	net_output_per_requested_position	4.779961696103854
access_only	0.5	0.001	6	outsourcing_rate	0.3445997759541225
access_only	0.5	0.001	6	q_gap	-0.573038205625201
access_only	0.5	0.001	6	rank_gap	0.3027717636022514
access_only	0.5	0.001	6	self_fill_rate	0.9983470220019169
access_only	0.5	0.001	6	self_net_output_per_requested_position	4.989827663910371
access_only	0.5	0.001	7	access_fraction	0.03138329517583895
access_only	0.5	0.001	7	agent_holdout_rank	0.7139310506566605
access_only	0.5	0.001	7	betweenness	0.10256587029992288
access_only	0.5	0.001	7	broker_fill_rate	0.9937229925672959
access_only	0.5	0.001	7	broker_holdout_rank	0.957939305816135
access_only	0.5	0.001	7	broker_net_output_per_requested_position	3.89905566172175
access_only	0.5	0.001	7	broker_selected_rank	0.9038427760932333
access_only	0.5	0.001	7	mean_degree	54.5735
access_only	0.5	0.001	7	net_output_per_requested_position	4.473228061851668
access_only	0.5	0.001	7	outsourcing_rate	0.3222682835736773
access_only	0.5	0.001	7	q_gap	-0.8128073187674539
access_only	0.5	0.001	7	rank_gap	0.2440082551594746
access_only	0.5	0.001	7	self_fill_rate	0.9986427812549605
access_only	0.5	0.001	7	self_net_output_per_requested_position	4.746274737789004
access_only	0.5	0.001	8	access_fraction	0.037738643652402884
access_only	0.5	0.001	8	agent_holdout_rank	0.7080759849906191
access_only	0.5	0.001	8	betweenness	0.11115875248697779
access_only	0.5	0.001	8	broker_fill_rate	0.994823619166689
access_only	0.5	0.001	8	broker_holdout_rank	0.966165196998124
access_only	0.5	0.001	8	broker_net_output_per_requested_position	3.9699773865381793
access_only	0.5	0.001	8	broker_selected_rank	0.9219405753027846
access_only	0.5	0.001	8	mean_degree	57.62665
access_only	0.5	0.001	8	net_output_per_requested_position	4.3365141021856255
access_only	0.5	0.001	8	outsourcing_rate	0.4105534188242815
access_only	0.5	0.001	8	q_gap	-0.6054180859741625
access_only	0.5	0.001	8	rank_gap	0.25808921200750473
access_only	0.5	0.001	8	self_fill_rate	0.998886021798296
access_only	0.5	0.001	8	self_net_output_per_requested_position	4.591829121134994
access_only	0.5	0.001	9	access_fraction	0.033298527192548825
access_only	0.5	0.001	9	agent_holdout_rank	0.6766010318949343
access_only	0.5	0.001	9	betweenness	0.13942969976641234
access_only	0.5	0.001	9	broker_fill_rate	0.9943910186237662
access_only	0.5	0.001	9	broker_holdout_rank	0.9456932457786115
access_only	0.5	0.001	9	broker_net_output_per_requested_position	4.349384632581655
access_only	0.5	0.001	9	broker_selected_rank	0.9455537123652953
access_only	0.5	0.001	9	mean_degree	51.3601
access_only	0.5	0.001	9	net_output_per_requested_position	4.627194237299493
access_only	0.5	0.001	9	outsourcing_rate	0.39589309020979574
access_only	0.5	0.001	9	q_gap	-0.4202945465414977
access_only	0.5	0.001	9	rank_gap	0.26909221388367727
access_only	0.5	0.001	9	self_fill_rate	0.9980475139134042
access_only	0.5	0.001	9	self_net_output_per_requested_position	4.809176452127123
access_only	0.5	0.01	1	access_fraction	0.1252123168979177
access_only	0.5	0.01	1	agent_holdout_rank	0.7147479362101314
access_only	0.5	0.01	1	betweenness	0.508783537171116
access_only	0.5	0.01	1	broker_fill_rate	0.9937642240121367
access_only	0.5	0.01	1	broker_holdout_rank	0.9853178236397749
access_only	0.5	0.01	1	broker_net_output_per_requested_position	4.79830977646317
access_only	0.5	0.01	1	broker_selected_rank	0.9500394914351812
access_only	0.5	0.01	1	mean_degree	29.9428
access_only	0.5	0.01	1	net_output_per_requested_position	4.665921331443485
access_only	0.5	0.01	1	outsourcing_rate	0.7539786445218704
access_only	0.5	0.01	1	q_gap	0.5488074380941844
access_only	0.5	0.01	1	rank_gap	0.2705698874296436
access_only	0.5	0.01	1	self_fill_rate	0.9964970210969181
access_only	0.5	0.01	1	self_net_output_per_requested_position	4.260489852556594
access_only	0.5	0.01	10	access_fraction	0.12773459941552617
access_only	0.5	0.01	10	agent_holdout_rank	0.7310260787992495
access_only	0.5	0.01	10	betweenness	0.3687738933912356
access_only	0.5	0.01	10	broker_fill_rate	0.991605228700523
access_only	0.5	0.01	10	broker_holdout_rank	0.9788873358348967
access_only	0.5	0.01	10	broker_net_output_per_requested_position	4.37987166165299
access_only	0.5	0.01	10	broker_selected_rank	0.9569575151297955
access_only	0.5	0.01	10	mean_degree	28.755949999999995
access_only	0.5	0.01	10	net_output_per_requested_position	4.460848335911829
access_only	0.5	0.01	10	outsourcing_rate	0.563599508823789
access_only	0.5	0.01	10	q_gap	-0.14809489706787082
access_only	0.5	0.01	10	rank_gap	0.24786125703564718
access_only	0.5	0.01	10	self_fill_rate	0.9967878041019997
access_only	0.5	0.01	10	self_net_output_per_requested_position	4.5656465203048615
access_only	0.5	0.01	11	access_fraction	0.12274382015832512
access_only	0.5	0.01	11	agent_holdout_rank	0.7330763602251408
access_only	0.5	0.01	11	betweenness	0.5219789248274551
access_only	0.5	0.01	11	broker_fill_rate	0.9945737717522544
access_only	0.5	0.01	11	broker_holdout_rank	0.9802154784240151
access_only	0.5	0.01	11	broker_net_output_per_requested_position	4.993400495695908
access_only	0.5	0.01	11	broker_selected_rank	0.9472090433152003
access_only	0.5	0.01	11	mean_degree	30.20385
access_only	0.5	0.01	11	net_output_per_requested_position	4.8165013011880955
access_only	0.5	0.01	11	outsourcing_rate	0.8010437284735309
access_only	0.5	0.01	11	q_gap	0.876531789501507
access_only	0.5	0.01	11	rank_gap	0.2471391181988744
access_only	0.5	0.01	11	self_fill_rate	0.9963007288505278
access_only	0.5	0.01	11	self_net_output_per_requested_position	4.106810580702131
access_only	0.5	0.01	12	access_fraction	0.1185252769708552
access_only	0.5	0.01	12	agent_holdout_rank	0.676029080675422
access_only	0.5	0.01	12	betweenness	0.5253161191956968
access_only	0.5	0.01	12	broker_fill_rate	0.9943075203493146
access_only	0.5	0.01	12	broker_holdout_rank	0.9814533771106941
access_only	0.5	0.01	12	broker_net_output_per_requested_position	4.872828131544085
access_only	0.5	0.01	12	broker_selected_rank	0.9543440442679962
access_only	0.5	0.01	12	mean_degree	29.8251
access_only	0.5	0.01	12	net_output_per_requested_position	4.696580760436641
access_only	0.5	0.01	12	outsourcing_rate	0.7887224171439373
access_only	0.5	0.01	12	q_gap	0.8315354151440306
access_only	0.5	0.01	12	rank_gap	0.30542429643527214
access_only	0.5	0.01	12	self_fill_rate	0.9982348827562417
access_only	0.5	0.01	12	self_net_output_per_requested_position	4.039481500132405
access_only	0.5	0.01	13	access_fraction	0.11911980097303987
access_only	0.5	0.01	13	agent_holdout_rank	0.7028012195121952
access_only	0.5	0.01	13	betweenness	0.49116459438954874
access_only	0.5	0.01	13	broker_fill_rate	0.9929745492702088
access_only	0.5	0.01	13	broker_holdout_rank	0.9819179174484052
access_only	0.5	0.01	13	broker_net_output_per_requested_position	5.078738102437672
access_only	0.5	0.01	13	broker_selected_rank	0.9618296441496973
access_only	0.5	0.01	13	mean_degree	29.99165
access_only	0.5	0.01	13	net_output_per_requested_position	4.867362934544689
access_only	0.5	0.01	13	outsourcing_rate	0.7192993430658337
access_only	0.5	0.01	13	q_gap	0.7784531389152882
access_only	0.5	0.01	13	rank_gap	0.2791166979362102
access_only	0.5	0.01	13	self_fill_rate	0.9953822577054895
access_only	0.5	0.01	13	self_net_output_per_requested_position	4.326499531538354
access_only	0.5	0.01	14	access_fraction	0.1333130043844128
access_only	0.5	0.01	14	agent_holdout_rank	0.7412728893058163
access_only	0.5	0.01	14	betweenness	0.45259545228096754
access_only	0.5	0.01	14	broker_fill_rate	0.9923317766809225
access_only	0.5	0.01	14	broker_holdout_rank	0.8912470919324578
access_only	0.5	0.01	14	broker_net_output_per_requested_position	4.29463082296979
access_only	0.5	0.01	14	broker_selected_rank	0.9244873340081364
access_only	0.5	0.01	14	mean_degree	29.344449999999995
access_only	0.5	0.01	14	net_output_per_requested_position	4.20284247231898
access_only	0.5	0.01	14	outsourcing_rate	0.6809006954561271
access_only	0.5	0.01	14	q_gap	0.28367582302071004
access_only	0.5	0.01	14	rank_gap	0.14997420262664157
access_only	0.5	0.01	14	self_fill_rate	0.9951074160258576
access_only	0.5	0.01	14	self_net_output_per_requested_position	4.00740933861942
access_only	0.5	0.01	15	access_fraction	0.13567527476338415
access_only	0.5	0.01	15	agent_holdout_rank	0.6863859287054408
access_only	0.5	0.01	15	betweenness	0.4915992874315388
access_only	0.5	0.01	15	broker_fill_rate	0.9954990950117096
access_only	0.5	0.01	15	broker_holdout_rank	0.9833601313320826
access_only	0.5	0.01	15	broker_net_output_per_requested_position	4.509840264252363
access_only	0.5	0.01	15	broker_selected_rank	0.938630426584423
access_only	0.5	0.01	15	mean_degree	29.350749999999998
access_only	0.5	0.01	15	net_output_per_requested_position	4.353212024619345
access_only	0.5	0.01	15	outsourcing_rate	0.7056377528950456
access_only	0.5	0.01	15	q_gap	0.5201438411787807
access_only	0.5	0.01	15	rank_gap	0.2969742026266417
access_only	0.5	0.01	15	self_fill_rate	0.996691514230226
access_only	0.5	0.01	15	self_net_output_per_requested_position	3.9777416553318523
access_only	0.5	0.01	16	access_fraction	0.1252520834049097
access_only	0.5	0.01	16	agent_holdout_rank	0.6737672607879924
access_only	0.5	0.01	16	betweenness	0.50105251294553
access_only	0.5	0.01	16	broker_fill_rate	0.9952663125444603
access_only	0.5	0.01	16	broker_holdout_rank	0.9571666041275796
access_only	0.5	0.01	16	broker_net_output_per_requested_position	4.5044597021777975
access_only	0.5	0.01	16	broker_selected_rank	0.9392408894019149
access_only	0.5	0.01	16	mean_degree	30.669500000000006
access_only	0.5	0.01	16	net_output_per_requested_position	4.315396934798328
access_only	0.5	0.01	16	outsourcing_rate	0.7832701186412084
access_only	0.5	0.01	16	q_gap	0.8651654551705267
access_only	0.5	0.01	16	rank_gap	0.28339934333958733
access_only	0.5	0.01	16	self_fill_rate	0.9974171130749566
access_only	0.5	0.01	16	self_net_output_per_requested_position	3.6331129482363496
access_only	0.5	0.01	17	access_fraction	0.1278746605029147
access_only	0.5	0.01	17	agent_holdout_rank	0.6627641651031896
access_only	0.5	0.01	17	betweenness	0.4886854511791495
access_only	0.5	0.01	17	broker_fill_rate	0.993189100599871
access_only	0.5	0.01	17	broker_holdout_rank	0.9458945590994372
access_only	0.5	0.01	17	broker_net_output_per_requested_position	4.659864314102906
access_only	0.5	0.01	17	broker_selected_rank	0.9465525605615254
access_only	0.5	0.01	17	mean_degree	28.842000000000002
access_only	0.5	0.01	17	net_output_per_requested_position	4.519793332473193
access_only	0.5	0.01	17	outsourcing_rate	0.7134541767022806
access_only	0.5	0.01	17	q_gap	0.48706557618783447
access_only	0.5	0.01	17	rank_gap	0.2831303939962477
access_only	0.5	0.01	17	self_fill_rate	0.9957913313470103
access_only	0.5	0.01	17	self_net_output_per_requested_position	4.170915950652566
access_only	0.5	0.01	18	access_fraction	0.11903348223373189
access_only	0.5	0.01	18	agent_holdout_rank	0.7439271106941838
access_only	0.5	0.01	18	betweenness	0.5112842218394842
access_only	0.5	0.01	18	broker_fill_rate	0.9932946406456497
access_only	0.5	0.01	18	broker_holdout_rank	0.9803605065666041
access_only	0.5	0.01	18	broker_net_output_per_requested_position	4.902754807241763
access_only	0.5	0.01	18	broker_selected_rank	0.9602916962359795
access_only	0.5	0.01	18	mean_degree	29.549150000000004
access_only	0.5	0.01	18	net_output_per_requested_position	4.758895665817585
access_only	0.5	0.01	18	outsourcing_rate	0.7442108264127464
access_only	0.5	0.01	18	q_gap	0.5609253077896167
access_only	0.5	0.01	18	rank_gap	0.2364333958724202
access_only	0.5	0.01	18	self_fill_rate	0.9969547338785221
access_only	0.5	0.01	18	self_net_output_per_requested_position	4.34297399706953
access_only	0.5	0.01	19	access_fraction	0.1222175446088584
access_only	0.5	0.01	19	agent_holdout_rank	0.6741714821763602
access_only	0.5	0.01	19	betweenness	0.49790203496726715
access_only	0.5	0.01	19	broker_fill_rate	0.9941134977234647
access_only	0.5	0.01	19	broker_holdout_rank	0.9776178236397749
access_only	0.5	0.01	19	broker_net_output_per_requested_position	4.587037204382461
access_only	0.5	0.01	19	broker_selected_rank	0.9421015457390792
access_only	0.5	0.01	19	mean_degree	28.926350000000003
access_only	0.5	0.01	19	net_output_per_requested_position	4.39376058088051
access_only	0.5	0.01	19	outsourcing_rate	0.7214850259825052
access_only	0.5	0.01	19	q_gap	0.6875568560163765
access_only	0.5	0.01	19	rank_gap	0.30344634146341454
access_only	0.5	0.01	19	self_fill_rate	0.9954329138552728
access_only	0.5	0.01	19	self_net_output_per_requested_position	3.8938098626087645
access_only	0.5	0.01	2	access_fraction	0.11042528283009152
access_only	0.5	0.01	2	agent_holdout_rank	0.7194909943714822
access_only	0.5	0.01	2	betweenness	0.5160511080231579
access_only	0.5	0.01	2	broker_fill_rate	0.9944605135135335
access_only	0.5	0.01	2	broker_holdout_rank	0.9619440900562852
access_only	0.5	0.01	2	broker_net_output_per_requested_position	4.62019513591374
access_only	0.5	0.01	2	broker_selected_rank	0.932502223460071
access_only	0.5	0.01	2	mean_degree	30.968700000000002
access_only	0.5	0.01	2	net_output_per_requested_position	4.50043349219659
access_only	0.5	0.01	2	outsourcing_rate	0.7957296260641141
access_only	0.5	0.01	2	q_gap	0.5804974307556072
access_only	0.5	0.01	2	rank_gap	0.24245309568480305
access_only	0.5	0.01	2	self_fill_rate	0.9957322641147119
access_only	0.5	0.01	2	self_net_output_per_requested_position	4.034695200381071
access_only	0.5	0.01	20	access_fraction	0.11657723153817783
access_only	0.5	0.01	20	agent_holdout_rank	0.6947305816135085
access_only	0.5	0.01	20	betweenness	0.5497676874507247
access_only	0.5	0.01	20	broker_fill_rate	0.9938133581307651
access_only	0.5	0.01	20	broker_holdout_rank	0.9811681050656661
access_only	0.5	0.01	20	broker_net_output_per_requested_position	4.5460315487045895
access_only	0.5	0.01	20	broker_selected_rank	0.9016574073188457
access_only	0.5	0.01	20	mean_degree	30.7306
access_only	0.5	0.01	20	net_output_per_requested_position	4.444099636026614
access_only	0.5	0.01	20	outsourcing_rate	0.8382523478720995
access_only	0.5	0.01	20	q_gap	0.59704855859556
access_only	0.5	0.01	20	rank_gap	0.28643752345215756
access_only	0.5	0.01	20	self_fill_rate	0.993409561846447
access_only	0.5	0.01	20	self_net_output_per_requested_position	3.9167164026482064
access_only	0.5	0.01	3	access_fraction	0.14565737472106027
access_only	0.5	0.01	3	agent_holdout_rank	0.7535575984990619
access_only	0.5	0.01	3	betweenness	0.29684449242658817
access_only	0.5	0.01	3	broker_fill_rate	0.9846309540841199
access_only	0.5	0.01	3	broker_holdout_rank	0.9781315196998122
access_only	0.5	0.01	3	broker_net_output_per_requested_position	3.955409005639955
access_only	0.5	0.01	3	broker_selected_rank	0.946230597831087
access_only	0.5	0.01	3	mean_degree	25.497700000000002
access_only	0.5	0.01	3	net_output_per_requested_position	4.222228318261875
access_only	0.5	0.01	3	outsourcing_rate	0.3812534575079713
access_only	0.5	0.01	3	q_gap	-0.36284010603909983
access_only	0.5	0.01	3	rank_gap	0.22457392120075043
access_only	0.5	0.01	3	self_fill_rate	0.9919728207994126
access_only	0.5	0.01	3	self_net_output_per_requested_position	4.386951289646368
access_only	0.5	0.01	4	access_fraction	0.10760374798138299
access_only	0.5	0.01	4	agent_holdout_rank	0.7407261726078799
access_only	0.5	0.01	4	betweenness	0.4707750973128329
access_only	0.5	0.01	4	broker_fill_rate	0.9929904265454429
access_only	0.5	0.01	4	broker_holdout_rank	0.9386039399624766
access_only	0.5	0.01	4	broker_net_output_per_requested_position	5.131813956473253
access_only	0.5	0.01	4	broker_selected_rank	0.9544381539932966
access_only	0.5	0.01	4	mean_degree	27.998849999999997
access_only	0.5	0.01	4	net_output_per_requested_position	5.0608292196029065
access_only	0.5	0.01	4	outsourcing_rate	0.6163965674538752
access_only	0.5	0.01	4	q_gap	0.19980312437361752
access_only	0.5	0.01	4	rank_gap	0.1978777673545967
access_only	0.5	0.01	4	self_fill_rate	0.9960526761793697
access_only	0.5	0.01	4	self_net_output_per_requested_position	4.947555470330967
access_only	0.5	0.01	5	access_fraction	0.11020455147881877
access_only	0.5	0.01	5	agent_holdout_rank	0.721727673545966
access_only	0.5	0.01	5	betweenness	0.5335027291983259
access_only	0.5	0.01	5	broker_fill_rate	0.9945725987758898
access_only	0.5	0.01	5	broker_holdout_rank	0.9720609756097562
access_only	0.5	0.01	5	broker_net_output_per_requested_position	4.615373659932626
access_only	0.5	0.01	5	broker_selected_rank	0.9164955045126361
access_only	0.5	0.01	5	mean_degree	29.740050000000004
access_only	0.5	0.01	5	net_output_per_requested_position	4.507020460881897
access_only	0.5	0.01	5	outsourcing_rate	0.8015803364188565
access_only	0.5	0.01	5	q_gap	0.5363820377422571
access_only	0.5	0.01	5	rank_gap	0.2503333020637899
access_only	0.5	0.01	5	self_fill_rate	0.9961842916139574
access_only	0.5	0.01	5	self_net_output_per_requested_position	4.069625960127266
access_only	0.5	0.01	6	access_fraction	0.1303051751736017
access_only	0.5	0.01	6	agent_holdout_rank	0.6722496247654784
access_only	0.5	0.01	6	betweenness	0.45484850250991393
access_only	0.5	0.01	6	broker_fill_rate	0.9931024572076383
access_only	0.5	0.01	6	broker_holdout_rank	0.9765651031894933
access_only	0.5	0.01	6	broker_net_output_per_requested_position	4.729890575183597
access_only	0.5	0.01	6	broker_selected_rank	0.9445638295990701
access_only	0.5	0.01	6	mean_degree	27.81695
access_only	0.5	0.01	6	net_output_per_requested_position	4.598717535557047
access_only	0.5	0.01	6	outsourcing_rate	0.6197602443989595
access_only	0.5	0.01	6	q_gap	0.39181828865198953
access_only	0.5	0.01	6	rank_gap	0.30431547842401496
access_only	0.5	0.01	6	self_fill_rate	0.9968420600160812
access_only	0.5	0.01	6	self_net_output_per_requested_position	4.385295285956338
access_only	0.5	0.01	7	access_fraction	0.14071141849340385
access_only	0.5	0.01	7	agent_holdout_rank	0.7415260787992495
access_only	0.5	0.01	7	betweenness	0.27862972247112683
access_only	0.5	0.01	7	broker_fill_rate	0.9911744442230385
access_only	0.5	0.01	7	broker_holdout_rank	0.9830984990619138
access_only	0.5	0.01	7	broker_net_output_per_requested_position	4.0467897408439715
access_only	0.5	0.01	7	broker_selected_rank	0.9209415916636086
access_only	0.5	0.01	7	mean_degree	27.041700000000002
access_only	0.5	0.01	7	net_output_per_requested_position	4.2929531407055395
access_only	0.5	0.01	7	outsourcing_rate	0.4289492950374747
access_only	0.5	0.01	7	q_gap	-0.3738731172442891
access_only	0.5	0.01	7	rank_gap	0.24157242026266418
access_only	0.5	0.01	7	self_fill_rate	0.9964350897992105
access_only	0.5	0.01	7	self_net_output_per_requested_position	4.477889247173645
access_only	0.5	0.01	8	access_fraction	0.13875196232801418
access_only	0.5	0.01	8	agent_holdout_rank	0.7299912757973733
access_only	0.5	0.01	8	betweenness	0.4293108859427046
access_only	0.5	0.01	8	broker_fill_rate	0.993696835686352
access_only	0.5	0.01	8	broker_holdout_rank	0.9786462476547845
access_only	0.5	0.01	8	broker_net_output_per_requested_position	4.298986110468121
access_only	0.5	0.01	8	broker_selected_rank	0.911443687144202
access_only	0.5	0.01	8	mean_degree	30.500349999999997
access_only	0.5	0.01	8	net_output_per_requested_position	4.283528583383529
access_only	0.5	0.01	8	outsourcing_rate	0.7156213829773796
access_only	0.5	0.01	8	q_gap	0.06490690596641638
access_only	0.5	0.01	8	rank_gap	0.248654971857411
access_only	0.5	0.01	8	self_fill_rate	0.9962563940840996
access_only	0.5	0.01	8	self_net_output_per_requested_position	4.244687301117572
access_only	0.5	0.01	9	access_fraction	0.12438693725942769
access_only	0.5	0.01	9	agent_holdout_rank	0.6852435272045028
access_only	0.5	0.01	9	betweenness	0.4662453369550291
access_only	0.5	0.01	9	broker_fill_rate	0.9924915287372384
access_only	0.5	0.01	9	broker_holdout_rank	0.9787927767354597
access_only	0.5	0.01	9	broker_net_output_per_requested_position	4.639110623378264
access_only	0.5	0.01	9	broker_selected_rank	0.9585163556733167
access_only	0.5	0.01	9	mean_degree	30.36315
access_only	0.5	0.01	9	net_output_per_requested_position	4.520643188758937
access_only	0.5	0.01	9	outsourcing_rate	0.6854796005370603
access_only	0.5	0.01	9	q_gap	0.42160484768750717
access_only	0.5	0.01	9	rank_gap	0.293549249530957
access_only	0.5	0.01	9	self_fill_rate	0.9943922973203453
access_only	0.5	0.01	9	self_net_output_per_requested_position	4.2626539833771
access_only	0.5	0.02	1	access_fraction	0.19781571299717465
access_only	0.5	0.02	1	agent_holdout_rank	0.7250684803001877
access_only	0.5	0.02	1	betweenness	0.6448121143322844
access_only	0.5	0.02	1	broker_fill_rate	0.9924703834996418
access_only	0.5	0.02	1	broker_holdout_rank	0.9884708255159473
access_only	0.5	0.02	1	broker_net_output_per_requested_position	4.715516539121661
access_only	0.5	0.02	1	broker_selected_rank	0.9427150331484866
access_only	0.5	0.02	1	mean_degree	25.7218
access_only	0.5	0.02	1	net_output_per_requested_position	4.5916503537057825
access_only	0.5	0.02	1	outsourcing_rate	0.8846209241320588
access_only	0.5	0.02	1	q_gap	1.0702587295664034
access_only	0.5	0.02	1	rank_gap	0.2634023452157598
access_only	0.5	0.02	1	self_fill_rate	0.9964443306151779
access_only	0.5	0.02	1	self_net_output_per_requested_position	3.644624680679885
access_only	0.5	0.02	10	access_fraction	0.22956599830648483
access_only	0.5	0.02	10	agent_holdout_rank	0.7174584427767354
access_only	0.5	0.02	10	betweenness	0.4631731478548035
access_only	0.5	0.02	10	broker_fill_rate	0.9883722918107669
access_only	0.5	0.02	10	broker_holdout_rank	0.9827724202626642
access_only	0.5	0.02	10	broker_net_output_per_requested_position	4.282178862163364
access_only	0.5	0.02	10	broker_selected_rank	0.9482269453209587
access_only	0.5	0.02	10	mean_degree	24.628999999999998
access_only	0.5	0.02	10	net_output_per_requested_position	4.258038816057039
access_only	0.5	0.02	10	outsourcing_rate	0.6204014178203842
access_only	0.5	0.02	10	q_gap	0.1421988065208757
access_only	0.5	0.02	10	rank_gap	0.26531397748592866
access_only	0.5	0.02	10	self_fill_rate	0.9957873435764713
access_only	0.5	0.02	10	self_net_output_per_requested_position	4.219233334066473
access_only	0.5	0.02	11	access_fraction	0.1847021586935616
access_only	0.5	0.02	11	agent_holdout_rank	0.7389414634146341
access_only	0.5	0.02	11	betweenness	0.6587808989791533
access_only	0.5	0.02	11	broker_fill_rate	0.9938100303348684
access_only	0.5	0.02	11	broker_holdout_rank	0.9852807692307692
access_only	0.5	0.02	11	broker_net_output_per_requested_position	4.877333734102358
access_only	0.5	0.02	11	broker_selected_rank	0.9416750253262907
access_only	0.5	0.02	11	mean_degree	26.805899999999998
access_only	0.5	0.02	11	net_output_per_requested_position	4.747960881921204
access_only	0.5	0.02	11	outsourcing_rate	0.9006710521045953
access_only	0.5	0.02	11	q_gap	1.2997871456838013
access_only	0.5	0.02	11	rank_gap	0.246339305816135
access_only	0.5	0.02	11	self_fill_rate	0.9949207146455281
access_only	0.5	0.02	11	self_net_output_per_requested_position	3.5744394205139223
access_only	0.5	0.02	12	access_fraction	0.1978491739590526
access_only	0.5	0.02	12	agent_holdout_rank	0.6724821763602251
access_only	0.5	0.02	12	betweenness	0.6505438032214544
access_only	0.5	0.02	12	broker_fill_rate	0.9937196603304427
access_only	0.5	0.02	12	broker_holdout_rank	0.9849825515947469
access_only	0.5	0.02	12	broker_net_output_per_requested_position	4.7546045609417185
access_only	0.5	0.02	12	broker_selected_rank	0.9494759182681303
access_only	0.5	0.02	12	mean_degree	25.0621
access_only	0.5	0.02	12	net_output_per_requested_position	4.619404865494483
access_only	0.5	0.02	12	outsourcing_rate	0.869151783246607
access_only	0.5	0.02	12	q_gap	1.024121022814309
access_only	0.5	0.02	12	rank_gap	0.3125003752345217
access_only	0.5	0.02	12	self_fill_rate	0.99675613668871
access_only	0.5	0.02	12	self_net_output_per_requested_position	3.7215353841455032
access_only	0.5	0.02	13	access_fraction	0.18850894759041031
access_only	0.5	0.02	13	agent_holdout_rank	0.7043067542213883
access_only	0.5	0.02	13	betweenness	0.621969349773255
access_only	0.5	0.02	13	broker_fill_rate	0.9905981511228645
access_only	0.5	0.02	13	broker_holdout_rank	0.9850667917448405
access_only	0.5	0.02	13	broker_net_output_per_requested_position	4.980439762506725
access_only	0.5	0.02	13	broker_selected_rank	0.9584330474373557
access_only	0.5	0.02	13	mean_degree	25.5998
access_only	0.5	0.02	13	net_output_per_requested_position	4.791472545797087
access_only	0.5	0.02	13	outsourcing_rate	0.8335686498045372
access_only	0.5	0.02	13	q_gap	1.1493117350470519
access_only	0.5	0.02	13	rank_gap	0.28076003752345213
access_only	0.5	0.02	13	self_fill_rate	0.993606046606644
access_only	0.5	0.02	13	self_net_output_per_requested_position	3.8468188021138587
access_only	0.5	0.02	14	access_fraction	0.18159395169477682
access_only	0.5	0.02	14	agent_holdout_rank	0.7432160412757973
access_only	0.5	0.02	14	betweenness	0.6399066111082029
access_only	0.5	0.02	14	broker_fill_rate	0.9929847159834564
access_only	0.5	0.02	14	broker_holdout_rank	0.9816600375234523
access_only	0.5	0.02	14	broker_net_output_per_requested_position	4.315077375755907
access_only	0.5	0.02	14	broker_selected_rank	0.9173529504998619
access_only	0.5	0.02	14	mean_degree	27.4657
access_only	0.5	0.02	14	net_output_per_requested_position	4.217313098238539
access_only	0.5	0.02	14	outsourcing_rate	0.8916304645588756
access_only	0.5	0.02	14	q_gap	0.8513635656032521
access_only	0.5	0.02	14	rank_gap	0.23844399624765486
access_only	0.5	0.02	14	self_fill_rate	0.9928223494405828
access_only	0.5	0.02	14	self_net_output_per_requested_position	3.413028436822978
access_only	0.5	0.02	15	access_fraction	0.18897482518513636
access_only	0.5	0.02	15	agent_holdout_rank	0.7006126641651031
access_only	0.5	0.02	15	betweenness	0.6471570560225821
access_only	0.5	0.02	15	broker_fill_rate	0.9949506277146943
access_only	0.5	0.02	15	broker_holdout_rank	0.985443339587242
access_only	0.5	0.02	15	broker_net_output_per_requested_position	4.4082589715899525
access_only	0.5	0.02	15	broker_selected_rank	0.9310497519670357
access_only	0.5	0.02	15	mean_degree	26.23125
access_only	0.5	0.02	15	net_output_per_requested_position	4.288775704044586
access_only	0.5	0.02	15	outsourcing_rate	0.8531592396431167
access_only	0.5	0.02	15	q_gap	0.7927348284715612
access_only	0.5	0.02	15	rank_gap	0.2848306754221388
access_only	0.5	0.02	15	self_fill_rate	0.996550242222067
access_only	0.5	0.02	15	self_net_output_per_requested_position	3.5954499007238594
access_only	0.5	0.02	16	access_fraction	0.18379366497421784
access_only	0.5	0.02	16	agent_holdout_rank	0.6801413696060037
access_only	0.5	0.02	16	betweenness	0.6420098459157018
access_only	0.5	0.02	16	broker_fill_rate	0.9940984143351266
access_only	0.5	0.02	16	broker_holdout_rank	0.9831620075046908
access_only	0.5	0.02	16	broker_net_output_per_requested_position	4.377591358947212
access_only	0.5	0.02	16	broker_selected_rank	0.9281661586615501
access_only	0.5	0.02	16	mean_degree	26.6458
access_only	0.5	0.02	16	net_output_per_requested_position	4.26645952732796
access_only	0.5	0.02	16	outsourcing_rate	0.898623535723884
access_only	0.5	0.02	16	q_gap	1.0795360215605587
access_only	0.5	0.02	16	rank_gap	0.3030206378986869
access_only	0.5	0.02	16	self_fill_rate	0.9947515509842949
access_only	0.5	0.02	16	self_net_output_per_requested_position	3.283260392103564
access_only	0.5	0.02	17	access_fraction	0.17952317567582782
access_only	0.5	0.02	17	agent_holdout_rank	0.6797125703564729
access_only	0.5	0.02	17	betweenness	0.6211909090893475
access_only	0.5	0.02	17	broker_fill_rate	0.9949359062534591
access_only	0.5	0.02	17	broker_holdout_rank	0.9856847091932458
access_only	0.5	0.02	17	broker_net_output_per_requested_position	4.708251656565289
access_only	0.5	0.02	17	broker_selected_rank	0.9463322936618258
access_only	0.5	0.02	17	mean_degree	26.091650000000005
access_only	0.5	0.02	17	net_output_per_requested_position	4.549101925262822
access_only	0.5	0.02	17	outsourcing_rate	0.8577196202393023
access_only	0.5	0.02	17	q_gap	1.0907500015212583
access_only	0.5	0.02	17	rank_gap	0.30597213883677293
access_only	0.5	0.02	17	self_fill_rate	0.995853304037164
access_only	0.5	0.02	17	self_net_output_per_requested_position	3.5906559345018025
access_only	0.5	0.02	18	access_fraction	0.1900325830887604
access_only	0.5	0.02	18	agent_holdout_rank	0.7371656660412758
access_only	0.5	0.02	18	betweenness	0.6512075341344872
access_only	0.5	0.02	18	broker_fill_rate	0.9909269047773464
access_only	0.5	0.02	18	broker_holdout_rank	0.9864355534709194
access_only	0.5	0.02	18	broker_net_output_per_requested_position	4.745202190066349
access_only	0.5	0.02	18	broker_selected_rank	0.9579133139527055
access_only	0.5	0.02	18	mean_degree	25.944049999999997
access_only	0.5	0.02	18	net_output_per_requested_position	4.588091630695669
access_only	0.5	0.02	18	outsourcing_rate	0.8728343667202461
access_only	0.5	0.02	18	q_gap	1.225696805526284
access_only	0.5	0.02	18	rank_gap	0.2492698874296436
access_only	0.5	0.02	18	self_fill_rate	0.9941428110669603
access_only	0.5	0.02	18	self_net_output_per_requested_position	3.510587075039266
access_only	0.5	0.02	19	access_fraction	0.2006502904364927
access_only	0.5	0.02	19	agent_holdout_rank	0.682612851782364
access_only	0.5	0.02	19	betweenness	0.6051609091624277
access_only	0.5	0.02	19	broker_fill_rate	0.9930910342205841
access_only	0.5	0.02	19	broker_holdout_rank	0.9861100375234523
access_only	0.5	0.02	19	broker_net_output_per_requested_position	4.450401586519048
access_only	0.5	0.02	19	broker_selected_rank	0.9340218181197908
access_only	0.5	0.02	19	mean_degree	25.4714
access_only	0.5	0.02	19	net_output_per_requested_position	4.300721930335384
access_only	0.5	0.02	19	outsourcing_rate	0.8049388653601675
access_only	0.5	0.02	19	q_gap	0.7521966235095812
access_only	0.5	0.02	19	rank_gap	0.30349718574108836
access_only	0.5	0.02	19	self_fill_rate	0.99540078692189
access_only	0.5	0.02	19	self_net_output_per_requested_position	3.6833461436542256
access_only	0.5	0.02	2	access_fraction	0.17444050263893762
access_only	0.5	0.02	2	agent_holdout_rank	0.7466337711069417
access_only	0.5	0.02	2	betweenness	0.6449323963338791
access_only	0.5	0.02	2	broker_fill_rate	0.9939612170084435
access_only	0.5	0.02	2	broker_holdout_rank	0.9649483114446527
access_only	0.5	0.02	2	broker_net_output_per_requested_position	4.499433767907885
access_only	0.5	0.02	2	broker_selected_rank	0.9182209394895111
access_only	0.5	0.02	2	mean_degree	26.445749999999997
access_only	0.5	0.02	2	net_output_per_requested_position	4.388244098028006
access_only	0.5	0.02	2	outsourcing_rate	0.8619154842013479
access_only	0.5	0.02	2	q_gap	0.7690613288211041
access_only	0.5	0.02	2	rank_gap	0.21831454033771114
access_only	0.5	0.02	2	self_fill_rate	0.99400089428326
access_only	0.5	0.02	2	self_net_output_per_requested_position	3.696542067721771
access_only	0.5	0.02	20	access_fraction	0.1917519759179184
access_only	0.5	0.02	20	agent_holdout_rank	0.6942969043151972
access_only	0.5	0.02	20	betweenness	0.6592449642426128
access_only	0.5	0.02	20	broker_fill_rate	0.9931414149545921
access_only	0.5	0.02	20	broker_holdout_rank	0.9832060975609755
access_only	0.5	0.02	20	broker_net_output_per_requested_position	4.398113569374525
access_only	0.5	0.02	20	broker_selected_rank	0.8920318557764102
access_only	0.5	0.02	20	mean_degree	25.309450000000002
access_only	0.5	0.02	20	net_output_per_requested_position	4.311575716829816
access_only	0.5	0.02	20	outsourcing_rate	0.877394147922135
access_only	0.5	0.02	20	q_gap	0.6689421699704332
access_only	0.5	0.02	20	rank_gap	0.2889091932457786
access_only	0.5	0.02	20	self_fill_rate	0.9939919646388233
access_only	0.5	0.02	20	self_net_output_per_requested_position	3.6929215223055984
access_only	0.5	0.02	21	access_fraction	0.209441906965853
access_only	0.5	0.02	21	agent_holdout_rank	0.7856400562851782
access_only	0.5	0.02	21	betweenness	0.39514721762893046
access_only	0.5	0.02	21	broker_fill_rate	0.9845834231582735
access_only	0.5	0.02	21	broker_holdout_rank	0.9765416510318949
access_only	0.5	0.02	21	broker_net_output_per_requested_position	4.303831340163296
access_only	0.5	0.02	21	broker_selected_rank	0.9565992962087171
access_only	0.5	0.02	21	mean_degree	23.39705
access_only	0.5	0.02	21	net_output_per_requested_position	4.516076726109629
access_only	0.5	0.02	21	outsourcing_rate	0.5265596821716885
access_only	0.5	0.02	21	q_gap	-0.38953523273628926
access_only	0.5	0.02	21	rank_gap	0.19090159474671678
access_only	0.5	0.02	21	self_fill_rate	0.9934485757367314
access_only	0.5	0.02	21	self_net_output_per_requested_position	4.7524068314076455
access_only	0.5	0.02	22	access_fraction	0.1873718623578495
access_only	0.5	0.02	22	agent_holdout_rank	0.713277673545966
access_only	0.5	0.02	22	betweenness	0.6819723641319516
access_only	0.5	0.02	22	broker_fill_rate	0.9932449194854801
access_only	0.5	0.02	22	broker_holdout_rank	0.9852457786116322
access_only	0.5	0.02	22	broker_net_output_per_requested_position	4.888301227071496
access_only	0.5	0.02	22	broker_selected_rank	0.9421921737644521
access_only	0.5	0.02	22	mean_degree	25.928350000000002
access_only	0.5	0.02	22	net_output_per_requested_position	4.749808462239384
access_only	0.5	0.02	22	outsourcing_rate	0.8992277428039637
access_only	0.5	0.02	22	q_gap	1.3523285419341025
access_only	0.5	0.02	22	rank_gap	0.2719681050656661
access_only	0.5	0.02	22	self_fill_rate	0.9959877121572649
access_only	0.5	0.02	22	self_net_output_per_requested_position	3.515324298570312
access_only	0.5	0.02	23	access_fraction	0.19331354395082206
access_only	0.5	0.02	23	agent_holdout_rank	0.6856567542213884
access_only	0.5	0.02	23	betweenness	0.6483270733298879
access_only	0.5	0.02	23	broker_fill_rate	0.9942527198611837
access_only	0.5	0.02	23	broker_holdout_rank	0.9839837711069418
access_only	0.5	0.02	23	broker_net_output_per_requested_position	4.368663619782554
access_only	0.5	0.02	23	broker_selected_rank	0.9248495718245845
access_only	0.5	0.02	23	mean_degree	25.49705
access_only	0.5	0.02	23	net_output_per_requested_position	4.229934802339947
access_only	0.5	0.02	23	outsourcing_rate	0.8475704132521861
access_only	0.5	0.02	23	q_gap	0.8774703577983571
access_only	0.5	0.02	23	rank_gap	0.2983270168855534
access_only	0.5	0.02	23	self_fill_rate	0.9958397686768181
access_only	0.5	0.02	23	self_net_output_per_requested_position	3.4591312950774027
access_only	0.5	0.02	24	access_fraction	0.19187078659657253
access_only	0.5	0.02	24	agent_holdout_rank	0.7005128517823639
access_only	0.5	0.02	24	betweenness	0.631032512956232
access_only	0.5	0.02	24	broker_fill_rate	0.9927911232951765
access_only	0.5	0.02	24	broker_holdout_rank	0.9810722326454032
access_only	0.5	0.02	24	broker_net_output_per_requested_position	4.823359547116323
access_only	0.5	0.02	24	broker_selected_rank	0.9512657343251567
access_only	0.5	0.02	24	mean_degree	26.396499999999996
access_only	0.5	0.02	24	net_output_per_requested_position	4.6352817770010075
access_only	0.5	0.02	24	outsourcing_rate	0.8611013191908073
access_only	0.5	0.02	24	q_gap	1.3404059681237548
access_only	0.5	0.02	24	rank_gap	0.28055938086303944
access_only	0.5	0.02	24	self_fill_rate	0.9958712262425431
access_only	0.5	0.02	24	self_net_output_per_requested_position	3.4696578786163856
access_only	0.5	0.02	25	access_fraction	0.1970272451664319
access_only	0.5	0.02	25	agent_holdout_rank	0.6862523452157598
access_only	0.5	0.02	25	betweenness	0.6235263399861077
access_only	0.5	0.02	25	broker_fill_rate	0.9941585653153495
access_only	0.5	0.02	25	broker_holdout_rank	0.980528330206379
access_only	0.5	0.02	25	broker_net_output_per_requested_position	4.269600930244429
access_only	0.5	0.02	25	broker_selected_rank	0.9155217485070594
access_only	0.5	0.02	25	mean_degree	26.432850000000002
access_only	0.5	0.02	25	net_output_per_requested_position	4.164437731338328
access_only	0.5	0.02	25	outsourcing_rate	0.8899094193571783
access_only	0.5	0.02	25	q_gap	0.9430433792815336
access_only	0.5	0.02	25	rank_gap	0.29427598499061924
access_only	0.5	0.02	25	self_fill_rate	0.9974208718507505
access_only	0.5	0.02	25	self_net_output_per_requested_position	3.314053477280509
access_only	0.5	0.02	26	access_fraction	0.18898443344965174
access_only	0.5	0.02	26	agent_holdout_rank	0.6744639774859287
access_only	0.5	0.02	26	betweenness	0.612857688476412
access_only	0.5	0.02	26	broker_fill_rate	0.9943385436733185
access_only	0.5	0.02	26	broker_holdout_rank	0.983369981238274
access_only	0.5	0.02	26	broker_net_output_per_requested_position	4.326813488806896
access_only	0.5	0.02	26	broker_selected_rank	0.9108535845144695
access_only	0.5	0.02	26	mean_degree	26.256149999999998
access_only	0.5	0.02	26	net_output_per_requested_position	4.206225296318564
access_only	0.5	0.02	26	outsourcing_rate	0.8356614666767724
access_only	0.5	0.02	26	q_gap	0.7156101905765841
access_only	0.5	0.02	26	rank_gap	0.3089060037523453
access_only	0.5	0.02	26	self_fill_rate	0.9950243836823404
access_only	0.5	0.02	26	self_net_output_per_requested_position	3.594051312611028
access_only	0.5	0.02	27	access_fraction	0.1882171975178589
access_only	0.5	0.02	27	agent_holdout_rank	0.7056416510318948
access_only	0.5	0.02	27	betweenness	0.6604757416991649
access_only	0.5	0.02	27	broker_fill_rate	0.994881035933267
access_only	0.5	0.02	27	broker_holdout_rank	0.9825396810506566
access_only	0.5	0.02	27	broker_net_output_per_requested_position	4.422231627575053
access_only	0.5	0.02	27	broker_selected_rank	0.9097242416870575
access_only	0.5	0.02	27	mean_degree	25.805
access_only	0.5	0.02	27	net_output_per_requested_position	4.326531903055355
access_only	0.5	0.02	27	outsourcing_rate	0.8874405844044885
access_only	0.5	0.02	27	q_gap	0.8172703290363714
access_only	0.5	0.02	27	rank_gap	0.27689803001876184
access_only	0.5	0.02	27	self_fill_rate	0.9957206113767292
access_only	0.5	0.02	27	self_net_output_per_requested_position	3.5716436353514958
access_only	0.5	0.02	28	access_fraction	0.20119418312804904
access_only	0.5	0.02	28	agent_holdout_rank	0.6821272045028143
access_only	0.5	0.02	28	betweenness	0.5960726702810624
access_only	0.5	0.02	28	broker_fill_rate	0.9917854748349987
access_only	0.5	0.02	28	broker_holdout_rank	0.979543339587242
access_only	0.5	0.02	28	broker_net_output_per_requested_position	4.503990031330309
access_only	0.5	0.02	28	broker_selected_rank	0.950107464220957
access_only	0.5	0.02	28	mean_degree	26.202950000000005
access_only	0.5	0.02	28	net_output_per_requested_position	4.291513593013695
access_only	0.5	0.02	28	outsourcing_rate	0.7932859047660389
access_only	0.5	0.02	28	q_gap	1.0151417718293216
access_only	0.5	0.02	28	rank_gap	0.2974161350844279
access_only	0.5	0.02	28	self_fill_rate	0.9942017701992667
access_only	0.5	0.02	28	self_net_output_per_requested_position	3.476086435839065
access_only	0.5	0.02	29	access_fraction	0.19563956654557604
access_only	0.5	0.02	29	agent_holdout_rank	0.6964668855534708
access_only	0.5	0.02	29	betweenness	0.5965151637381295
access_only	0.5	0.02	29	broker_fill_rate	0.9919720287282049
access_only	0.5	0.02	29	broker_holdout_rank	0.9837772983114446
access_only	0.5	0.02	29	broker_net_output_per_requested_position	4.552386669749468
access_only	0.5	0.02	29	broker_selected_rank	0.9415841969723946
access_only	0.5	0.02	29	mean_degree	26.30045
access_only	0.5	0.02	29	net_output_per_requested_position	4.351421588259266
access_only	0.5	0.02	29	outsourcing_rate	0.836702375056964
access_only	0.5	0.02	29	q_gap	1.238526582043937
access_only	0.5	0.02	29	rank_gap	0.2873104127579738
access_only	0.5	0.02	29	self_fill_rate	0.9955838463682346
access_only	0.5	0.02	29	self_net_output_per_requested_position	3.321737485345383
access_only	0.5	0.02	3	access_fraction	0.20298088893164296
access_only	0.5	0.02	3	agent_holdout_rank	0.7641389305816135
access_only	0.5	0.02	3	betweenness	0.38636051152450995
access_only	0.5	0.02	3	broker_fill_rate	0.9796103886166998
access_only	0.5	0.02	3	broker_holdout_rank	0.9824050656660412
access_only	0.5	0.02	3	broker_net_output_per_requested_position	3.8318699719116838
access_only	0.5	0.02	3	broker_selected_rank	0.9462584659345431
access_only	0.5	0.02	3	mean_degree	21.85475
access_only	0.5	0.02	3	net_output_per_requested_position	4.136113448975082
access_only	0.5	0.02	3	outsourcing_rate	0.4476857076094068
access_only	0.5	0.02	3	q_gap	-0.4673678850312103
access_only	0.5	0.02	3	rank_gap	0.2182661350844278
access_only	0.5	0.02	3	self_fill_rate	0.9914096798184866
access_only	0.5	0.02	3	self_net_output_per_requested_position	4.382798407593613
access_only	0.5	0.02	30	access_fraction	0.18360588196387578
access_only	0.5	0.02	30	agent_holdout_rank	0.7357931519699813
access_only	0.5	0.02	30	betweenness	0.6498251086901943
access_only	0.5	0.02	30	broker_fill_rate	0.9910994913108169
access_only	0.5	0.02	30	broker_holdout_rank	0.9840409005628519
access_only	0.5	0.02	30	broker_net_output_per_requested_position	4.826380126276641
access_only	0.5	0.02	30	broker_selected_rank	0.9456230872424257
access_only	0.5	0.02	30	mean_degree	26.255149999999997
access_only	0.5	0.02	30	net_output_per_requested_position	4.668666569726723
access_only	0.5	0.02	30	outsourcing_rate	0.8835908241957282
access_only	0.5	0.02	30	q_gap	1.320162648207671
access_only	0.5	0.02	30	rank_gap	0.24824774859287055
access_only	0.5	0.02	30	self_fill_rate	0.9875697371369258
access_only	0.5	0.02	30	self_net_output_per_requested_position	3.473134281398216
access_only	0.5	0.02	31	access_fraction	0.1883837831488599
access_only	0.5	0.02	31	agent_holdout_rank	0.7275130393996248
access_only	0.5	0.02	31	betweenness	0.6619709573809567
access_only	0.5	0.02	31	broker_fill_rate	0.9947520028478873
access_only	0.5	0.02	31	broker_holdout_rank	0.9869377110694183
access_only	0.5	0.02	31	broker_net_output_per_requested_position	4.610674736273609
access_only	0.5	0.02	31	broker_selected_rank	0.9357673106309308
access_only	0.5	0.02	31	mean_degree	25.63975
access_only	0.5	0.02	31	net_output_per_requested_position	4.482142597230195
access_only	0.5	0.02	31	outsourcing_rate	0.8671787128112942
access_only	0.5	0.02	31	q_gap	0.9496731018841474
access_only	0.5	0.02	31	rank_gap	0.25942467166979355
access_only	0.5	0.02	31	self_fill_rate	0.9963283338212644
access_only	0.5	0.02	31	self_net_output_per_requested_position	3.6430690268274972
access_only	0.5	0.02	32	access_fraction	0.18468922515056846
access_only	0.5	0.02	32	agent_holdout_rank	0.7092591932457787
access_only	0.5	0.02	32	betweenness	0.6774328683281696
access_only	0.5	0.02	32	broker_fill_rate	0.9917996773331872
access_only	0.5	0.02	32	broker_holdout_rank	0.9870360225140713
access_only	0.5	0.02	32	broker_net_output_per_requested_position	4.624447534406273
access_only	0.5	0.02	32	broker_selected_rank	0.9287741828008114
access_only	0.5	0.02	32	mean_degree	24.772349999999996
access_only	0.5	0.02	32	net_output_per_requested_position	4.500604831148839
access_only	0.5	0.02	32	outsourcing_rate	0.8661767179933697
access_only	0.5	0.02	32	q_gap	0.9214434466625685
access_only	0.5	0.02	32	rank_gap	0.27777682926829267
access_only	0.5	0.02	32	self_fill_rate	0.9953492329878445
access_only	0.5	0.02	32	self_net_output_per_requested_position	3.6984858440105723
access_only	0.5	0.02	33	access_fraction	0.18953592502337194
access_only	0.5	0.02	33	agent_holdout_rank	0.7303166041275797
access_only	0.5	0.02	33	betweenness	0.6573779380498154
access_only	0.5	0.02	33	broker_fill_rate	0.9946254872472589
access_only	0.5	0.02	33	broker_holdout_rank	0.9902122889305813
access_only	0.5	0.02	33	broker_net_output_per_requested_position	4.728065972463478
access_only	0.5	0.02	33	broker_selected_rank	0.9494789313186571
access_only	0.5	0.02	33	mean_degree	26.82955
access_only	0.5	0.02	33	net_output_per_requested_position	4.573862671554778
access_only	0.5	0.02	33	outsourcing_rate	0.8804299011345493
access_only	0.5	0.02	33	q_gap	1.2648006290176321
access_only	0.5	0.02	33	rank_gap	0.25989568480300185
access_only	0.5	0.02	33	self_fill_rate	0.9978332879233003
access_only	0.5	0.02	33	self_net_output_per_requested_position	3.440065742145214
access_only	0.5	0.02	34	access_fraction	0.19787483478439555
access_only	0.5	0.02	34	agent_holdout_rank	0.6929481238273921
access_only	0.5	0.02	34	betweenness	0.6382556960238197
access_only	0.5	0.02	34	broker_fill_rate	0.9915897526604169
access_only	0.5	0.02	34	broker_holdout_rank	0.9721269230769233
access_only	0.5	0.02	34	broker_net_output_per_requested_position	4.521928258699139
access_only	0.5	0.02	34	broker_selected_rank	0.9468431377204729
access_only	0.5	0.02	34	mean_degree	25.8714
access_only	0.5	0.02	34	net_output_per_requested_position	4.371343760466506
access_only	0.5	0.02	34	outsourcing_rate	0.8406702448440198
access_only	0.5	0.02	34	q_gap	0.9449878604171417
access_only	0.5	0.02	34	rank_gap	0.27917879924953104
access_only	0.5	0.02	34	self_fill_rate	0.9916918249257641
access_only	0.5	0.02	34	self_net_output_per_requested_position	3.5760148078805947
access_only	0.5	0.02	35	access_fraction	0.19168226449167605
access_only	0.5	0.02	35	agent_holdout_rank	0.7021557223264541
access_only	0.5	0.02	35	betweenness	0.6560938435860371
access_only	0.5	0.02	35	broker_fill_rate	0.9951316775365333
access_only	0.5	0.02	35	broker_holdout_rank	0.9840873358348967
access_only	0.5	0.02	35	broker_net_output_per_requested_position	4.369959424251302
access_only	0.5	0.02	35	broker_selected_rank	0.8984870745229914
access_only	0.5	0.02	35	mean_degree	25.82525
access_only	0.5	0.02	35	net_output_per_requested_position	4.2824340213788386
access_only	0.5	0.02	35	outsourcing_rate	0.9032278898897227
access_only	0.5	0.02	35	q_gap	0.8723610741623837
access_only	0.5	0.02	35	rank_gap	0.2819316135084426
access_only	0.5	0.02	35	self_fill_rate	0.9955088538834442
access_only	0.5	0.02	35	self_net_output_per_requested_position	3.467075599951143
access_only	0.5	0.02	36	access_fraction	0.18708024209945234
access_only	0.5	0.02	36	agent_holdout_rank	0.6836683864915571
access_only	0.5	0.02	36	betweenness	0.6650955638467987
access_only	0.5	0.02	36	broker_fill_rate	0.9942520574852741
access_only	0.5	0.02	36	broker_holdout_rank	0.9827381801125703
access_only	0.5	0.02	36	broker_net_output_per_requested_position	4.43807517414215
access_only	0.5	0.02	36	broker_selected_rank	0.8979691653472548
access_only	0.5	0.02	36	mean_degree	25.661900000000003
access_only	0.5	0.02	36	net_output_per_requested_position	4.357326647152444
access_only	0.5	0.02	36	outsourcing_rate	0.8806704700912953
access_only	0.5	0.02	36	q_gap	0.6482915622513372
access_only	0.5	0.02	36	rank_gap	0.29906979362101316
access_only	0.5	0.02	36	self_fill_rate	0.9957018635269203
access_only	0.5	0.02	36	self_net_output_per_requested_position	3.762254245194409
access_only	0.5	0.02	37	access_fraction	0.2042046956829922
access_only	0.5	0.02	37	agent_holdout_rank	0.6539153846153847
access_only	0.5	0.02	37	betweenness	0.5794784946209127
access_only	0.5	0.02	37	broker_fill_rate	0.9934176372883396
access_only	0.5	0.02	37	broker_holdout_rank	0.9816233583489684
access_only	0.5	0.02	37	broker_net_output_per_requested_position	4.498063615265001
access_only	0.5	0.02	37	broker_selected_rank	0.9405038165974551
access_only	0.5	0.02	37	mean_degree	25.470250000000004
access_only	0.5	0.02	37	net_output_per_requested_position	4.330295016793113
access_only	0.5	0.02	37	outsourcing_rate	0.7999777957946866
access_only	0.5	0.02	37	q_gap	0.8379922320953218
access_only	0.5	0.02	37	rank_gap	0.32770797373358357
access_only	0.5	0.02	37	self_fill_rate	0.996596443718927
access_only	0.5	0.02	37	self_net_output_per_requested_position	3.659190361414924
access_only	0.5	0.02	38	access_fraction	0.19062254271627072
access_only	0.5	0.02	38	agent_holdout_rank	0.7005945590994371
access_only	0.5	0.02	38	betweenness	0.6390114687434031
access_only	0.5	0.02	38	broker_fill_rate	0.9944713471295312
access_only	0.5	0.02	38	broker_holdout_rank	0.9850918386491557
access_only	0.5	0.02	38	broker_net_output_per_requested_position	4.467174197281257
access_only	0.5	0.02	38	broker_selected_rank	0.9302193555101914
access_only	0.5	0.02	38	mean_degree	26.237650000000002
access_only	0.5	0.02	38	net_output_per_requested_position	4.336528054146207
access_only	0.5	0.02	38	outsourcing_rate	0.8501702670281087
access_only	0.5	0.02	38	q_gap	0.8539583728771701
access_only	0.5	0.02	38	rank_gap	0.28449727954971865
access_only	0.5	0.02	38	self_fill_rate	0.9966350480804689
access_only	0.5	0.02	38	self_net_output_per_requested_position	3.5947093476048577
access_only	0.5	0.02	39	access_fraction	0.19348261635844738
access_only	0.5	0.02	39	agent_holdout_rank	0.6837621013133208
access_only	0.5	0.02	39	betweenness	0.646170844349111
access_only	0.5	0.02	39	broker_fill_rate	0.9932938491521739
access_only	0.5	0.02	39	broker_holdout_rank	0.9854361163227017
access_only	0.5	0.02	39	broker_net_output_per_requested_position	4.541750902958851
access_only	0.5	0.02	39	broker_selected_rank	0.9305694409666782
access_only	0.5	0.02	39	mean_degree	25.708950000000005
access_only	0.5	0.02	39	net_output_per_requested_position	4.409572073437253
access_only	0.5	0.02	39	outsourcing_rate	0.888700825167656
access_only	0.5	0.02	39	q_gap	1.1697955512416354
access_only	0.5	0.02	39	rank_gap	0.30167401500938096
access_only	0.5	0.02	39	self_fill_rate	0.9952051510875293
access_only	0.5	0.02	39	self_net_output_per_requested_position	3.355908376492805
access_only	0.5	0.02	4	access_fraction	0.19308835119377835
access_only	0.5	0.02	4	agent_holdout_rank	0.7434709193245779
access_only	0.5	0.02	4	betweenness	0.582070249110021
access_only	0.5	0.02	4	broker_fill_rate	0.9889472030728099
access_only	0.5	0.02	4	broker_holdout_rank	0.9816093808630395
access_only	0.5	0.02	4	broker_net_output_per_requested_position	5.026152965718924
access_only	0.5	0.02	4	broker_selected_rank	0.949152285760454
access_only	0.5	0.02	4	mean_degree	22.941650000000003
access_only	0.5	0.02	4	net_output_per_requested_position	4.9618695653255065
access_only	0.5	0.02	4	outsourcing_rate	0.6490800146535277
access_only	0.5	0.02	4	q_gap	0.24035472009751624
access_only	0.5	0.02	4	rank_gap	0.23813846153846172
access_only	0.5	0.02	4	self_fill_rate	0.995835092952365
access_only	0.5	0.02	4	self_net_output_per_requested_position	4.8439688151260665
access_only	0.5	0.02	40	access_fraction	0.1958442863581471
access_only	0.5	0.02	40	agent_holdout_rank	0.6353927767354597
access_only	0.5	0.02	40	betweenness	0.6477158662414949
access_only	0.5	0.02	40	broker_fill_rate	0.9941576748914432
access_only	0.5	0.02	40	broker_holdout_rank	0.9799194183864917
access_only	0.5	0.02	40	broker_net_output_per_requested_position	4.433349574735558
access_only	0.5	0.02	40	broker_selected_rank	0.9426806022628291
access_only	0.5	0.02	40	mean_degree	26.063649999999996
access_only	0.5	0.02	40	net_output_per_requested_position	4.266096662874252
access_only	0.5	0.02	40	outsourcing_rate	0.8467083564733933
access_only	0.5	0.02	40	q_gap	1.0729378047819593
access_only	0.5	0.02	40	rank_gap	0.34452664165103186
access_only	0.5	0.02	40	self_fill_rate	0.9963565406128533
access_only	0.5	0.02	40	self_net_output_per_requested_position	3.3427233452404588
access_only	0.5	0.02	41	access_fraction	0.1999295689480672
access_only	0.5	0.02	41	agent_holdout_rank	0.7262211069418385
access_only	0.5	0.02	41	betweenness	0.6206435669563525
access_only	0.5	0.02	41	broker_fill_rate	0.9912437771357645
access_only	0.5	0.02	41	broker_holdout_rank	0.9840111632270171
access_only	0.5	0.02	41	broker_net_output_per_requested_position	4.54735130788932
access_only	0.5	0.02	41	broker_selected_rank	0.9368835419555058
access_only	0.5	0.02	41	mean_degree	25.816499999999998
access_only	0.5	0.02	41	net_output_per_requested_position	4.419475784068852
access_only	0.5	0.02	41	outsourcing_rate	0.8645515373517565
access_only	0.5	0.02	41	q_gap	0.9390211914180059
access_only	0.5	0.02	41	rank_gap	0.25779005628517837
access_only	0.5	0.02	41	self_fill_rate	0.9922587439851054
access_only	0.5	0.02	41	self_net_output_per_requested_position	3.6057985726015636
access_only	0.5	0.02	42	access_fraction	0.20395156152630167
access_only	0.5	0.02	42	agent_holdout_rank	0.724463320825516
access_only	0.5	0.02	42	betweenness	0.6155412374253553
access_only	0.5	0.02	42	broker_fill_rate	0.9928247394040965
access_only	0.5	0.02	42	broker_holdout_rank	0.9877123827392122
access_only	0.5	0.02	42	broker_net_output_per_requested_position	4.575261390547107
access_only	0.5	0.02	42	broker_selected_rank	0.9326354329902647
access_only	0.5	0.02	42	mean_degree	25.6487
access_only	0.5	0.02	42	net_output_per_requested_position	4.466297750896455
access_only	0.5	0.02	42	outsourcing_rate	0.7931792633657796
access_only	0.5	0.02	42	q_gap	0.5425996477192546
access_only	0.5	0.02	42	rank_gap	0.263249061913696
access_only	0.5	0.02	42	self_fill_rate	0.9974242783201077
access_only	0.5	0.02	42	self_net_output_per_requested_position	4.049002423178737
access_only	0.5	0.02	43	access_fraction	0.19677351654256686
access_only	0.5	0.02	43	agent_holdout_rank	0.6917254221388366
access_only	0.5	0.02	43	betweenness	0.6458427555856606
access_only	0.5	0.02	43	broker_fill_rate	0.9938647119893529
access_only	0.5	0.02	43	broker_holdout_rank	0.9734465290806753
access_only	0.5	0.02	43	broker_net_output_per_requested_position	4.170452360877876
access_only	0.5	0.02	43	broker_selected_rank	0.9122761842986696
access_only	0.5	0.02	43	mean_degree	27.148650000000004
access_only	0.5	0.02	43	net_output_per_requested_position	4.045381358291943
access_only	0.5	0.02	43	outsourcing_rate	0.8982051205919863
access_only	0.5	0.02	43	q_gap	1.196695792352747
access_only	0.5	0.02	43	rank_gap	0.2817211069418386
access_only	0.5	0.02	43	self_fill_rate	0.9940881697023018
access_only	0.5	0.02	43	self_net_output_per_requested_position	2.9426510741424465
access_only	0.5	0.02	44	access_fraction	0.20022555694371774
access_only	0.5	0.02	44	agent_holdout_rank	0.7332623827392121
access_only	0.5	0.02	44	betweenness	0.6464806514234345
access_only	0.5	0.02	44	broker_fill_rate	0.9936200148553569
access_only	0.5	0.02	44	broker_holdout_rank	0.9787644465290807
access_only	0.5	0.02	44	broker_net_output_per_requested_position	4.7320705862806705
access_only	0.5	0.02	44	broker_selected_rank	0.9465910742856473
access_only	0.5	0.02	44	mean_degree	25.541950000000003
access_only	0.5	0.02	44	net_output_per_requested_position	4.534032637161555
access_only	0.5	0.02	44	outsourcing_rate	0.8608484809576277
access_only	0.5	0.02	44	q_gap	1.401714259436055
access_only	0.5	0.02	44	rank_gap	0.24550206378986877
access_only	0.5	0.02	44	self_fill_rate	0.9964117335717333
access_only	0.5	0.02	44	self_net_output_per_requested_position	3.3099076775367715
access_only	0.5	0.02	45	access_fraction	0.18997641151290814
access_only	0.5	0.02	45	agent_holdout_rank	0.7203342401500938
access_only	0.5	0.02	45	betweenness	0.5930532254889456
access_only	0.5	0.02	45	broker_fill_rate	0.9930698724171609
access_only	0.5	0.02	45	broker_holdout_rank	0.9821124765478425
access_only	0.5	0.02	45	broker_net_output_per_requested_position	4.429233313296896
access_only	0.5	0.02	45	broker_selected_rank	0.9394489006940271
access_only	0.5	0.02	45	mean_degree	26.6332
access_only	0.5	0.02	45	net_output_per_requested_position	4.291034112202368
access_only	0.5	0.02	45	outsourcing_rate	0.8602208520520971
access_only	0.5	0.02	45	q_gap	0.9720268802059389
access_only	0.5	0.02	45	rank_gap	0.26177823639774866
access_only	0.5	0.02	45	self_fill_rate	0.9950306397291261
access_only	0.5	0.02	45	self_net_output_per_requested_position	3.444261672773609
access_only	0.5	0.02	46	access_fraction	0.2126851923218195
access_only	0.5	0.02	46	agent_holdout_rank	0.7167906191369606
access_only	0.5	0.02	46	betweenness	0.4875014971204334
access_only	0.5	0.02	46	broker_fill_rate	0.9892433042883175
access_only	0.5	0.02	46	broker_holdout_rank	0.9838687617260786
access_only	0.5	0.02	46	broker_net_output_per_requested_position	4.39407703319622
access_only	0.5	0.02	46	broker_selected_rank	0.9544900611115779
access_only	0.5	0.02	46	mean_degree	24.2415
access_only	0.5	0.02	46	net_output_per_requested_position	4.379012083115164
access_only	0.5	0.02	46	outsourcing_rate	0.6278251687452077
access_only	0.5	0.02	46	q_gap	0.07135447741467771
access_only	0.5	0.02	46	rank_gap	0.26707814258911816
access_only	0.5	0.02	46	self_fill_rate	0.9956701042110916
access_only	0.5	0.02	46	self_net_output_per_requested_position	4.353879081777352
access_only	0.5	0.02	47	access_fraction	0.18072719534376339
access_only	0.5	0.02	47	agent_holdout_rank	0.7145983114446528
access_only	0.5	0.02	47	betweenness	0.665178692494254
access_only	0.5	0.02	47	broker_fill_rate	0.9919299203455421
access_only	0.5	0.02	47	broker_holdout_rank	0.9853036585365855
access_only	0.5	0.02	47	broker_net_output_per_requested_position	4.9841857976357575
access_only	0.5	0.02	47	broker_selected_rank	0.955068917962717
access_only	0.5	0.02	47	mean_degree	24.95155
access_only	0.5	0.02	47	net_output_per_requested_position	4.803947126242837
access_only	0.5	0.02	47	outsourcing_rate	0.8559784167354175
access_only	0.5	0.02	47	q_gap	1.2409772933782315
access_only	0.5	0.02	47	rank_gap	0.27070534709193256
access_only	0.5	0.02	47	self_fill_rate	0.9968109993740046
access_only	0.5	0.02	47	self_net_output_per_requested_position	3.734130172561796
access_only	0.5	0.02	48	access_fraction	0.20554093296318715
access_only	0.5	0.02	48	agent_holdout_rank	0.6453779549718575
access_only	0.5	0.02	48	betweenness	0.5841911839139902
access_only	0.5	0.02	48	broker_fill_rate	0.993521803399273
access_only	0.5	0.02	48	broker_holdout_rank	0.983954502814259
access_only	0.5	0.02	48	broker_net_output_per_requested_position	4.446646799315429
access_only	0.5	0.02	48	broker_selected_rank	0.9390832684313611
access_only	0.5	0.02	48	mean_degree	26.824450000000002
access_only	0.5	0.02	48	net_output_per_requested_position	4.258507470995025
access_only	0.5	0.02	48	outsourcing_rate	0.8263693243479471
access_only	0.5	0.02	48	q_gap	1.077767068254008
access_only	0.5	0.02	48	rank_gap	0.3385765478424015
access_only	0.5	0.02	48	self_fill_rate	0.9950638302062433
access_only	0.5	0.02	48	self_net_output_per_requested_position	3.363469080596571
access_only	0.5	0.02	49	access_fraction	0.20054883392303688
access_only	0.5	0.02	49	agent_holdout_rank	0.6984181988742966
access_only	0.5	0.02	49	betweenness	0.6257173086299388
access_only	0.5	0.02	49	broker_fill_rate	0.9930013581844952
access_only	0.5	0.02	49	broker_holdout_rank	0.9791106003752347
access_only	0.5	0.02	49	broker_net_output_per_requested_position	4.456438204231839
access_only	0.5	0.02	49	broker_selected_rank	0.9358260255350748
access_only	0.5	0.02	49	mean_degree	25.799799999999998
access_only	0.5	0.02	49	net_output_per_requested_position	4.32567957699186
access_only	0.5	0.02	49	outsourcing_rate	0.8644440403718301
access_only	0.5	0.02	49	q_gap	0.9475676350511689
access_only	0.5	0.02	49	rank_gap	0.2806924015009381
access_only	0.5	0.02	49	self_fill_rate	0.9943609941477318
access_only	0.5	0.02	49	self_net_output_per_requested_position	3.493108643381298
access_only	0.5	0.02	5	access_fraction	0.18274670940270385
access_only	0.5	0.02	5	agent_holdout_rank	0.7139609756097562
access_only	0.5	0.02	5	betweenness	0.6712601072856736
access_only	0.5	0.02	5	broker_fill_rate	0.9943141543026164
access_only	0.5	0.02	5	broker_holdout_rank	0.9805575984990618
access_only	0.5	0.02	5	broker_net_output_per_requested_position	4.548226450665387
access_only	0.5	0.02	5	broker_selected_rank	0.9060264016631558
access_only	0.5	0.02	5	mean_degree	25.93175
access_only	0.5	0.02	5	net_output_per_requested_position	4.468232495371193
access_only	0.5	0.02	5	outsourcing_rate	0.8824876827004484
access_only	0.5	0.02	5	q_gap	0.6565548278471142
access_only	0.5	0.02	5	rank_gap	0.2665966228893059
access_only	0.5	0.02	5	self_fill_rate	0.9951877601792403
access_only	0.5	0.02	5	self_net_output_per_requested_position	3.8687319746971403
access_only	0.5	0.02	50	access_fraction	0.1854528832154248
access_only	0.5	0.02	50	agent_holdout_rank	0.7124708255159474
access_only	0.5	0.02	50	betweenness	0.6354351372469234
access_only	0.5	0.02	50	broker_fill_rate	0.9912357273482891
access_only	0.5	0.02	50	broker_holdout_rank	0.9803369606003753
access_only	0.5	0.02	50	broker_net_output_per_requested_position	4.735656693105057
access_only	0.5	0.02	50	broker_selected_rank	0.9407877247431975
access_only	0.5	0.02	50	mean_degree	25.2612
access_only	0.5	0.02	50	net_output_per_requested_position	4.600955275695732
access_only	0.5	0.02	50	outsourcing_rate	0.8329142169603505
access_only	0.5	0.02	50	q_gap	0.8483843720384968
access_only	0.5	0.02	50	rank_gap	0.2678661350844279
access_only	0.5	0.02	50	self_fill_rate	0.9946620564862834
access_only	0.5	0.02	50	self_net_output_per_requested_position	3.930742006975584
access_only	0.5	0.02	6	access_fraction	0.1999532277563168
access_only	0.5	0.02	6	agent_holdout_rank	0.6819429643527204
access_only	0.5	0.02	6	betweenness	0.5746562913942905
access_only	0.5	0.02	6	broker_fill_rate	0.9914122940559309
access_only	0.5	0.02	6	broker_holdout_rank	0.9756035647279548
access_only	0.5	0.02	6	broker_net_output_per_requested_position	4.7006835271013525
access_only	0.5	0.02	6	broker_selected_rank	0.9437319410034416
access_only	0.5	0.02	6	mean_degree	24.665750000000003
access_only	0.5	0.02	6	net_output_per_requested_position	4.575766546497395
access_only	0.5	0.02	6	outsourcing_rate	0.7347964187745817
access_only	0.5	0.02	6	q_gap	0.47232236489921375
access_only	0.5	0.02	6	rank_gap	0.29366060037523445
access_only	0.5	0.02	6	self_fill_rate	0.9963701545168995
access_only	0.5	0.02	6	self_net_output_per_requested_position	4.229535929346232
access_only	0.5	0.02	7	access_fraction	0.21376463949660024
access_only	0.5	0.02	7	agent_holdout_rank	0.7257385553470921
access_only	0.5	0.02	7	betweenness	0.45024397452235565
access_only	0.5	0.02	7	broker_fill_rate	0.9884384737393989
access_only	0.5	0.02	7	broker_holdout_rank	0.9707491557223266
access_only	0.5	0.02	7	broker_net_output_per_requested_position	4.091919980747902
access_only	0.5	0.02	7	broker_selected_rank	0.9352788475347864
access_only	0.5	0.02	7	mean_degree	22.428800000000003
access_only	0.5	0.02	7	net_output_per_requested_position	4.15160945491099
access_only	0.5	0.02	7	outsourcing_rate	0.5731729386393407
access_only	0.5	0.02	7	q_gap	-0.09077169961599138
access_only	0.5	0.02	7	rank_gap	0.24501060037523445
access_only	0.5	0.02	7	self_fill_rate	0.9951963728983685
access_only	0.5	0.02	7	self_net_output_per_requested_position	4.231846033703008
access_only	0.5	0.02	8	access_fraction	0.19678076470158137
access_only	0.5	0.02	8	agent_holdout_rank	0.7451448405253284
access_only	0.5	0.02	8	betweenness	0.5285513257693202
access_only	0.5	0.02	8	broker_fill_rate	0.9921080794175483
access_only	0.5	0.02	8	broker_holdout_rank	0.9807727954971857
access_only	0.5	0.02	8	broker_net_output_per_requested_position	4.190141971851682
access_only	0.5	0.02	8	broker_selected_rank	0.910598489664674
access_only	0.5	0.02	8	mean_degree	25.975849999999998
access_only	0.5	0.02	8	net_output_per_requested_position	4.137342328554685
access_only	0.5	0.02	8	outsourcing_rate	0.752716196618801
access_only	0.5	0.02	8	q_gap	0.22437621032406535
access_only	0.5	0.02	8	rank_gap	0.23562795497185732
access_only	0.5	0.02	8	self_fill_rate	0.9939586300896395
access_only	0.5	0.02	8	self_net_output_per_requested_position	3.977328071465564
access_only	0.5	0.02	9	access_fraction	0.20862438565641733
access_only	0.5	0.02	9	agent_holdout_rank	0.711841932457786
access_only	0.5	0.02	9	betweenness	0.5746020132687633
access_only	0.5	0.02	9	broker_fill_rate	0.9905092336529169
access_only	0.5	0.02	9	broker_holdout_rank	0.979692589118199
access_only	0.5	0.02	9	broker_net_output_per_requested_position	4.651026272825539
access_only	0.5	0.02	9	broker_selected_rank	0.9561097029837489
access_only	0.5	0.02	9	mean_degree	24.89985
access_only	0.5	0.02	9	net_output_per_requested_position	4.496649389357995
access_only	0.5	0.02	9	outsourcing_rate	0.7492078914317115
access_only	0.5	0.02	9	q_gap	0.6487270487751466
access_only	0.5	0.02	9	rank_gap	0.2678506566604128
access_only	0.5	0.02	9	self_fill_rate	0.9929003408431134
access_only	0.5	0.02	9	self_net_output_per_requested_position	4.036853847242408
access_only	0.5	0.03	1	access_fraction	0.243470880712572
access_only	0.5	0.03	1	agent_holdout_rank	0.7066683864915573
access_only	0.5	0.03	1	betweenness	0.6977030502864401
access_only	0.5	0.03	1	broker_fill_rate	0.9920762694750668
access_only	0.5	0.03	1	broker_holdout_rank	0.9858122889305818
access_only	0.5	0.03	1	broker_net_output_per_requested_position	4.645877748574596
access_only	0.5	0.03	1	broker_selected_rank	0.9415857993021722
access_only	0.5	0.03	1	mean_degree	23.607999999999997
access_only	0.5	0.03	1	net_output_per_requested_position	4.539097618792242
access_only	0.5	0.03	1	outsourcing_rate	0.9088389949732578
access_only	0.5	0.03	1	q_gap	1.159955585031637
access_only	0.5	0.03	1	rank_gap	0.2791439024390245
access_only	0.5	0.03	1	self_fill_rate	0.9955369123762287
access_only	0.5	0.03	1	self_net_output_per_requested_position	3.4762276598007693
access_only	0.5	0.03	10	access_fraction	0.29743540445913147
access_only	0.5	0.03	10	agent_holdout_rank	0.7198409943714823
access_only	0.5	0.03	10	betweenness	0.47136665466425304
access_only	0.5	0.03	10	broker_fill_rate	0.9853034927323137
access_only	0.5	0.03	10	broker_holdout_rank	0.9857363039399626
access_only	0.5	0.03	10	broker_net_output_per_requested_position	4.033747516682197
access_only	0.5	0.03	10	broker_selected_rank	0.9334425464314707
access_only	0.5	0.03	10	mean_degree	20.9626
access_only	0.5	0.03	10	net_output_per_requested_position	4.176997182597775
access_only	0.5	0.03	10	outsourcing_rate	0.5587298340324521
access_only	0.5	0.03	10	q_gap	-0.2655369547981356
access_only	0.5	0.03	10	rank_gap	0.2658953095684803
access_only	0.5	0.03	10	self_fill_rate	0.9936555745327148
access_only	0.5	0.03	10	self_net_output_per_requested_position	4.358663778893186
access_only	0.5	0.03	11	access_fraction	0.2546613482240189
access_only	0.5	0.03	11	agent_holdout_rank	0.7239073170731707
access_only	0.5	0.03	11	betweenness	0.7189270978746373
access_only	0.5	0.03	11	broker_fill_rate	0.9911133474837349
access_only	0.5	0.03	11	broker_holdout_rank	0.985617636022514
access_only	0.5	0.03	11	broker_net_output_per_requested_position	4.760438811439639
access_only	0.5	0.03	11	broker_selected_rank	0.937888220514336
access_only	0.5	0.03	11	mean_degree	23.827400000000004
access_only	0.5	0.03	11	net_output_per_requested_position	4.656615424332031
access_only	0.5	0.03	11	outsourcing_rate	0.9301940352239209
access_only	0.5	0.03	11	q_gap	1.4647077776091162
access_only	0.5	0.03	11	rank_gap	0.26171031894934316
access_only	0.5	0.03	11	self_fill_rate	0.9915649904928129
access_only	0.5	0.03	11	self_net_output_per_requested_position	3.2790899235896847
access_only	0.5	0.03	12	access_fraction	0.25987553186606066
access_only	0.5	0.03	12	agent_holdout_rank	0.6716274859287055
access_only	0.5	0.03	12	betweenness	0.7181497156142765
access_only	0.5	0.03	12	broker_fill_rate	0.9934900783497784
access_only	0.5	0.03	12	broker_holdout_rank	0.9863224202626641
access_only	0.5	0.03	12	broker_net_output_per_requested_position	4.617757037698562
access_only	0.5	0.03	12	broker_selected_rank	0.9436368024641245
access_only	0.5	0.03	12	mean_degree	23.1521
access_only	0.5	0.03	12	net_output_per_requested_position	4.502398840594597
access_only	0.5	0.03	12	outsourcing_rate	0.9149111252821356
access_only	0.5	0.03	12	q_gap	1.3367456616875837
access_only	0.5	0.03	12	rank_gap	0.3146949343339587
access_only	0.5	0.03	12	self_fill_rate	0.9952263206913446
access_only	0.5	0.03	12	self_net_output_per_requested_position	3.2635556540169697
access_only	0.5	0.03	13	access_fraction	0.24726466978848274
access_only	0.5	0.03	13	agent_holdout_rank	0.7073947467166979
access_only	0.5	0.03	13	betweenness	0.6925946514109739
access_only	0.5	0.03	13	broker_fill_rate	0.9888282378042916
access_only	0.5	0.03	13	broker_holdout_rank	0.9859678236397749
access_only	0.5	0.03	13	broker_net_output_per_requested_position	4.869811271389229
access_only	0.5	0.03	13	broker_selected_rank	0.9520536348070184
access_only	0.5	0.03	13	mean_degree	22.83315
access_only	0.5	0.03	13	net_output_per_requested_position	4.687361331978616
access_only	0.5	0.03	13	outsourcing_rate	0.8890594795845423
access_only	0.5	0.03	13	q_gap	1.642205216202338
access_only	0.5	0.03	13	rank_gap	0.27857307692307687
access_only	0.5	0.03	13	self_fill_rate	0.9903756091848728
access_only	0.5	0.03	13	self_net_output_per_requested_position	3.227070585712945
access_only	0.5	0.03	14	access_fraction	0.25907544356393364
access_only	0.5	0.03	14	agent_holdout_rank	0.7562631332082551
access_only	0.5	0.03	14	betweenness	0.7075380816075543
access_only	0.5	0.03	14	broker_fill_rate	0.9919214015139272
access_only	0.5	0.03	14	broker_holdout_rank	0.984912382739212
access_only	0.5	0.03	14	broker_net_output_per_requested_position	4.2623709040137125
access_only	0.5	0.03	14	broker_selected_rank	0.9066397397815444
access_only	0.5	0.03	14	mean_degree	23.842149999999997
access_only	0.5	0.03	14	net_output_per_requested_position	4.156276638968246
access_only	0.5	0.03	14	outsourcing_rate	0.9139866839497625
access_only	0.5	0.03	14	q_gap	1.175128790218117
access_only	0.5	0.03	14	rank_gap	0.22864924953095675
access_only	0.5	0.03	14	self_fill_rate	0.9876974319613776
access_only	0.5	0.03	14	self_net_output_per_requested_position	3.0302548574426966
access_only	0.5	0.03	15	access_fraction	0.2441880264819522
access_only	0.5	0.03	15	agent_holdout_rank	0.6993473733583488
access_only	0.5	0.03	15	betweenness	0.7052687910363006
access_only	0.5	0.03	15	broker_fill_rate	0.9941181089990352
access_only	0.5	0.03	15	broker_holdout_rank	0.986315666041276
access_only	0.5	0.03	15	broker_net_output_per_requested_position	4.3250969484978175
access_only	0.5	0.03	15	broker_selected_rank	0.9206979958434663
access_only	0.5	0.03	15	mean_degree	23.91915
access_only	0.5	0.03	15	net_output_per_requested_position	4.224996859872766
access_only	0.5	0.03	15	outsourcing_rate	0.9017467872921271
access_only	0.5	0.03	15	q_gap	0.987294587258613
access_only	0.5	0.03	15	rank_gap	0.28696829268292695
access_only	0.5	0.03	15	self_fill_rate	0.9962944226407744
access_only	0.5	0.03	15	self_net_output_per_requested_position	3.30640525378136
access_only	0.5	0.03	16	access_fraction	0.2545132406266397
access_only	0.5	0.03	16	agent_holdout_rank	0.6850987804878048
access_only	0.5	0.03	16	betweenness	0.7260536546466024
access_only	0.5	0.03	16	broker_fill_rate	0.9937547915597641
access_only	0.5	0.03	16	broker_holdout_rank	0.9785517823639776
access_only	0.5	0.03	16	broker_net_output_per_requested_position	4.239753950911423
access_only	0.5	0.03	16	broker_selected_rank	0.9161736250794503
access_only	0.5	0.03	16	mean_degree	23.718899999999998
access_only	0.5	0.03	16	net_output_per_requested_position	4.163192224993805
access_only	0.5	0.03	16	outsourcing_rate	0.9379156051295119
access_only	0.5	0.03	16	q_gap	1.2080293148842642
access_only	0.5	0.03	16	rank_gap	0.2934530018761726
access_only	0.5	0.03	16	self_fill_rate	0.9942474584111588
access_only	0.5	0.03	16	self_net_output_per_requested_position	3.010401506777361
access_only	0.5	0.03	17	access_fraction	0.24585700854822828
access_only	0.5	0.03	17	agent_holdout_rank	0.6711913696060037
access_only	0.5	0.03	17	betweenness	0.7073039655829297
access_only	0.5	0.03	17	broker_fill_rate	0.9940244239653053
access_only	0.5	0.03	17	broker_holdout_rank	0.981528330206379
access_only	0.5	0.03	17	broker_net_output_per_requested_position	4.530510869232591
access_only	0.5	0.03	17	broker_selected_rank	0.93699410270032
access_only	0.5	0.03	17	mean_degree	23.089399999999998
access_only	0.5	0.03	17	net_output_per_requested_position	4.410458310050404
access_only	0.5	0.03	17	outsourcing_rate	0.8976885398620332
access_only	0.5	0.03	17	q_gap	1.1409063951344638
access_only	0.5	0.03	17	rank_gap	0.3103369606003752
access_only	0.5	0.03	17	self_fill_rate	0.9962495598234075
access_only	0.5	0.03	17	self_net_output_per_requested_position	3.358653214650274
access_only	0.5	0.03	18	access_fraction	0.2450007005222791
access_only	0.5	0.03	18	agent_holdout_rank	0.7490813320825516
access_only	0.5	0.03	18	betweenness	0.7013337375599166
access_only	0.5	0.03	18	broker_fill_rate	0.992857100165797
access_only	0.5	0.03	18	broker_holdout_rank	0.9884445590994371
access_only	0.5	0.03	18	broker_net_output_per_requested_position	4.809090850767239
access_only	0.5	0.03	18	broker_selected_rank	0.9514756710476234
access_only	0.5	0.03	18	mean_degree	23.11015
access_only	0.5	0.03	18	net_output_per_requested_position	4.661631424378095
access_only	0.5	0.03	18	outsourcing_rate	0.8861294200238451
access_only	0.5	0.03	18	q_gap	1.2955473954406285
access_only	0.5	0.03	18	rank_gap	0.2393632270168855
access_only	0.5	0.03	18	self_fill_rate	0.9955899275564832
access_only	0.5	0.03	18	self_net_output_per_requested_position	3.515232950830916
access_only	0.5	0.03	19	access_fraction	0.26393043291772356
access_only	0.5	0.03	19	agent_holdout_rank	0.6779281425891182
access_only	0.5	0.03	19	betweenness	0.7150111512910982
access_only	0.5	0.03	19	broker_fill_rate	0.9929207235560693
access_only	0.5	0.03	19	broker_holdout_rank	0.9857424953095686
access_only	0.5	0.03	19	broker_net_output_per_requested_position	4.378353588107818
access_only	0.5	0.03	19	broker_selected_rank	0.927742824476038
access_only	0.5	0.03	19	mean_degree	23.2736
access_only	0.5	0.03	19	net_output_per_requested_position	4.257278332033975
access_only	0.5	0.03	19	outsourcing_rate	0.903246234357413
access_only	0.5	0.03	19	q_gap	1.2425070123663278
access_only	0.5	0.03	19	rank_gap	0.3078143527204503
access_only	0.5	0.03	19	self_fill_rate	0.9952456523474342
access_only	0.5	0.03	19	self_net_output_per_requested_position	3.126136609012963
access_only	0.5	0.03	2	access_fraction	0.2315270597311252
access_only	0.5	0.03	2	agent_holdout_rank	0.7370998123827393
access_only	0.5	0.03	2	betweenness	0.7292183633234681
access_only	0.5	0.03	2	broker_fill_rate	0.9922924861021126
access_only	0.5	0.03	2	broker_holdout_rank	0.9684291744840523
access_only	0.5	0.03	2	broker_net_output_per_requested_position	4.397749178910481
access_only	0.5	0.03	2	broker_selected_rank	0.9184495359568776
access_only	0.5	0.03	2	mean_degree	23.476399999999995
access_only	0.5	0.03	2	net_output_per_requested_position	4.3262707963795615
access_only	0.5	0.03	2	outsourcing_rate	0.930340606648852
access_only	0.5	0.03	2	q_gap	0.9898617453963972
access_only	0.5	0.03	2	rank_gap	0.23132936210131333
access_only	0.5	0.03	2	self_fill_rate	0.9919546965550753
access_only	0.5	0.03	2	self_net_output_per_requested_position	3.375329006340876
access_only	0.5	0.03	20	access_fraction	0.24525464956050858
access_only	0.5	0.03	20	agent_holdout_rank	0.6936905253283301
access_only	0.5	0.03	20	betweenness	0.7223952406483363
access_only	0.5	0.03	20	broker_fill_rate	0.9931491663685899
access_only	0.5	0.03	20	broker_holdout_rank	0.9867240150093808
access_only	0.5	0.03	20	broker_net_output_per_requested_position	4.336599150426446
access_only	0.5	0.03	20	broker_selected_rank	0.8933514880087131
access_only	0.5	0.03	20	mean_degree	22.8424
access_only	0.5	0.03	20	net_output_per_requested_position	4.249063806283942
access_only	0.5	0.03	20	outsourcing_rate	0.9066353807039255
access_only	0.5	0.03	20	q_gap	0.881171272635379
access_only	0.5	0.03	20	rank_gap	0.29303348968105086
access_only	0.5	0.03	20	self_fill_rate	0.989669384075869
access_only	0.5	0.03	20	self_net_output_per_requested_position	3.4034645029499466
access_only	0.5	0.03	3	access_fraction	0.26690781690938825
access_only	0.5	0.03	3	agent_holdout_rank	0.7508559099437149
access_only	0.5	0.03	3	betweenness	0.372985851537262
access_only	0.5	0.03	3	broker_fill_rate	0.9735832252900136
access_only	0.5	0.03	3	broker_holdout_rank	0.98203808630394
access_only	0.5	0.03	3	broker_net_output_per_requested_position	3.5318630479222435
access_only	0.5	0.03	3	broker_selected_rank	0.9252655144651125
access_only	0.5	0.03	3	mean_degree	18.704599999999996
access_only	0.5	0.03	3	net_output_per_requested_position	4.051527990054344
access_only	0.5	0.03	3	outsourcing_rate	0.35493491844581343
access_only	0.5	0.03	3	q_gap	-0.6809870821745794
access_only	0.5	0.03	3	rank_gap	0.2311821763602251
access_only	0.5	0.03	3	self_fill_rate	0.9912852807292467
access_only	0.5	0.03	3	self_net_output_per_requested_position	4.3374913311963255
access_only	0.5	0.03	4	access_fraction	0.24756658783904678
access_only	0.5	0.03	4	agent_holdout_rank	0.7342335834896812
access_only	0.5	0.03	4	betweenness	0.6562742986641917
access_only	0.5	0.03	4	broker_fill_rate	0.98629154860251
access_only	0.5	0.03	4	broker_holdout_rank	0.9865429643527206
access_only	0.5	0.03	4	broker_net_output_per_requested_position	4.933668514119492
access_only	0.5	0.03	4	broker_selected_rank	0.9477112693580555
access_only	0.5	0.03	4	mean_degree	20.94335
access_only	0.5	0.03	4	net_output_per_requested_position	4.8432314490946355
access_only	0.5	0.03	4	outsourcing_rate	0.7258579091056954
access_only	0.5	0.03	4	q_gap	0.3597198979870045
access_only	0.5	0.03	4	rank_gap	0.2523093808630395
access_only	0.5	0.03	4	self_fill_rate	0.9938068993553438
access_only	0.5	0.03	4	self_net_output_per_requested_position	4.605469920032012
access_only	0.5	0.03	5	access_fraction	0.23690461286626144
access_only	0.5	0.03	5	agent_holdout_rank	0.706092401500938
access_only	0.5	0.03	5	betweenness	0.6991221624194448
access_only	0.5	0.03	5	broker_fill_rate	0.9936427289256912
access_only	0.5	0.03	5	broker_holdout_rank	0.9851892120075046
access_only	0.5	0.03	5	broker_net_output_per_requested_position	4.413010061087382
access_only	0.5	0.03	5	broker_selected_rank	0.8983323066917903
access_only	0.5	0.03	5	mean_degree	23.74045
access_only	0.5	0.03	5	net_output_per_requested_position	4.340093324836288
access_only	0.5	0.03	5	outsourcing_rate	0.9196418563901363
access_only	0.5	0.03	5	q_gap	0.8834434228736052
access_only	0.5	0.03	5	rank_gap	0.27909681050656665
access_only	0.5	0.03	5	self_fill_rate	0.9958395600749481
access_only	0.5	0.03	5	self_net_output_per_requested_position	3.5087213365698546
access_only	0.5	0.03	6	access_fraction	0.26535140417397596
access_only	0.5	0.03	6	agent_holdout_rank	0.6603564727954971
access_only	0.5	0.03	6	betweenness	0.7016485452446248
access_only	0.5	0.03	6	broker_fill_rate	0.9907867492918949
access_only	0.5	0.03	6	broker_holdout_rank	0.9854315196998122
access_only	0.5	0.03	6	broker_net_output_per_requested_position	4.586544629684486
access_only	0.5	0.03	6	broker_selected_rank	0.9393712894210104
access_only	0.5	0.03	6	mean_degree	22.792749999999998
access_only	0.5	0.03	6	net_output_per_requested_position	4.419490533531706
access_only	0.5	0.03	6	outsourcing_rate	0.8826781059316622
access_only	0.5	0.03	6	q_gap	1.3975483214036117
access_only	0.5	0.03	6	rank_gap	0.32507504690431516
access_only	0.5	0.03	6	self_fill_rate	0.9938301665510073
access_only	0.5	0.03	6	self_net_output_per_requested_position	3.163440679229101
access_only	0.5	0.03	7	access_fraction	0.2571781570083709
access_only	0.5	0.03	7	agent_holdout_rank	0.7247654784240151
access_only	0.5	0.03	7	betweenness	0.5973657377258673
access_only	0.5	0.03	7	broker_fill_rate	0.991482545862237
access_only	0.5	0.03	7	broker_holdout_rank	0.9881274859287054
access_only	0.5	0.03	7	broker_net_output_per_requested_position	4.26794674983775
access_only	0.5	0.03	7	broker_selected_rank	0.9332128672719591
access_only	0.5	0.03	7	mean_degree	21.8939
access_only	0.5	0.03	7	net_output_per_requested_position	4.212038589450816
access_only	0.5	0.03	7	outsourcing_rate	0.7003647095249941
access_only	0.5	0.03	7	q_gap	0.21097763097783012
access_only	0.5	0.03	7	rank_gap	0.2633620075046904
access_only	0.5	0.03	7	self_fill_rate	0.9956973661901417
access_only	0.5	0.03	7	self_net_output_per_requested_position	4.082252768762226
access_only	0.5	0.03	8	access_fraction	0.262940813210634
access_only	0.5	0.03	8	agent_holdout_rank	0.7355776735459663
access_only	0.5	0.03	8	betweenness	0.6660251640248377
access_only	0.5	0.03	8	broker_fill_rate	0.9912573516078924
access_only	0.5	0.03	8	broker_holdout_rank	0.9860723264540339
access_only	0.5	0.03	8	broker_net_output_per_requested_position	4.197609966225891
access_only	0.5	0.03	8	broker_selected_rank	0.9091184671474691
access_only	0.5	0.03	8	mean_degree	23.115550000000002
access_only	0.5	0.03	8	net_output_per_requested_position	4.097328469660406
access_only	0.5	0.03	8	outsourcing_rate	0.8673253550587304
access_only	0.5	0.03	8	q_gap	0.7270991784254026
access_only	0.5	0.03	8	rank_gap	0.25049465290806755
access_only	0.5	0.03	8	self_fill_rate	0.9904131190397157
access_only	0.5	0.03	8	self_net_output_per_requested_position	3.4432917147752278
access_only	0.5	0.03	9	access_fraction	0.2648358136837675
access_only	0.5	0.03	9	agent_holdout_rank	0.6871213883677298
access_only	0.5	0.03	9	betweenness	0.6780689874420445
access_only	0.5	0.03	9	broker_fill_rate	0.9903063890887115
access_only	0.5	0.03	9	broker_holdout_rank	0.9838518761726078
access_only	0.5	0.03	9	broker_net_output_per_requested_position	4.563334454562646
access_only	0.5	0.03	9	broker_selected_rank	0.949878413613957
access_only	0.5	0.03	9	mean_degree	23.7524
access_only	0.5	0.03	9	net_output_per_requested_position	4.392617576147755
access_only	0.5	0.03	9	outsourcing_rate	0.8697448832261234
access_only	0.5	0.03	9	q_gap	1.2988204156816436
access_only	0.5	0.03	9	rank_gap	0.2967304878048782
access_only	0.5	0.03	9	self_fill_rate	0.9922544230579886
access_only	0.5	0.03	9	self_net_output_per_requested_position	3.2533367991838866
access_only	1.0	0.0	1	access_fraction	0.009823374469837115
access_only	1.0	0.0	1	agent_holdout_rank	0.782324953095685
access_only	1.0	0.0	1	betweenness	0.014183048565017212
access_only	1.0	0.0	1	broker_fill_rate	0.9992368614838206
access_only	1.0	0.0	1	broker_holdout_rank	0.7876266416510318
access_only	1.0	0.0	1	broker_net_output_per_requested_position	3.584324299472253
access_only	1.0	0.0	1	broker_selected_rank	0.7715869089846243
access_only	1.0	0.0	1	mean_degree	83.7478
access_only	1.0	0.0	1	net_output_per_requested_position	4.158766066677904
access_only	1.0	0.0	1	outsourcing_rate	0.4994972379611757
access_only	1.0	0.0	1	q_gap	-1.138140065563816
access_only	1.0	0.0	1	rank_gap	0.005301688555346973
access_only	1.0	0.0	1	self_fill_rate	0.9999593826157597
access_only	1.0	0.0	1	self_net_output_per_requested_position	4.73210491233924
access_only	1.0	0.0	10	access_fraction	0.024876252672731945
access_only	1.0	0.0	10	agent_holdout_rank	0.74418808630394
access_only	1.0	0.0	10	betweenness	0.011754190689729476
access_only	1.0	0.0	10	broker_fill_rate	0.998258428748559
access_only	1.0	0.0	10	broker_holdout_rank	0.7649647279549717
access_only	1.0	0.0	10	broker_net_output_per_requested_position	3.706097347070455
access_only	1.0	0.0	10	broker_selected_rank	0.8261491937123118
access_only	1.0	0.0	10	mean_degree	100.8843
access_only	1.0	0.0	10	net_output_per_requested_position	4.291488970985678
access_only	1.0	0.0	10	outsourcing_rate	0.5293890175685962
access_only	1.0	0.0	10	q_gap	-1.2293234979239505
access_only	1.0	0.0	10	rank_gap	0.020776641651031807
access_only	1.0	0.0	10	self_fill_rate	0.9998319816357647
access_only	1.0	0.0	10	self_net_output_per_requested_position	4.950159593208239
access_only	1.0	0.0	11	access_fraction	0.01583140687883458
access_only	1.0	0.0	11	agent_holdout_rank	0.7501192307692307
access_only	1.0	0.0	11	betweenness	0.011409917102531702
access_only	1.0	0.0	11	broker_fill_rate	0.9975673596786349
access_only	1.0	0.0	11	broker_holdout_rank	0.7611899624765478
access_only	1.0	0.0	11	broker_net_output_per_requested_position	3.602588552069496
access_only	1.0	0.0	11	broker_selected_rank	0.8208723168263796
access_only	1.0	0.0	11	mean_degree	79.756
access_only	1.0	0.0	11	net_output_per_requested_position	4.236956356185537
access_only	1.0	0.0	11	outsourcing_rate	0.43419782711761384
access_only	1.0	0.0	11	q_gap	-1.1078701234551542
access_only	1.0	0.0	11	rank_gap	0.011070731707317021
access_only	1.0	0.0	11	self_fill_rate	0.9999281224011198
access_only	1.0	0.0	11	self_net_output_per_requested_position	4.723831626030936
access_only	1.0	0.0	12	access_fraction	0.04079484131256662
access_only	1.0	0.0	12	agent_holdout_rank	0.7379029080675423
access_only	1.0	0.0	12	betweenness	0.014457773376765787
access_only	1.0	0.0	12	broker_fill_rate	0.996288594733635
access_only	1.0	0.0	12	broker_holdout_rank	0.828100938086304
access_only	1.0	0.0	12	broker_net_output_per_requested_position	3.586210756301413
access_only	1.0	0.0	12	broker_selected_rank	0.7821073278746461
access_only	1.0	0.0	12	mean_degree	84.97755000000001
access_only	1.0	0.0	12	net_output_per_requested_position	4.1266234563693605
access_only	1.0	0.0	12	outsourcing_rate	0.5479694484534092
access_only	1.0	0.0	12	q_gap	-1.17723586711193
access_only	1.0	0.0	12	rank_gap	0.09019803001876164
access_only	1.0	0.0	12	self_fill_rate	0.9998685716582582
access_only	1.0	0.0	12	self_net_output_per_requested_position	4.78144040582993
access_only	1.0	0.0	13	access_fraction	0.006872150725697785
access_only	1.0	0.0	13	agent_holdout_rank	0.8187205440900562
access_only	1.0	0.0	13	betweenness	0.012275826328111913
access_only	1.0	0.0	13	broker_fill_rate	0.9989364131256139
access_only	1.0	0.0	13	broker_holdout_rank	0.5859241088180113
access_only	1.0	0.0	13	broker_net_output_per_requested_position	3.67721854055698
access_only	1.0	0.0	13	broker_selected_rank	0.8766626319304484
access_only	1.0	0.0	13	mean_degree	91.1227
access_only	1.0	0.0	13	net_output_per_requested_position	4.243002018305866
access_only	1.0	0.0	13	outsourcing_rate	0.511719213093624
access_only	1.0	0.0	13	q_gap	-1.1490066015469982
access_only	1.0	0.0	13	rank_gap	-0.23279643527204508
access_only	1.0	0.0	13	self_fill_rate	0.999876131184539
access_only	1.0	0.0	13	self_net_output_per_requested_position	4.83600748518205
access_only	1.0	0.0	14	access_fraction	0.017960172980776686
access_only	1.0	0.0	14	agent_holdout_rank	0.76543574108818
access_only	1.0	0.0	14	betweenness	0.009278660329813984
access_only	1.0	0.0	14	broker_fill_rate	0.9987797134543193
access_only	1.0	0.0	14	broker_holdout_rank	0.8450976547842404
access_only	1.0	0.0	14	broker_net_output_per_requested_position	3.6067113045055756
access_only	1.0	0.0	14	broker_selected_rank	0.8745396351798934
access_only	1.0	0.0	14	mean_degree	91.34004999999999
access_only	1.0	0.0	14	net_output_per_requested_position	4.31149182425677
access_only	1.0	0.0	14	outsourcing_rate	0.3763108741768953
access_only	1.0	0.0	14	q_gap	-1.116132796892489
access_only	1.0	0.0	14	rank_gap	0.07966191369606004
access_only	1.0	0.0	14	self_fill_rate	0.9999351636314419
access_only	1.0	0.0	14	self_net_output_per_requested_position	4.736755631003893
access_only	1.0	0.0	15	access_fraction	0.02802264807217377
access_only	1.0	0.0	15	agent_holdout_rank	0.6709378048780488
access_only	1.0	0.0	15	betweenness	0.010639160420594786
access_only	1.0	0.0	15	broker_fill_rate	0.9982878277785397
access_only	1.0	0.0	15	broker_holdout_rank	0.7211445590994371
access_only	1.0	0.0	15	broker_net_output_per_requested_position	3.673696718933867
access_only	1.0	0.0	15	broker_selected_rank	0.707487935645848
access_only	1.0	0.0	15	mean_degree	88.62625000000001
access_only	1.0	0.0	15	net_output_per_requested_position	4.204338252980384
access_only	1.0	0.0	15	outsourcing_rate	0.42813348681328717
access_only	1.0	0.0	15	q_gap	-0.9165057241578436
access_only	1.0	0.0	15	rank_gap	0.05020675422138833
access_only	1.0	0.0	15	self_fill_rate	0.9999305072967338
access_only	1.0	0.0	15	self_net_output_per_requested_position	4.6014946684282725
access_only	1.0	0.0	16	access_fraction	0.029678634040541156
access_only	1.0	0.0	16	agent_holdout_rank	0.731041651031895
access_only	1.0	0.0	16	betweenness	0.014864470695081827
access_only	1.0	0.0	16	broker_fill_rate	0.9984658171088313
access_only	1.0	0.0	16	broker_holdout_rank	0.7432812382739212
access_only	1.0	0.0	16	broker_net_output_per_requested_position	3.6983492157389732
access_only	1.0	0.0	16	broker_selected_rank	0.7444627757831483
access_only	1.0	0.0	16	mean_degree	80.68285
access_only	1.0	0.0	16	net_output_per_requested_position	4.183339584685285
access_only	1.0	0.0	16	outsourcing_rate	0.47961080588353566
access_only	1.0	0.0	16	q_gap	-0.9214984292267439
access_only	1.0	0.0	16	rank_gap	0.01223958724202629
access_only	1.0	0.0	16	self_fill_rate	1.0
access_only	1.0	0.0	16	self_net_output_per_requested_position	4.630410560600945
access_only	1.0	0.0	17	access_fraction	0.03229308344945056
access_only	1.0	0.0	17	agent_holdout_rank	0.7508403377110694
access_only	1.0	0.0	17	betweenness	0.014361086444439005
access_only	1.0	0.0	17	broker_fill_rate	0.9993102372078072
access_only	1.0	0.0	17	broker_holdout_rank	0.768897373358349
access_only	1.0	0.0	17	broker_net_output_per_requested_position	3.571795649820095
access_only	1.0	0.0	17	broker_selected_rank	0.7751034337010532
access_only	1.0	0.0	17	mean_degree	77.7158
access_only	1.0	0.0	17	net_output_per_requested_position	4.148242649565392
access_only	1.0	0.0	17	outsourcing_rate	0.4621856319003264
access_only	1.0	0.0	17	q_gap	-1.0641081414270952
access_only	1.0	0.0	17	rank_gap	0.018057035647279552
access_only	1.0	0.0	17	self_fill_rate	0.9999618902439025
access_only	1.0	0.0	17	self_net_output_per_requested_position	4.6436473200585136
access_only	1.0	0.0	18	access_fraction	0.028510129324617894
access_only	1.0	0.0	18	agent_holdout_rank	0.8076532833020635
access_only	1.0	0.0	18	betweenness	0.01537020946794986
access_only	1.0	0.0	18	broker_fill_rate	0.9990292710570206
access_only	1.0	0.0	18	broker_holdout_rank	0.848221200750469
access_only	1.0	0.0	18	broker_net_output_per_requested_position	3.718205272321613
access_only	1.0	0.0	18	broker_selected_rank	0.8497137416357493
access_only	1.0	0.0	18	mean_degree	94.2788
access_only	1.0	0.0	18	net_output_per_requested_position	4.2398989180331
access_only	1.0	0.0	18	outsourcing_rate	0.5745701559526353
access_only	1.0	0.0	18	q_gap	-1.21703304972741
access_only	1.0	0.0	18	rank_gap	0.04056791744840533
access_only	1.0	0.0	18	self_fill_rate	0.9999046238988768
access_only	1.0	0.0	18	self_net_output_per_requested_position	4.944557351198591
access_only	1.0	0.0	19	access_fraction	0.04037329380879684
access_only	1.0	0.0	19	agent_holdout_rank	0.7756948405253283
access_only	1.0	0.0	19	betweenness	0.016006647949764235
access_only	1.0	0.0	19	broker_fill_rate	0.9992261236857946
access_only	1.0	0.0	19	broker_holdout_rank	0.8894666041275798
access_only	1.0	0.0	19	broker_net_output_per_requested_position	3.628789053932606
access_only	1.0	0.0	19	broker_selected_rank	0.8226609207087712
access_only	1.0	0.0	19	mean_degree	80.24315
access_only	1.0	0.0	19	net_output_per_requested_position	4.168338914759408
access_only	1.0	0.0	19	outsourcing_rate	0.5183019370676533
access_only	1.0	0.0	19	q_gap	-1.1098930722253664
access_only	1.0	0.0	19	rank_gap	0.11377176360225147
access_only	1.0	0.0	19	self_fill_rate	0.9999586776859504
access_only	1.0	0.0	19	self_net_output_per_requested_position	4.748968923991932
access_only	1.0	0.0	2	access_fraction	0.0238747642765428
access_only	1.0	0.0	2	agent_holdout_rank	0.7441698874296435
access_only	1.0	0.0	2	betweenness	0.012338691563235636
access_only	1.0	0.0	2	broker_fill_rate	0.9977960478237982
access_only	1.0	0.0	2	broker_holdout_rank	0.7069393058161352
access_only	1.0	0.0	2	broker_net_output_per_requested_position	3.763401570467349
access_only	1.0	0.0	2	broker_selected_rank	0.8362973218823351
access_only	1.0	0.0	2	mean_degree	105.09870000000001
access_only	1.0	0.0	2	net_output_per_requested_position	4.283482972537057
access_only	1.0	0.0	2	outsourcing_rate	0.5720720866049563
access_only	1.0	0.0	2	q_gap	-1.1983285023352006
access_only	1.0	0.0	2	rank_gap	-0.03723058161350839
access_only	1.0	0.0	2	self_fill_rate	0.9998574170495914
access_only	1.0	0.0	2	self_net_output_per_requested_position	4.978819245450783
access_only	1.0	0.0	20	access_fraction	0.010987307341968787
access_only	1.0	0.0	20	agent_holdout_rank	0.6911492495309568
access_only	1.0	0.0	20	betweenness	0.01738568995429389
access_only	1.0	0.0	20	broker_fill_rate	0.9989979410489435
access_only	1.0	0.0	20	broker_holdout_rank	0.6570949343339587
access_only	1.0	0.0	20	broker_net_output_per_requested_position	3.8691160740650234
access_only	1.0	0.0	20	broker_selected_rank	0.7715848873359515
access_only	1.0	0.0	20	mean_degree	81.91485000000002
access_only	1.0	0.0	20	net_output_per_requested_position	4.241720896754523
access_only	1.0	0.0	20	outsourcing_rate	0.5984433286773634
access_only	1.0	0.0	20	q_gap	-0.917690835106022
access_only	1.0	0.0	20	rank_gap	-0.034054315196998114
access_only	1.0	0.0	20	self_fill_rate	0.999902102848074
access_only	1.0	0.0	20	self_net_output_per_requested_position	4.79699435654247
access_only	1.0	0.0	3	access_fraction	0.020408078993757718
access_only	1.0	0.0	3	agent_holdout_rank	0.8399535647279551
access_only	1.0	0.0	3	betweenness	0.01051185452159337
access_only	1.0	0.0	3	broker_fill_rate	0.9983394807673089
access_only	1.0	0.0	3	broker_holdout_rank	0.9261005628517823
access_only	1.0	0.0	3	broker_net_output_per_requested_position	3.4308431813091516
access_only	1.0	0.0	3	broker_selected_rank	0.8735171228641025
access_only	1.0	0.0	3	mean_degree	100.50789999999998
access_only	1.0	0.0	3	net_output_per_requested_position	4.286150338727073
access_only	1.0	0.0	3	outsourcing_rate	0.45965738954949253
access_only	1.0	0.0	3	q_gap	-1.5718684514121326
access_only	1.0	0.0	3	rank_gap	0.08614699812382728
access_only	1.0	0.0	3	self_fill_rate	0.9999264413067097
access_only	1.0	0.0	3	self_net_output_per_requested_position	5.013770613029657
access_only	1.0	0.0	4	access_fraction	0.024762901395867582
access_only	1.0	0.0	4	agent_holdout_rank	0.8236858348968106
access_only	1.0	0.0	4	betweenness	0.012515730944585659
access_only	1.0	0.0	4	broker_fill_rate	0.9986951008092049
access_only	1.0	0.0	4	broker_holdout_rank	0.2759038461538461
access_only	1.0	0.0	4	broker_net_output_per_requested_position	3.5385155094653804
access_only	1.0	0.0	4	broker_selected_rank	0.8332376393736534
access_only	1.0	0.0	4	mean_degree	90.12135
access_only	1.0	0.0	4	net_output_per_requested_position	4.272189099617156
access_only	1.0	0.0	4	outsourcing_rate	0.4440530725676008
access_only	1.0	0.0	4	q_gap	-1.3071776032102913
access_only	1.0	0.0	4	rank_gap	-0.5477819887429645
access_only	1.0	0.0	4	self_fill_rate	0.9999280426567273
access_only	1.0	0.0	4	self_net_output_per_requested_position	4.858161083235962
access_only	1.0	0.0	5	access_fraction	0.012856965052886086
access_only	1.0	0.0	5	agent_holdout_rank	0.7632915572232645
access_only	1.0	0.0	5	betweenness	0.01224575256841438
access_only	1.0	0.0	5	broker_fill_rate	0.9979497782714342
access_only	1.0	0.0	5	broker_holdout_rank	0.9100812382739212
access_only	1.0	0.0	5	broker_net_output_per_requested_position	3.5995553190644203
access_only	1.0	0.0	5	broker_selected_rank	0.7968719448190241
access_only	1.0	0.0	5	mean_degree	76.54190000000001
access_only	1.0	0.0	5	net_output_per_requested_position	4.196415936612494
access_only	1.0	0.0	5	outsourcing_rate	0.4209095708432528
access_only	1.0	0.0	5	q_gap	-1.018769847179535
access_only	1.0	0.0	5	rank_gap	0.14678968105065668
access_only	1.0	0.0	5	self_fill_rate	0.9998962132428003
access_only	1.0	0.0	5	self_net_output_per_requested_position	4.630195271922068
access_only	1.0	0.0	6	access_fraction	0.016898515126662038
access_only	1.0	0.0	6	agent_holdout_rank	0.7227503752345215
access_only	1.0	0.0	6	betweenness	0.01151129659955723
access_only	1.0	0.0	6	broker_fill_rate	0.9991898810862299
access_only	1.0	0.0	6	broker_holdout_rank	0.8039293621013133
access_only	1.0	0.0	6	broker_net_output_per_requested_position	3.690182313719302
access_only	1.0	0.0	6	broker_selected_rank	0.7933181885099374
access_only	1.0	0.0	6	mean_degree	74.4721
access_only	1.0	0.0	6	net_output_per_requested_position	4.287736648588728
access_only	1.0	0.0	6	outsourcing_rate	0.3946495519451526
access_only	1.0	0.0	6	q_gap	-0.9759272417190827
access_only	1.0	0.0	6	rank_gap	0.08117898686679163
access_only	1.0	0.0	6	self_fill_rate	0.9999352233514784
access_only	1.0	0.0	6	self_net_output_per_requested_position	4.677338518963298
access_only	1.0	0.0	7	access_fraction	0.017027298449054002
access_only	1.0	0.0	7	agent_holdout_rank	0.8161875234521576
access_only	1.0	0.0	7	betweenness	0.01048240628610293
access_only	1.0	0.0	7	broker_fill_rate	0.9990785448089884
access_only	1.0	0.0	7	broker_holdout_rank	0.9027777673545966
access_only	1.0	0.0	7	broker_net_output_per_requested_position	3.4818205822478037
access_only	1.0	0.0	7	broker_selected_rank	0.7864554380831363
access_only	1.0	0.0	7	mean_degree	88.81225
access_only	1.0	0.0	7	net_output_per_requested_position	4.281092386211174
access_only	1.0	0.0	7	outsourcing_rate	0.41270317582996663
access_only	1.0	0.0	7	q_gap	-1.3504457929066942
access_only	1.0	0.0	7	rank_gap	0.086590243902439
access_only	1.0	0.0	7	self_fill_rate	0.9999311763538437
access_only	1.0	0.0	7	self_net_output_per_requested_position	4.842738755850681
access_only	1.0	0.0	8	access_fraction	0.024499012458052544
access_only	1.0	0.0	8	agent_holdout_rank	0.807051688555347
access_only	1.0	0.0	8	betweenness	0.012912027639080208
access_only	1.0	0.0	8	broker_fill_rate	0.9981765353438362
access_only	1.0	0.0	8	broker_holdout_rank	0.9487146341463415
access_only	1.0	0.0	8	broker_net_output_per_requested_position	3.451690884275648
access_only	1.0	0.0	8	broker_selected_rank	0.8497718452908554
access_only	1.0	0.0	8	mean_degree	84.09245000000001
access_only	1.0	0.0	8	net_output_per_requested_position	4.1673369473305915
access_only	1.0	0.0	8	outsourcing_rate	0.4316443232018998
access_only	1.0	0.0	8	q_gap	-1.2469488298087186
access_only	1.0	0.0	8	rank_gap	0.14166294559099438
access_only	1.0	0.0	8	self_fill_rate	0.9998933228365683
access_only	1.0	0.0	8	self_net_output_per_requested_position	4.710709412216103
access_only	1.0	0.0	9	access_fraction	0.02282835785762888
access_only	1.0	0.0	9	agent_holdout_rank	0.7449842401500939
access_only	1.0	0.0	9	betweenness	0.011044494186735148
access_only	1.0	0.0	9	broker_fill_rate	0.9978310220180218
access_only	1.0	0.0	9	broker_holdout_rank	0.8104932457786116
access_only	1.0	0.0	9	broker_net_output_per_requested_position	3.678686479722
access_only	1.0	0.0	9	broker_selected_rank	0.8142536344053539
access_only	1.0	0.0	9	mean_degree	88.86909999999999
access_only	1.0	0.0	9	net_output_per_requested_position	4.222060385967522
access_only	1.0	0.0	9	outsourcing_rate	0.46491002556043287
access_only	1.0	0.0	9	q_gap	-1.0007876380963752
access_only	1.0	0.0	9	rank_gap	0.0655090056285178
access_only	1.0	0.0	9	self_fill_rate	0.9998544602192524
access_only	1.0	0.0	9	self_net_output_per_requested_position	4.694140541720258
access_only	1.0	0.01	1	access_fraction	0.1394336587765351
access_only	1.0	0.01	1	agent_holdout_rank	0.8019098499061913
access_only	1.0	0.01	1	betweenness	0.19174617959088125
access_only	1.0	0.01	1	broker_fill_rate	0.994353765905981
access_only	1.0	0.01	1	broker_holdout_rank	0.9900615384615383
access_only	1.0	0.01	1	broker_net_output_per_requested_position	3.9485799474692795
access_only	1.0	0.01	1	broker_selected_rank	0.9120491537842647
access_only	1.0	0.01	1	mean_degree	29.830000000000002
access_only	1.0	0.01	1	net_output_per_requested_position	4.05727575030185
access_only	1.0	0.01	1	outsourcing_rate	0.5744245581495571
access_only	1.0	0.01	1	q_gap	-0.23527926079263897
access_only	1.0	0.01	1	rank_gap	0.18815168855534709
access_only	1.0	0.01	1	self_fill_rate	0.996601527328606
access_only	1.0	0.01	1	self_net_output_per_requested_position	4.204300232798151
access_only	1.0	0.01	10	access_fraction	0.13754920114754388
access_only	1.0	0.01	10	agent_holdout_rank	0.7984710131332082
access_only	1.0	0.01	10	betweenness	0.20903031287025553
access_only	1.0	0.01	10	broker_fill_rate	0.9917446102636621
access_only	1.0	0.01	10	broker_holdout_rank	0.9874556285178236
access_only	1.0	0.01	10	broker_net_output_per_requested_position	4.174211189796063
access_only	1.0	0.01	10	broker_selected_rank	0.9174224593833173
access_only	1.0	0.01	10	mean_degree	32.199450000000006
access_only	1.0	0.01	10	net_output_per_requested_position	4.1664516552521915
access_only	1.0	0.01	10	outsourcing_rate	0.6712241585357922
access_only	1.0	0.01	10	q_gap	0.03857575434667537
access_only	1.0	0.01	10	rank_gap	0.18898461538461536
access_only	1.0	0.01	10	self_fill_rate	0.9954507173548232
access_only	1.0	0.01	10	self_net_output_per_requested_position	4.150810310127887
access_only	1.0	0.01	11	access_fraction	0.13489771060514946
access_only	1.0	0.01	11	agent_holdout_rank	0.7569225140712945
access_only	1.0	0.01	11	betweenness	0.2642906474003033
access_only	1.0	0.01	11	broker_fill_rate	0.9947925841649117
access_only	1.0	0.01	11	broker_holdout_rank	0.9860210131332083
access_only	1.0	0.01	11	broker_net_output_per_requested_position	4.205999790398779
access_only	1.0	0.01	11	broker_selected_rank	0.9111270357476954
access_only	1.0	0.01	11	mean_degree	31.84525
access_only	1.0	0.01	11	net_output_per_requested_position	4.166601156619164
access_only	1.0	0.01	11	outsourcing_rate	0.7447280762631926
access_only	1.0	0.01	11	q_gap	0.16213887902664176
access_only	1.0	0.01	11	rank_gap	0.22909849906191374
access_only	1.0	0.01	11	self_fill_rate	0.9958075408044851
access_only	1.0	0.01	11	self_net_output_per_requested_position	4.052100732928677
access_only	1.0	0.01	12	access_fraction	0.13789295399874604
access_only	1.0	0.01	12	agent_holdout_rank	0.7491870544090055
access_only	1.0	0.01	12	betweenness	0.2962590998406104
access_only	1.0	0.01	12	broker_fill_rate	0.9954203565048246
access_only	1.0	0.01	12	broker_holdout_rank	0.9867223264540336
access_only	1.0	0.01	12	broker_net_output_per_requested_position	4.167577367437497
access_only	1.0	0.01	12	broker_selected_rank	0.8976100994000493
access_only	1.0	0.01	12	mean_degree	30.21565
access_only	1.0	0.01	12	net_output_per_requested_position	4.089535968865105
access_only	1.0	0.01	12	outsourcing_rate	0.7777525588168382
access_only	1.0	0.01	12	q_gap	0.3481815183715741
access_only	1.0	0.01	12	rank_gap	0.23753527204502828
access_only	1.0	0.01	12	self_fill_rate	0.996704711898353
access_only	1.0	0.01	12	self_net_output_per_requested_position	3.8170229970077925
access_only	1.0	0.01	13	access_fraction	0.13982090776750164
access_only	1.0	0.01	13	agent_holdout_rank	0.8190787054409006
access_only	1.0	0.01	13	betweenness	0.18378963898447426
access_only	1.0	0.01	13	broker_fill_rate	0.9915078207928602
access_only	1.0	0.01	13	broker_holdout_rank	0.9919708255159476
access_only	1.0	0.01	13	broker_net_output_per_requested_position	4.120753194954484
access_only	1.0	0.01	13	broker_selected_rank	0.9204199444438629
access_only	1.0	0.01	13	mean_degree	30.837200000000003
access_only	1.0	0.01	13	net_output_per_requested_position	4.137817190710833
access_only	1.0	0.01	13	outsourcing_rate	0.6060180422226934
access_only	1.0	0.01	13	q_gap	-0.030274482142989178
access_only	1.0	0.01	13	rank_gap	0.1728921200750469
access_only	1.0	0.01	13	self_fill_rate	0.9943639012554023
access_only	1.0	0.01	13	self_net_output_per_requested_position	4.164138256427529
access_only	1.0	0.01	14	access_fraction	0.12641984105064588
access_only	1.0	0.01	14	agent_holdout_rank	0.8033113508442776
access_only	1.0	0.01	14	betweenness	0.19703535617468193
access_only	1.0	0.01	14	broker_fill_rate	0.9912111097233908
access_only	1.0	0.01	14	broker_holdout_rank	0.9880913696060036
access_only	1.0	0.01	14	broker_net_output_per_requested_position	4.170498737487674
access_only	1.0	0.01	14	broker_selected_rank	0.9153167329800033
access_only	1.0	0.01	14	mean_degree	33.13785
access_only	1.0	0.01	14	net_output_per_requested_position	4.185954857639739
access_only	1.0	0.01	14	outsourcing_rate	0.6279943729418938
access_only	1.0	0.01	14	q_gap	-0.002947484797583755
access_only	1.0	0.01	14	rank_gap	0.184780018761726
access_only	1.0	0.01	14	self_fill_rate	0.9942807887366183
access_only	1.0	0.01	14	self_net_output_per_requested_position	4.2123860763360845
access_only	1.0	0.01	15	access_fraction	0.12314185402762363
access_only	1.0	0.01	15	agent_holdout_rank	0.7216670731707318
access_only	1.0	0.01	15	betweenness	0.26165770278213
access_only	1.0	0.01	15	broker_fill_rate	0.9961994275726693
access_only	1.0	0.01	15	broker_holdout_rank	0.9803015947467169
access_only	1.0	0.01	15	broker_net_output_per_requested_position	4.163193249016537
access_only	1.0	0.01	15	broker_selected_rank	0.8791466177477018
access_only	1.0	0.01	15	mean_degree	33.038850000000004
access_only	1.0	0.01	15	net_output_per_requested_position	4.128005820592291
access_only	1.0	0.01	15	outsourcing_rate	0.7401134899830468
access_only	1.0	0.01	15	q_gap	0.1338595918300916
access_only	1.0	0.01	15	rank_gap	0.25863452157598515
access_only	1.0	0.01	15	self_fill_rate	0.9977614624646322
access_only	1.0	0.01	15	self_net_output_per_requested_position	4.028024478535764
access_only	1.0	0.01	16	access_fraction	0.13047267530833534
access_only	1.0	0.01	16	agent_holdout_rank	0.7377163227016885
access_only	1.0	0.01	16	betweenness	0.21929526391696302
access_only	1.0	0.01	16	broker_fill_rate	0.9956456912872907
access_only	1.0	0.01	16	broker_holdout_rank	0.9794899624765477
access_only	1.0	0.01	16	broker_net_output_per_requested_position	4.138871076081845
access_only	1.0	0.01	16	broker_selected_rank	0.8993091286738524
access_only	1.0	0.01	16	mean_degree	32.40904999999999
access_only	1.0	0.01	16	net_output_per_requested_position	4.090574852061779
access_only	1.0	0.01	16	outsourcing_rate	0.7241437812084294
access_only	1.0	0.01	16	q_gap	0.17339786755085576
access_only	1.0	0.01	16	rank_gap	0.24177363977485927
access_only	1.0	0.01	16	self_fill_rate	0.9967594614512325
access_only	1.0	0.01	16	self_net_output_per_requested_position	3.96356022685753
access_only	1.0	0.01	17	access_fraction	0.11824472401448545
access_only	1.0	0.01	17	agent_holdout_rank	0.7491803001876173
access_only	1.0	0.01	17	betweenness	0.2586315728155742
access_only	1.0	0.01	17	broker_fill_rate	0.9955437164901705
access_only	1.0	0.01	17	broker_holdout_rank	0.9795365853658536
access_only	1.0	0.01	17	broker_net_output_per_requested_position	4.129186266042122
access_only	1.0	0.01	17	broker_selected_rank	0.9006895442855489
access_only	1.0	0.01	17	mean_degree	32.76315
access_only	1.0	0.01	17	net_output_per_requested_position	4.073592072489891
access_only	1.0	0.01	17	outsourcing_rate	0.7923600687971117
access_only	1.0	0.01	17	q_gap	0.26341857236085214
access_only	1.0	0.01	17	rank_gap	0.23035628517823642
access_only	1.0	0.01	17	self_fill_rate	0.9963315199184389
access_only	1.0	0.01	17	self_net_output_per_requested_position	3.861595349773478
access_only	1.0	0.01	18	access_fraction	0.13424458429072408
access_only	1.0	0.01	18	agent_holdout_rank	0.7944594746716698
access_only	1.0	0.01	18	betweenness	0.23442305041509326
access_only	1.0	0.01	18	broker_fill_rate	0.9926652540202348
access_only	1.0	0.01	18	broker_holdout_rank	0.9837986866791747
access_only	1.0	0.01	18	broker_net_output_per_requested_position	4.126354886050295
access_only	1.0	0.01	18	broker_selected_rank	0.9231678121705773
access_only	1.0	0.01	18	mean_degree	31.748049999999996
access_only	1.0	0.01	18	net_output_per_requested_position	4.102603515140419
access_only	1.0	0.01	18	outsourcing_rate	0.7226098711992549
access_only	1.0	0.01	18	q_gap	0.09140359122727157
access_only	1.0	0.01	18	rank_gap	0.18933921200750486
access_only	1.0	0.01	18	self_fill_rate	0.993849663277502
access_only	1.0	0.01	18	self_net_output_per_requested_position	4.041261138533001
access_only	1.0	0.01	19	access_fraction	0.13697310199264945
access_only	1.0	0.01	19	agent_holdout_rank	0.7679046904315197
access_only	1.0	0.01	19	betweenness	0.2588598003303477
access_only	1.0	0.01	19	broker_fill_rate	0.9950138418641366
access_only	1.0	0.01	19	broker_holdout_rank	0.984569981238274
access_only	1.0	0.01	19	broker_net_output_per_requested_position	4.103457531976321
access_only	1.0	0.01	19	broker_selected_rank	0.9082242864936594
access_only	1.0	0.01	19	mean_degree	32.30065
access_only	1.0	0.01	19	net_output_per_requested_position	4.005080790211343
access_only	1.0	0.01	19	outsourcing_rate	0.7665292674139493
access_only	1.0	0.01	19	q_gap	0.423543212073609
access_only	1.0	0.01	19	rank_gap	0.21666529080675442
access_only	1.0	0.01	19	self_fill_rate	0.9950126100837906
access_only	1.0	0.01	19	self_net_output_per_requested_position	3.6823184347236824
access_only	1.0	0.01	2	access_fraction	0.13537328464630483
access_only	1.0	0.01	2	agent_holdout_rank	0.7762166041275796
access_only	1.0	0.01	2	betweenness	0.22051273728452112
access_only	1.0	0.01	2	broker_fill_rate	0.9936974732692813
access_only	1.0	0.01	2	broker_holdout_rank	0.9841426829268294
access_only	1.0	0.01	2	broker_net_output_per_requested_position	4.191382567431811
access_only	1.0	0.01	2	broker_selected_rank	0.9142329392088037
access_only	1.0	0.01	2	mean_degree	32.09245
access_only	1.0	0.01	2	net_output_per_requested_position	4.164570717098757
access_only	1.0	0.01	2	outsourcing_rate	0.683884322694637
access_only	1.0	0.01	2	q_gap	0.09692278810192034
access_only	1.0	0.01	2	rank_gap	0.20792607879924968
access_only	1.0	0.01	2	self_fill_rate	0.9947777507467677
access_only	1.0	0.01	2	self_net_output_per_requested_position	4.106849202479792
access_only	1.0	0.01	20	access_fraction	0.11557518169011524
access_only	1.0	0.01	20	agent_holdout_rank	0.7026370544090056
access_only	1.0	0.01	20	betweenness	0.25917770255456435
access_only	1.0	0.01	20	broker_fill_rate	0.9945442848378597
access_only	1.0	0.01	20	broker_holdout_rank	0.9804386491557224
access_only	1.0	0.01	20	broker_net_output_per_requested_position	4.211540944071794
access_only	1.0	0.01	20	broker_selected_rank	0.8889035185034719
access_only	1.0	0.01	20	mean_degree	31.023900000000005
access_only	1.0	0.01	20	net_output_per_requested_position	4.142476232997992
access_only	1.0	0.01	20	outsourcing_rate	0.7848160794215577
access_only	1.0	0.01	20	q_gap	0.3144142438981929
access_only	1.0	0.01	20	rank_gap	0.2778015947467167
access_only	1.0	0.01	20	self_fill_rate	0.9949232783047988
access_only	1.0	0.01	20	self_net_output_per_requested_position	3.890823131841811
access_only	1.0	0.01	3	access_fraction	0.12617307419959053
access_only	1.0	0.01	3	agent_holdout_rank	0.8567926829268293
access_only	1.0	0.01	3	betweenness	0.1078097998285614
access_only	1.0	0.01	3	broker_fill_rate	0.9816030856126996
access_only	1.0	0.01	3	broker_holdout_rank	0.9794065666041277
access_only	1.0	0.01	3	broker_net_output_per_requested_position	3.618840529985737
access_only	1.0	0.01	3	broker_selected_rank	0.9107249853561319
access_only	1.0	0.01	3	mean_degree	27.00034999999999
access_only	1.0	0.01	3	net_output_per_requested_position	4.083381043456886
access_only	1.0	0.01	3	outsourcing_rate	0.3224776075878934
access_only	1.0	0.01	3	q_gap	-0.6260681374692432
access_only	1.0	0.01	3	rank_gap	0.12261388367729834
access_only	1.0	0.01	3	self_fill_rate	0.9942198736124419
access_only	1.0	0.01	3	self_net_output_per_requested_position	4.30456429947596
access_only	1.0	0.01	4	access_fraction	0.1209666737179181
access_only	1.0	0.01	4	agent_holdout_rank	0.8508686679174486
access_only	1.0	0.01	4	betweenness	0.12583250634392018
access_only	1.0	0.01	4	broker_fill_rate	0.9849923284017829
access_only	1.0	0.01	4	broker_holdout_rank	0.9936303939962479
access_only	1.0	0.01	4	broker_net_output_per_requested_position	3.7910639683867204
access_only	1.0	0.01	4	broker_selected_rank	0.9020527599906739
access_only	1.0	0.01	4	mean_degree	26.2745
access_only	1.0	0.01	4	net_output_per_requested_position	4.155783301196034
access_only	1.0	0.01	4	outsourcing_rate	0.3836635371041789
access_only	1.0	0.01	4	q_gap	-0.53480709006593
access_only	1.0	0.01	4	rank_gap	0.1427617260787993
access_only	1.0	0.01	4	self_fill_rate	0.994612219958686
access_only	1.0	0.01	4	self_net_output_per_requested_position	4.382834700207587
access_only	1.0	0.01	5	access_fraction	0.13065406582995034
access_only	1.0	0.01	5	agent_holdout_rank	0.7556848968105065
access_only	1.0	0.01	5	betweenness	0.25899448265797076
access_only	1.0	0.01	5	broker_fill_rate	0.9953523878041212
access_only	1.0	0.01	5	broker_holdout_rank	0.9817837711069416
access_only	1.0	0.01	5	broker_net_output_per_requested_position	4.199275190192994
access_only	1.0	0.01	5	broker_selected_rank	0.9003099026773812
access_only	1.0	0.01	5	mean_degree	31.002250000000004
access_only	1.0	0.01	5	net_output_per_requested_position	4.135960637737738
access_only	1.0	0.01	5	outsourcing_rate	0.8026325226922875
access_only	1.0	0.01	5	q_gap	0.31314779770791257
access_only	1.0	0.01	5	rank_gap	0.22609887429643508
access_only	1.0	0.01	5	self_fill_rate	0.9947602839517156
access_only	1.0	0.01	5	self_net_output_per_requested_position	3.8792598715981605
access_only	1.0	0.01	6	access_fraction	0.13748855875250351
access_only	1.0	0.01	6	agent_holdout_rank	0.7461007504690432
access_only	1.0	0.01	6	betweenness	0.20734318888615072
access_only	1.0	0.01	6	broker_fill_rate	0.9929641326144061
access_only	1.0	0.01	6	broker_holdout_rank	0.9811975609756098
access_only	1.0	0.01	6	broker_net_output_per_requested_position	4.128162960555273
access_only	1.0	0.01	6	broker_selected_rank	0.8880302321537721
access_only	1.0	0.01	6	mean_degree	29.37375
access_only	1.0	0.01	6	net_output_per_requested_position	4.142811718095026
access_only	1.0	0.01	6	outsourcing_rate	0.6492851648459889
access_only	1.0	0.01	6	q_gap	-0.02088575616195034
access_only	1.0	0.01	6	rank_gap	0.23509681050656658
access_only	1.0	0.01	6	self_fill_rate	0.9953245997731568
access_only	1.0	0.01	6	self_net_output_per_requested_position	4.169921702402417
access_only	1.0	0.01	7	access_fraction	0.12188409207653324
access_only	1.0	0.01	7	agent_holdout_rank	0.8312818949343338
access_only	1.0	0.01	7	betweenness	0.13287745437322157
access_only	1.0	0.01	7	broker_fill_rate	0.9883341709718761
access_only	1.0	0.01	7	broker_holdout_rank	0.9918391181988742
access_only	1.0	0.01	7	broker_net_output_per_requested_position	3.766634722703894
access_only	1.0	0.01	7	broker_selected_rank	0.8944968570079681
access_only	1.0	0.01	7	mean_degree	27.34865
access_only	1.0	0.01	7	net_output_per_requested_position	4.095265261990648
access_only	1.0	0.01	7	outsourcing_rate	0.39434528368445787
access_only	1.0	0.01	7	q_gap	-0.49820167085768813
access_only	1.0	0.01	7	rank_gap	0.16055722326454036
access_only	1.0	0.01	7	self_fill_rate	0.9952021565600513
access_only	1.0	0.01	7	self_net_output_per_requested_position	4.309442797983634
access_only	1.0	0.01	8	access_fraction	0.12365356600669959
access_only	1.0	0.01	8	agent_holdout_rank	0.840726454033771
access_only	1.0	0.01	8	betweenness	0.1897298847583389
access_only	1.0	0.01	8	broker_fill_rate	0.9887682375646802
access_only	1.0	0.01	8	broker_holdout_rank	0.9908789868667917
access_only	1.0	0.01	8	broker_net_output_per_requested_position	3.9331630983374444
access_only	1.0	0.01	8	broker_selected_rank	0.9255816609180869
access_only	1.0	0.01	8	mean_degree	30.8385
access_only	1.0	0.01	8	net_output_per_requested_position	3.99670794346112
access_only	1.0	0.01	8	outsourcing_rate	0.5757574113982983
access_only	1.0	0.01	8	q_gap	-0.13060147217638995
access_only	1.0	0.01	8	rank_gap	0.15015253283302074
access_only	1.0	0.01	8	self_fill_rate	0.9937870225707517
access_only	1.0	0.01	8	self_net_output_per_requested_position	4.083112315406623
access_only	1.0	0.01	9	access_fraction	0.12858723277038336
access_only	1.0	0.01	9	agent_holdout_rank	0.7706184803001876
access_only	1.0	0.01	9	betweenness	0.21097571506223947
access_only	1.0	0.01	9	broker_fill_rate	0.9939042844690347
access_only	1.0	0.01	9	broker_holdout_rank	0.990062851782364
access_only	1.0	0.01	9	broker_net_output_per_requested_position	4.16559332106989
access_only	1.0	0.01	9	broker_selected_rank	0.9058294450835008
access_only	1.0	0.01	9	mean_degree	30.9531
access_only	1.0	0.01	9	net_output_per_requested_position	4.13793779723783
access_only	1.0	0.01	9	outsourcing_rate	0.6978361171554012
access_only	1.0	0.01	9	q_gap	0.10314933907355894
access_only	1.0	0.01	9	rank_gap	0.2194443714821764
access_only	1.0	0.01	9	self_fill_rate	0.9956063317672431
access_only	1.0	0.01	9	self_net_output_per_requested_position	4.074323775712752
access_only	1.0	0.03	1	access_fraction	0.26723421241116285
access_only	1.0	0.03	1	agent_holdout_rank	0.7914342401500938
access_only	1.0	0.03	1	betweenness	0.5360115520697775
access_only	1.0	0.03	1	broker_fill_rate	0.9922846399261334
access_only	1.0	0.03	1	broker_holdout_rank	0.9924572232645404
access_only	1.0	0.03	1	broker_net_output_per_requested_position	4.0727014354724975
access_only	1.0	0.03	1	broker_selected_rank	0.9053392744690465
access_only	1.0	0.03	1	mean_degree	24.63265
access_only	1.0	0.03	1	net_output_per_requested_position	3.995636229823128
access_only	1.0	0.03	1	outsourcing_rate	0.9226267721588102
access_only	1.0	0.03	1	q_gap	0.9726943257100128
access_only	1.0	0.03	1	rank_gap	0.2010229831144466
access_only	1.0	0.03	1	self_fill_rate	0.9865863955176157
access_only	1.0	0.03	1	self_net_output_per_requested_position	3.0784255312580284
access_only	1.0	0.03	10	access_fraction	0.2759449753933352
access_only	1.0	0.03	10	agent_holdout_rank	0.8043781425891181
access_only	1.0	0.03	10	betweenness	0.35238110910550924
access_only	1.0	0.03	10	broker_fill_rate	0.9835459012244859
access_only	1.0	0.03	10	broker_holdout_rank	0.989495684803002
access_only	1.0	0.03	10	broker_net_output_per_requested_position	3.975646629641696
access_only	1.0	0.03	10	broker_selected_rank	0.8999384757996639
access_only	1.0	0.03	10	mean_degree	22.762999999999998
access_only	1.0	0.03	10	net_output_per_requested_position	4.006291679234961
access_only	1.0	0.03	10	outsourcing_rate	0.6364492853988606
access_only	1.0	0.03	10	q_gap	-0.03984943135766765
access_only	1.0	0.03	10	rank_gap	0.1851175422138837
access_only	1.0	0.03	10	self_fill_rate	0.9922864955592333
access_only	1.0	0.03	10	self_net_output_per_requested_position	4.060091677065394
access_only	1.0	0.03	11	access_fraction	0.24200739377062078
access_only	1.0	0.03	11	agent_holdout_rank	0.765837148217636
access_only	1.0	0.03	11	betweenness	0.5133889955685603
access_only	1.0	0.03	11	broker_fill_rate	0.9934493438280232
access_only	1.0	0.03	11	broker_holdout_rank	0.9911697936210132
access_only	1.0	0.03	11	broker_net_output_per_requested_position	4.177184301610154
access_only	1.0	0.03	11	broker_selected_rank	0.9051209900045396
access_only	1.0	0.03	11	mean_degree	25.77985
access_only	1.0	0.03	11	net_output_per_requested_position	4.088526482387843
access_only	1.0	0.03	11	outsourcing_rate	0.9000994839570954
access_only	1.0	0.03	11	q_gap	0.8745024111774786
access_only	1.0	0.03	11	rank_gap	0.2253326454033772
access_only	1.0	0.03	11	self_fill_rate	0.9916392241199512
access_only	1.0	0.03	11	self_net_output_per_requested_position	3.291094576846306
access_only	1.0	0.03	12	access_fraction	0.25176895105909514
access_only	1.0	0.03	12	agent_holdout_rank	0.7464655722326453
access_only	1.0	0.03	12	betweenness	0.5351304200581442
access_only	1.0	0.03	12	broker_fill_rate	0.9937558087348772
access_only	1.0	0.03	12	broker_holdout_rank	0.9903993433395873
access_only	1.0	0.03	12	broker_net_output_per_requested_position	4.053950881192007
access_only	1.0	0.03	12	broker_selected_rank	0.8889336864745625
access_only	1.0	0.03	12	mean_degree	24.565549999999998
access_only	1.0	0.03	12	net_output_per_requested_position	3.9937469415737965
access_only	1.0	0.03	12	outsourcing_rate	0.9255369938945437
access_only	1.0	0.03	12	q_gap	0.7965457497593391
access_only	1.0	0.03	12	rank_gap	0.24393377110694195
access_only	1.0	0.03	12	self_fill_rate	0.9918164568165018
access_only	1.0	0.03	12	self_net_output_per_requested_position	3.2448310933910336
access_only	1.0	0.03	13	access_fraction	0.2850654097587499
access_only	1.0	0.03	13	agent_holdout_rank	0.8159377110694184
access_only	1.0	0.03	13	betweenness	0.5376827525291116
access_only	1.0	0.03	13	broker_fill_rate	0.9907547044982058
access_only	1.0	0.03	13	broker_holdout_rank	0.993822138836773
access_only	1.0	0.03	13	broker_net_output_per_requested_position	4.140413352663424
access_only	1.0	0.03	13	broker_selected_rank	0.9142870589154424
access_only	1.0	0.03	13	mean_degree	24.4594
access_only	1.0	0.03	13	net_output_per_requested_position	4.028933643309673
access_only	1.0	0.03	13	outsourcing_rate	0.9088374955842552
access_only	1.0	0.03	13	q_gap	1.203369832909642
access_only	1.0	0.03	13	rank_gap	0.17788442776735464
access_only	1.0	0.03	13	self_fill_rate	0.9848807856521672
access_only	1.0	0.03	13	self_net_output_per_requested_position	2.9191247630353176
access_only	1.0	0.03	14	access_fraction	0.265086784060949
access_only	1.0	0.03	14	agent_holdout_rank	0.8002152908067541
access_only	1.0	0.03	14	betweenness	0.5155972705072842
access_only	1.0	0.03	14	broker_fill_rate	0.9887913946893582
access_only	1.0	0.03	14	broker_holdout_rank	0.9924440900562852
access_only	1.0	0.03	14	broker_net_output_per_requested_position	4.186426171534574
access_only	1.0	0.03	14	broker_selected_rank	0.9077816919035623
access_only	1.0	0.03	14	mean_degree	25.439100000000003
access_only	1.0	0.03	14	net_output_per_requested_position	4.059819733379834
access_only	1.0	0.03	14	outsourcing_rate	0.8877909218918909
access_only	1.0	0.03	14	q_gap	1.0977787014570661
access_only	1.0	0.03	14	rank_gap	0.19222879924953098
access_only	1.0	0.03	14	self_fill_rate	0.9819401183638872
access_only	1.0	0.03	14	self_net_output_per_requested_position	3.0577738509349173
access_only	1.0	0.03	15	access_fraction	0.2776929616188343
access_only	1.0	0.03	15	agent_holdout_rank	0.7087158536585366
access_only	1.0	0.03	15	betweenness	0.5311309984491858
access_only	1.0	0.03	15	broker_fill_rate	0.9944558194760779
access_only	1.0	0.03	15	broker_holdout_rank	0.9823606003752345
access_only	1.0	0.03	15	broker_net_output_per_requested_position	4.0431497892235875
access_only	1.0	0.03	15	broker_selected_rank	0.8722089802764023
access_only	1.0	0.03	15	mean_degree	24.920899999999996
access_only	1.0	0.03	15	net_output_per_requested_position	3.975014786479103
access_only	1.0	0.03	15	outsourcing_rate	0.8923599659853139
access_only	1.0	0.03	15	q_gap	0.6158344204981694
access_only	1.0	0.03	15	rank_gap	0.27364474671669803
access_only	1.0	0.03	15	self_fill_rate	0.9935298418299684
access_only	1.0	0.03	15	self_net_output_per_requested_position	3.4116678797605076
access_only	1.0	0.03	16	access_fraction	0.2782262177478515
access_only	1.0	0.03	16	agent_holdout_rank	0.7338873358348967
access_only	1.0	0.03	16	betweenness	0.4889850789956883
access_only	1.0	0.03	16	broker_fill_rate	0.9946683570493576
access_only	1.0	0.03	16	broker_holdout_rank	0.9893090056285179
access_only	1.0	0.03	16	broker_net_output_per_requested_position	4.032449346153926
access_only	1.0	0.03	16	broker_selected_rank	0.8872571241512934
access_only	1.0	0.03	16	mean_degree	24.1995
access_only	1.0	0.03	16	net_output_per_requested_position	3.967528100869257
access_only	1.0	0.03	16	outsourcing_rate	0.9207748295651934
access_only	1.0	0.03	16	q_gap	0.7896401560014714
access_only	1.0	0.03	16	rank_gap	0.2554216697936209
access_only	1.0	0.03	16	self_fill_rate	0.9893931119972542
access_only	1.0	0.03	16	self_net_output_per_requested_position	3.218645688384311
access_only	1.0	0.03	17	access_fraction	0.23518374902421274
access_only	1.0	0.03	17	agent_holdout_rank	0.7458303001876173
access_only	1.0	0.03	17	betweenness	0.4952769497637302
access_only	1.0	0.03	17	broker_fill_rate	0.9933857996506884
access_only	1.0	0.03	17	broker_holdout_rank	0.9897006566604128
access_only	1.0	0.03	17	broker_net_output_per_requested_position	4.075973323474346
access_only	1.0	0.03	17	broker_selected_rank	0.8908420781536052
access_only	1.0	0.03	17	mean_degree	24.820349999999998
access_only	1.0	0.03	17	net_output_per_requested_position	4.018875235072688
access_only	1.0	0.03	17	outsourcing_rate	0.9300857170053278
access_only	1.0	0.03	17	q_gap	0.7954915535497207
access_only	1.0	0.03	17	rank_gap	0.2438703564727956
access_only	1.0	0.03	17	self_fill_rate	0.990414551461907
access_only	1.0	0.03	17	self_net_output_per_requested_position	3.2625206355922187
access_only	1.0	0.03	18	access_fraction	0.24615327331243253
access_only	1.0	0.03	18	agent_holdout_rank	0.8108474671669793
access_only	1.0	0.03	18	betweenness	0.5279129883526208
access_only	1.0	0.03	18	broker_fill_rate	0.9922690491384231
access_only	1.0	0.03	18	broker_holdout_rank	0.9921060037523454
access_only	1.0	0.03	18	broker_net_output_per_requested_position	4.193507290098141
access_only	1.0	0.03	18	broker_selected_rank	0.9152371377622817
access_only	1.0	0.03	18	mean_degree	26.2348
access_only	1.0	0.03	18	net_output_per_requested_position	4.1149683476547425
access_only	1.0	0.03	18	outsourcing_rate	0.914280162058047
access_only	1.0	0.03	18	q_gap	0.881426708052134
access_only	1.0	0.03	18	rank_gap	0.18125853658536586
access_only	1.0	0.03	18	self_fill_rate	0.9842829850911572
access_only	1.0	0.03	18	self_net_output_per_requested_position	3.277392039803028
access_only	1.0	0.03	19	access_fraction	0.24452417916895
access_only	1.0	0.03	19	agent_holdout_rank	0.7840577861163227
access_only	1.0	0.03	19	betweenness	0.5037226128300418
access_only	1.0	0.03	19	broker_fill_rate	0.9927830428137459
access_only	1.0	0.03	19	broker_holdout_rank	0.9918106941838649
access_only	1.0	0.03	19	broker_net_output_per_requested_position	4.056810370153292
access_only	1.0	0.03	19	broker_selected_rank	0.8996318793127396
access_only	1.0	0.03	19	mean_degree	24.867399999999996
access_only	1.0	0.03	19	net_output_per_requested_position	3.978814777430062
access_only	1.0	0.03	19	outsourcing_rate	0.9240770320147809
access_only	1.0	0.03	19	q_gap	1.0045403548161356
access_only	1.0	0.03	19	rank_gap	0.20775290806754235
access_only	1.0	0.03	19	self_fill_rate	0.9860518384119281
access_only	1.0	0.03	19	self_net_output_per_requested_position	3.029301292781402
access_only	1.0	0.03	2	access_fraction	0.24620796654839933
access_only	1.0	0.03	2	agent_holdout_rank	0.7995872420262664
access_only	1.0	0.03	2	betweenness	0.5154309224533662
access_only	1.0	0.03	2	broker_fill_rate	0.9906126756948433
access_only	1.0	0.03	2	broker_holdout_rank	0.9902367729831143
access_only	1.0	0.03	2	broker_net_output_per_requested_position	4.140883430231746
access_only	1.0	0.03	2	broker_selected_rank	0.9136241812141208
access_only	1.0	0.03	2	mean_degree	26.815199999999997
access_only	1.0	0.03	2	net_output_per_requested_position	4.053507574814979
access_only	1.0	0.03	2	outsourcing_rate	0.8899939815621156
access_only	1.0	0.03	2	q_gap	0.7751135680977944
access_only	1.0	0.03	2	rank_gap	0.19064953095684795
access_only	1.0	0.03	2	self_fill_rate	0.988813832847867
access_only	1.0	0.03	2	self_net_output_per_requested_position	3.34684863152155
access_only	1.0	0.03	20	access_fraction	0.2597582049289423
access_only	1.0	0.03	20	agent_holdout_rank	0.7089028142589118
access_only	1.0	0.03	20	betweenness	0.5014676793931405
access_only	1.0	0.03	20	broker_fill_rate	0.9938086827982214
access_only	1.0	0.03	20	broker_holdout_rank	0.9890608818011257
access_only	1.0	0.03	20	broker_net_output_per_requested_position	4.102883139341918
access_only	1.0	0.03	20	broker_selected_rank	0.8775026163419813
access_only	1.0	0.03	20	mean_degree	24.7179
access_only	1.0	0.03	20	net_output_per_requested_position	4.040753987996496
access_only	1.0	0.03	20	outsourcing_rate	0.915862110827845
access_only	1.0	0.03	20	q_gap	0.7156063820033106
access_only	1.0	0.03	20	rank_gap	0.28015806754221395
access_only	1.0	0.03	20	self_fill_rate	0.9895861206455374
access_only	1.0	0.03	20	self_net_output_per_requested_position	3.364800228088117
access_only	1.0	0.03	3	access_fraction	0.2547011788919431
access_only	1.0	0.03	3	agent_holdout_rank	0.8548757973733583
access_only	1.0	0.03	3	betweenness	0.17164959594762702
access_only	1.0	0.03	3	broker_fill_rate	0.9673234959078446
access_only	1.0	0.03	3	broker_holdout_rank	0.9934308630393994
access_only	1.0	0.03	3	broker_net_output_per_requested_position	3.282477632401318
access_only	1.0	0.03	3	broker_selected_rank	0.8440125287653188
access_only	1.0	0.03	3	mean_degree	19.516349999999996
access_only	1.0	0.03	3	net_output_per_requested_position	4.019997719334562
access_only	1.0	0.03	3	outsourcing_rate	0.25633875966998354
access_only	1.0	0.03	3	q_gap	-0.879982000433683
access_only	1.0	0.03	3	rank_gap	0.13855506566604125
access_only	1.0	0.03	3	self_fill_rate	0.9918584978320277
access_only	1.0	0.03	3	self_net_output_per_requested_position	4.273872372275138
access_only	1.0	0.03	4	access_fraction	0.27360857102740377
access_only	1.0	0.03	4	agent_holdout_rank	0.8385527204502814
access_only	1.0	0.03	4	betweenness	0.19278780919612024
access_only	1.0	0.03	4	broker_fill_rate	0.9760850683439815
access_only	1.0	0.03	4	broker_holdout_rank	0.9955852720450282
access_only	1.0	0.03	4	broker_net_output_per_requested_position	3.603044282776706
access_only	1.0	0.03	4	broker_selected_rank	0.8723627153087055
access_only	1.0	0.03	4	mean_degree	19.275650000000002
access_only	1.0	0.03	4	net_output_per_requested_position	4.062811626124846
access_only	1.0	0.03	4	outsourcing_rate	0.36126827275619106
access_only	1.0	0.03	4	q_gap	-0.6320835854932231
access_only	1.0	0.03	4	rank_gap	0.15703255159474674
access_only	1.0	0.03	4	self_fill_rate	0.9926987398355956
access_only	1.0	0.03	4	self_net_output_per_requested_position	4.323024321397691
access_only	1.0	0.03	5	access_fraction	0.2644017120583945
access_only	1.0	0.03	5	agent_holdout_rank	0.7531937148217637
access_only	1.0	0.03	5	betweenness	0.5154542500285066
access_only	1.0	0.03	5	broker_fill_rate	0.9937932629987742
access_only	1.0	0.03	5	broker_holdout_rank	0.9907279549718572
access_only	1.0	0.03	5	broker_net_output_per_requested_position	4.077223233228016
access_only	1.0	0.03	5	broker_selected_rank	0.89288442366049
access_only	1.0	0.03	5	mean_degree	23.406999999999996
access_only	1.0	0.03	5	net_output_per_requested_position	4.003909680899215
access_only	1.0	0.03	5	outsourcing_rate	0.9227886004379032
access_only	1.0	0.03	5	q_gap	0.9295478211225682
access_only	1.0	0.03	5	rank_gap	0.2375342401500938
access_only	1.0	0.03	5	self_fill_rate	0.9892306547119448
access_only	1.0	0.03	5	self_net_output_per_requested_position	3.130028164523787
access_only	1.0	0.03	6	access_fraction	0.28151337630764545
access_only	1.0	0.03	6	agent_holdout_rank	0.7553512195121951
access_only	1.0	0.03	6	betweenness	0.5307358573550899
access_only	1.0	0.03	6	broker_fill_rate	0.994101812950227
access_only	1.0	0.03	6	broker_holdout_rank	0.9910480300187616
access_only	1.0	0.03	6	broker_net_output_per_requested_position	4.141280390949975
access_only	1.0	0.03	6	broker_selected_rank	0.8937719396127365
access_only	1.0	0.03	6	mean_degree	24.57255
access_only	1.0	0.03	6	net_output_per_requested_position	4.072929487524798
access_only	1.0	0.03	6	outsourcing_rate	0.9016117336952905
access_only	1.0	0.03	6	q_gap	0.6685347594207188
access_only	1.0	0.03	6	rank_gap	0.2356968105065666
access_only	1.0	0.03	6	self_fill_rate	0.9905798709136491
access_only	1.0	0.03	6	self_net_output_per_requested_position	3.4483032996860623
access_only	1.0	0.03	7	access_fraction	0.27753014487400357
access_only	1.0	0.03	7	agent_holdout_rank	0.8330408067542215
access_only	1.0	0.03	7	betweenness	0.2248023610337225
access_only	1.0	0.03	7	broker_fill_rate	0.9745686328768006
access_only	1.0	0.03	7	broker_holdout_rank	0.9936389305816137
access_only	1.0	0.03	7	broker_net_output_per_requested_position	3.5602360699193634
access_only	1.0	0.03	7	broker_selected_rank	0.8658631263477924
access_only	1.0	0.03	7	mean_degree	19.800549999999998
access_only	1.0	0.03	7	net_output_per_requested_position	4.000620891811563
access_only	1.0	0.03	7	outsourcing_rate	0.36994791016152045
access_only	1.0	0.03	7	q_gap	-0.6134835368043888
access_only	1.0	0.03	7	rank_gap	0.1605981238273922
access_only	1.0	0.03	7	self_fill_rate	0.9912173167903242
access_only	1.0	0.03	7	self_net_output_per_requested_position	4.259353510426494
access_only	1.0	0.03	8	access_fraction	0.261723211828857
access_only	1.0	0.03	8	agent_holdout_rank	0.8028706378986866
access_only	1.0	0.03	8	betweenness	0.5021601215557304
access_only	1.0	0.03	8	broker_fill_rate	0.9903566340052071
access_only	1.0	0.03	8	broker_holdout_rank	0.9905848968105065
access_only	1.0	0.03	8	broker_net_output_per_requested_position	4.0674262269254475
access_only	1.0	0.03	8	broker_selected_rank	0.9139123044191537
access_only	1.0	0.03	8	mean_degree	24.95635
access_only	1.0	0.03	8	net_output_per_requested_position	3.963054457394884
access_only	1.0	0.03	8	outsourcing_rate	0.8909108852496548
access_only	1.0	0.03	8	q_gap	0.953645416179038
access_only	1.0	0.03	8	rank_gap	0.18771425891181986
access_only	1.0	0.03	8	self_fill_rate	0.9904559365878114
access_only	1.0	0.03	8	self_net_output_per_requested_position	3.1110406351640707
access_only	1.0	0.03	9	access_fraction	0.2581781120204196
access_only	1.0	0.03	9	agent_holdout_rank	0.7728832082551595
access_only	1.0	0.03	9	betweenness	0.522622343304141
access_only	1.0	0.03	9	broker_fill_rate	0.9928009981109623
access_only	1.0	0.03	9	broker_holdout_rank	0.9906682926829268
access_only	1.0	0.03	9	broker_net_output_per_requested_position	4.1728909173999575
access_only	1.0	0.03	9	broker_selected_rank	0.9015046876592174
access_only	1.0	0.03	9	mean_degree	26.3031
access_only	1.0	0.03	9	net_output_per_requested_position	4.1018100839255816
access_only	1.0	0.03	9	outsourcing_rate	0.9226636435003218
access_only	1.0	0.03	9	q_gap	0.8886676541096723
access_only	1.0	0.03	9	rank_gap	0.2177850844277672
access_only	1.0	0.03	9	self_fill_rate	0.9874445694033673
access_only	1.0	0.03	9	self_net_output_per_requested_position	3.2551824629103594
assessment_only	0.0	0.0	1	access_fraction	0.0009804511672058492
assessment_only	0.0	0.0	1	agent_holdout_rank	0.7069150027479296
assessment_only	0.0	0.0	1	betweenness	0.36037243174372213
assessment_only	0.0	0.0	1	broker_fill_rate	1.0
assessment_only	0.0	0.0	1	broker_holdout_rank	0.7643264076032369
assessment_only	0.0	0.0	1	broker_net_output_per_requested_position	5.4457342456435915
assessment_only	0.0	0.0	1	broker_selected_rank	0.9619205209644349
assessment_only	0.0	0.0	1	mean_degree	44.515499999999996
assessment_only	0.0	0.0	1	net_output_per_requested_position	5.48546494125777
assessment_only	0.0	0.0	1	outsourcing_rate	0.6350921073278675
assessment_only	0.0	0.0	1	q_gap	-0.08703083942604861
assessment_only	0.0	0.0	1	rank_gap	0.057411404855307394
assessment_only	0.0	0.0	1	self_fill_rate	0.9996173284273635
assessment_only	0.0	0.0	1	self_net_output_per_requested_position	5.554760751468079
assessment_only	0.0	0.0	10	access_fraction	0.002305412149088981
assessment_only	0.0	0.0	10	agent_holdout_rank	0.6859330206378986
assessment_only	0.0	0.0	10	betweenness	0.37145497510735476
assessment_only	0.0	0.0	10	broker_fill_rate	0.9995760602762823
assessment_only	0.0	0.0	10	broker_holdout_rank	0.7878818011257036
assessment_only	0.0	0.0	10	broker_net_output_per_requested_position	5.076893045486137
assessment_only	0.0	0.0	10	broker_selected_rank	0.931836869656312
assessment_only	0.0	0.0	10	mean_degree	45.5149
assessment_only	0.0	0.0	10	net_output_per_requested_position	5.1525469964318225
assessment_only	0.0	0.0	10	outsourcing_rate	0.6604505970632909
assessment_only	0.0	0.0	10	q_gap	-0.19745262642472067
assessment_only	0.0	0.0	10	rank_gap	0.10194878048780491
assessment_only	0.0	0.0	10	self_fill_rate	1.0
assessment_only	0.0	0.0	10	self_net_output_per_requested_position	5.299573725577895
assessment_only	0.0	0.0	11	access_fraction	0.0010122410768462614
assessment_only	0.0	0.0	11	agent_holdout_rank	0.741951219512195
assessment_only	0.0	0.0	11	betweenness	0.36460728907140105
assessment_only	0.0	0.0	11	broker_fill_rate	1.0
assessment_only	0.0	0.0	11	broker_holdout_rank	0.8430568480300187
assessment_only	0.0	0.0	11	broker_net_output_per_requested_position	5.532133037697397
assessment_only	0.0	0.0	11	broker_selected_rank	0.9731956673756412
assessment_only	0.0	0.0	11	mean_degree	41.8386
assessment_only	0.0	0.0	11	net_output_per_requested_position	5.687927965880814
assessment_only	0.0	0.0	11	outsourcing_rate	0.589211080069594
assessment_only	0.0	0.0	11	q_gap	-0.3494635731852163
assessment_only	0.0	0.0	11	rank_gap	0.10110562851782365
assessment_only	0.0	0.0	11	self_fill_rate	0.9999042466979091
assessment_only	0.0	0.0	11	self_net_output_per_requested_position	5.91161694635649
assessment_only	0.0	0.0	12	access_fraction	0.0009025877783880228
assessment_only	0.0	0.0	12	agent_holdout_rank	0.6707323639774859
assessment_only	0.0	0.0	12	betweenness	0.3956875261317952
assessment_only	0.0	0.0	12	broker_fill_rate	1.0
assessment_only	0.0	0.0	12	broker_holdout_rank	0.8158102251407129
assessment_only	0.0	0.0	12	broker_net_output_per_requested_position	5.39199751509077
assessment_only	0.0	0.0	12	broker_selected_rank	0.9666789945996271
assessment_only	0.0	0.0	12	mean_degree	41.816649999999996
assessment_only	0.0	0.0	12	net_output_per_requested_position	5.470202407542235
assessment_only	0.0	0.0	12	outsourcing_rate	0.597204612176224
assessment_only	0.0	0.0	12	q_gap	-0.17355484574878025
assessment_only	0.0	0.0	12	rank_gap	0.145077861163227
assessment_only	0.0	0.0	12	self_fill_rate	0.9999002955347709
assessment_only	0.0	0.0	12	self_net_output_per_requested_position	5.586177028105534
assessment_only	0.0	0.0	13	access_fraction	0.0007067962688685921
assessment_only	0.0	0.0	13	agent_holdout_rank	0.713308818011257
assessment_only	0.0	0.0	13	betweenness	0.38504536126544797
assessment_only	0.0	0.0	13	broker_fill_rate	0.9999662845583277
assessment_only	0.0	0.0	13	broker_holdout_rank	0.8612672607879924
assessment_only	0.0	0.0	13	broker_net_output_per_requested_position	5.655046440419453
assessment_only	0.0	0.0	13	broker_selected_rank	0.9662813484848147
assessment_only	0.0	0.0	13	mean_degree	41.4667
assessment_only	0.0	0.0	13	net_output_per_requested_position	5.857791759980644
assessment_only	0.0	0.0	13	outsourcing_rate	0.59423720073053
assessment_only	0.0	0.0	13	q_gap	-0.46131146103991527
assessment_only	0.0	0.0	13	rank_gap	0.1479584427767354
assessment_only	0.0	0.0	13	self_fill_rate	0.999806054386843
assessment_only	0.0	0.0	13	self_net_output_per_requested_position	6.155009202716046
assessment_only	0.0	0.0	14	access_fraction	0.0010207820452614955
assessment_only	0.0	0.0	14	agent_holdout_rank	0.6295555347091933
assessment_only	0.0	0.0	14	betweenness	0.48162014115423474
assessment_only	0.0	0.0	14	broker_fill_rate	1.0
assessment_only	0.0	0.0	14	broker_holdout_rank	0.8859908067542213
assessment_only	0.0	0.0	14	broker_net_output_per_requested_position	4.681265653927811
assessment_only	0.0	0.0	14	broker_selected_rank	0.9126834910477098
assessment_only	0.0	0.0	14	mean_degree	40.61445
assessment_only	0.0	0.0	14	net_output_per_requested_position	4.712611149578295
assessment_only	0.0	0.0	14	outsourcing_rate	0.7132490119459244
assessment_only	0.0	0.0	14	q_gap	-0.06192439640147111
assessment_only	0.0	0.0	14	rank_gap	0.2564352720450281
assessment_only	0.0	0.0	14	self_fill_rate	0.9997894541537071
assessment_only	0.0	0.0	14	self_net_output_per_requested_position	4.790572588595631
assessment_only	0.0	0.0	15	access_fraction	0.0024290916155855773
assessment_only	0.0	0.0	15	agent_holdout_rank	0.6112248592870545
assessment_only	0.0	0.0	15	betweenness	0.386671826891163
assessment_only	0.0	0.0	15	broker_fill_rate	0.9999626865671642
assessment_only	0.0	0.0	15	broker_holdout_rank	0.7797387429643527
assessment_only	0.0	0.0	15	broker_net_output_per_requested_position	4.855912962733614
assessment_only	0.0	0.0	15	broker_selected_rank	0.9053174184312649
assessment_only	0.0	0.0	15	mean_degree	43.4138
assessment_only	0.0	0.0	15	net_output_per_requested_position	4.913369332792479
assessment_only	0.0	0.0	15	outsourcing_rate	0.5334655411936025
assessment_only	0.0	0.0	15	q_gap	-0.08213869959109532
assessment_only	0.0	0.0	15	rank_gap	0.16851388367729836
assessment_only	0.0	0.0	15	self_fill_rate	0.9997452406133084
assessment_only	0.0	0.0	15	self_net_output_per_requested_position	4.97904758357814
assessment_only	0.0	0.0	16	access_fraction	0.0006595267648344893
assessment_only	0.0	0.0	16	agent_holdout_rank	0.6198362101313322
assessment_only	0.0	0.0	16	betweenness	0.37304652498709917
assessment_only	0.0	0.0	16	broker_fill_rate	0.9999689826302729
assessment_only	0.0	0.0	16	broker_holdout_rank	0.7921645403377112
assessment_only	0.0	0.0	16	broker_net_output_per_requested_position	4.770989896404637
assessment_only	0.0	0.0	16	broker_selected_rank	0.9440883823489571
assessment_only	0.0	0.0	16	mean_degree	45.1316
assessment_only	0.0	0.0	16	net_output_per_requested_position	4.858866567749558
assessment_only	0.0	0.0	16	outsourcing_rate	0.6342643947219113
assessment_only	0.0	0.0	16	q_gap	-0.22207511151732837
assessment_only	0.0	0.0	16	rank_gap	0.172328330206379
assessment_only	0.0	0.0	16	self_fill_rate	0.9995619058176122
assessment_only	0.0	0.0	16	self_net_output_per_requested_position	5.011301712398099
assessment_only	0.0	0.0	17	access_fraction	0.0010584136338771784
assessment_only	0.0	0.0	17	agent_holdout_rank	0.674301688555347
assessment_only	0.0	0.0	17	betweenness	0.325439561040235
assessment_only	0.0	0.0	17	broker_fill_rate	0.9998806917880569
assessment_only	0.0	0.0	17	broker_holdout_rank	0.8097348030018763
assessment_only	0.0	0.0	17	broker_net_output_per_requested_position	5.42248669596837
assessment_only	0.0	0.0	17	broker_selected_rank	0.9571521963311798
assessment_only	0.0	0.0	17	mean_degree	42.13295000000001
assessment_only	0.0	0.0	17	net_output_per_requested_position	5.3780385416436385
assessment_only	0.0	0.0	17	outsourcing_rate	0.5134406167723491
assessment_only	0.0	0.0	17	q_gap	0.09734958105043608
assessment_only	0.0	0.0	17	rank_gap	0.13543311444652914
assessment_only	0.0	0.0	17	self_fill_rate	0.9999162081742646
assessment_only	0.0	0.0	17	self_net_output_per_requested_position	5.331277320104077
assessment_only	0.0	0.0	18	access_fraction	0.00198512543221006
assessment_only	0.0	0.0	18	agent_holdout_rank	0.6909369606003752
assessment_only	0.0	0.0	18	betweenness	0.3853059074993621
assessment_only	0.0	0.0	18	broker_fill_rate	0.9999338508599388
assessment_only	0.0	0.0	18	broker_holdout_rank	0.8694878048780488
assessment_only	0.0	0.0	18	broker_net_output_per_requested_position	5.132741976557212
assessment_only	0.0	0.0	18	broker_selected_rank	0.9492843075306734
assessment_only	0.0	0.0	18	mean_degree	44.016650000000006
assessment_only	0.0	0.0	18	net_output_per_requested_position	5.30490882731917
assessment_only	0.0	0.0	18	outsourcing_rate	0.5965379335546334
assessment_only	0.0	0.0	18	q_gap	-0.40151250786574877
assessment_only	0.0	0.0	18	rank_gap	0.17855084427767356
assessment_only	0.0	0.0	18	self_fill_rate	0.9998479556925757
assessment_only	0.0	0.0	18	self_net_output_per_requested_position	5.559365191803067
assessment_only	0.0	0.0	19	access_fraction	0.000773396490366151
assessment_only	0.0	0.0	19	agent_holdout_rank	0.6654676360225141
assessment_only	0.0	0.0	19	betweenness	0.4766827316254343
assessment_only	0.0	0.0	19	broker_fill_rate	0.9999691548426897
assessment_only	0.0	0.0	19	broker_holdout_rank	0.8280456848030019
assessment_only	0.0	0.0	19	broker_net_output_per_requested_position	5.083920454667469
assessment_only	0.0	0.0	19	broker_selected_rank	0.9178233293087775
assessment_only	0.0	0.0	19	mean_degree	39.40415
assessment_only	0.0	0.0	19	net_output_per_requested_position	5.1538588482119
assessment_only	0.0	0.0	19	outsourcing_rate	0.6513881183182815
assessment_only	0.0	0.0	19	q_gap	-0.17419542295324977
assessment_only	0.0	0.0	19	rank_gap	0.16257804878048776
assessment_only	0.0	0.0	19	self_fill_rate	0.999940828402367
assessment_only	0.0	0.0	19	self_net_output_per_requested_position	5.284420022627303
assessment_only	0.0	0.0	2	access_fraction	0.0008436727287077856
assessment_only	0.0	0.0	2	agent_holdout_rank	0.6888014071294559
assessment_only	0.0	0.0	2	betweenness	0.37859120701869264
assessment_only	0.0	0.0	2	broker_fill_rate	1.0
assessment_only	0.0	0.0	2	broker_holdout_rank	0.8681601313320826
assessment_only	0.0	0.0	2	broker_net_output_per_requested_position	4.924010925883048
assessment_only	0.0	0.0	2	broker_selected_rank	0.9435981810756731
assessment_only	0.0	0.0	2	mean_degree	42.24680000000001
assessment_only	0.0	0.0	2	net_output_per_requested_position	5.0615228614358285
assessment_only	0.0	0.0	2	outsourcing_rate	0.5206751054500507
assessment_only	0.0	0.0	2	q_gap	-0.25880663302806395
assessment_only	0.0	0.0	2	rank_gap	0.17935872420262666
assessment_only	0.0	0.0	2	self_fill_rate	0.9995832974792853
assessment_only	0.0	0.0	2	self_net_output_per_requested_position	5.210902007614097
assessment_only	0.0	0.0	20	access_fraction	0.0010048098687789292
assessment_only	0.0	0.0	20	agent_holdout_rank	0.683663320825516
assessment_only	0.0	0.0	20	betweenness	0.42405408333754335
assessment_only	0.0	0.0	20	broker_fill_rate	1.0
assessment_only	0.0	0.0	20	broker_holdout_rank	0.7802227954971858
assessment_only	0.0	0.0	20	broker_net_output_per_requested_position	5.122627870739654
assessment_only	0.0	0.0	20	broker_selected_rank	0.9307068937120535
assessment_only	0.0	0.0	20	mean_degree	40.612750000000005
assessment_only	0.0	0.0	20	net_output_per_requested_position	5.171463445258546
assessment_only	0.0	0.0	20	outsourcing_rate	0.6171692991378712
assessment_only	0.0	0.0	20	q_gap	-0.07987646962782313
assessment_only	0.0	0.0	20	rank_gap	0.09655947467166989
assessment_only	0.0	0.0	20	self_fill_rate	0.9997895078989911
assessment_only	0.0	0.0	20	self_net_output_per_requested_position	5.250096614490778
assessment_only	0.0	0.0	3	access_fraction	0.0011882139595523846
assessment_only	0.0	0.0	3	agent_holdout_rank	0.708116885553471
assessment_only	0.0	0.0	3	betweenness	0.2940975426715526
assessment_only	0.0	0.0	3	broker_fill_rate	0.99995183044316
assessment_only	0.0	0.0	3	broker_holdout_rank	0.8611147279549718
assessment_only	0.0	0.0	3	broker_net_output_per_requested_position	4.797823586031826
assessment_only	0.0	0.0	3	broker_selected_rank	0.9302683788051546
assessment_only	0.0	0.0	3	mean_degree	43.5008
assessment_only	0.0	0.0	3	net_output_per_requested_position	4.954690473357504
assessment_only	0.0	0.0	3	outsourcing_rate	0.420086757654373
assessment_only	0.0	0.0	3	q_gap	-0.2426411339417013
assessment_only	0.0	0.0	3	rank_gap	0.15299784240150088
assessment_only	0.0	0.0	3	self_fill_rate	0.9998985318904516
assessment_only	0.0	0.0	3	self_net_output_per_requested_position	5.06836456845536
assessment_only	0.0	0.0	4	access_fraction	0.0012554266550892407
assessment_only	0.0	0.0	4	agent_holdout_rank	0.7575635084427768
assessment_only	0.0	0.0	4	betweenness	0.27953337548498425
assessment_only	0.0	0.0	4	broker_fill_rate	1.0
assessment_only	0.0	0.0	4	broker_holdout_rank	0.8301713883677297
assessment_only	0.0	0.0	4	broker_net_output_per_requested_position	6.1930790583067115
assessment_only	0.0	0.0	4	broker_selected_rank	0.9425391371894554
assessment_only	0.0	0.0	4	mean_degree	41.375600000000006
assessment_only	0.0	0.0	4	net_output_per_requested_position	6.04309819640328
assessment_only	0.0	0.0	4	outsourcing_rate	0.3195767558027881
assessment_only	0.0	0.0	4	q_gap	0.22779837154430674
assessment_only	0.0	0.0	4	rank_gap	0.07260787992495306
assessment_only	0.0	0.0	4	self_fill_rate	0.9998507654771955
assessment_only	0.0	0.0	4	self_net_output_per_requested_position	5.972598926020223
assessment_only	0.0	0.0	5	access_fraction	0.001045629065632625
assessment_only	0.0	0.0	5	agent_holdout_rank	0.676753564727955
assessment_only	0.0	0.0	5	betweenness	0.3206249624197383
assessment_only	0.0	0.0	5	broker_fill_rate	0.9999607535321822
assessment_only	0.0	0.0	5	broker_holdout_rank	0.8315565666041275
assessment_only	0.0	0.0	5	broker_net_output_per_requested_position	5.146851470064128
assessment_only	0.0	0.0	5	broker_selected_rank	0.9630312389621409
assessment_only	0.0	0.0	5	mean_degree	44.9288
assessment_only	0.0	0.0	5	net_output_per_requested_position	5.299561683282638
assessment_only	0.0	0.0	5	outsourcing_rate	0.49880409416636634
assessment_only	0.0	0.0	5	q_gap	-0.29175247338615173
assessment_only	0.0	0.0	5	rank_gap	0.15480300187617266
assessment_only	0.0	0.0	5	self_fill_rate	0.9998798901449533
assessment_only	0.0	0.0	5	self_net_output_per_requested_position	5.451534159611758
assessment_only	0.0	0.0	6	access_fraction	0.0010721962070619608
assessment_only	0.0	0.0	6	agent_holdout_rank	0.6897132270168855
assessment_only	0.0	0.0	6	betweenness	0.4113652196241702
assessment_only	0.0	0.0	6	broker_fill_rate	1.0
assessment_only	0.0	0.0	6	broker_holdout_rank	0.8471282363977487
assessment_only	0.0	0.0	6	broker_net_output_per_requested_position	5.464572468363731
assessment_only	0.0	0.0	6	broker_selected_rank	0.9583852571431353
assessment_only	0.0	0.0	6	mean_degree	41.8938
assessment_only	0.0	0.0	6	net_output_per_requested_position	5.50563102462041
assessment_only	0.0	0.0	6	outsourcing_rate	0.6108034722760581
assessment_only	0.0	0.0	6	q_gap	-0.07732269876504705
assessment_only	0.0	0.0	6	rank_gap	0.15741500938086317
assessment_only	0.0	0.0	6	self_fill_rate	0.9997979485577424
assessment_only	0.0	0.0	6	self_net_output_per_requested_position	5.57022944165542
assessment_only	0.0	0.0	7	access_fraction	0.0007840718260462476
assessment_only	0.0	0.0	7	agent_holdout_rank	0.6471058161350844
assessment_only	0.0	0.0	7	betweenness	0.38542364827148967
assessment_only	0.0	0.0	7	broker_fill_rate	1.0
assessment_only	0.0	0.0	7	broker_holdout_rank	0.7895745778611634
assessment_only	0.0	0.0	7	broker_net_output_per_requested_position	4.749366751076005
assessment_only	0.0	0.0	7	broker_selected_rank	0.9073187276620853
assessment_only	0.0	0.0	7	mean_degree	41.168949999999995
assessment_only	0.0	0.0	7	net_output_per_requested_position	4.8501557688114385
assessment_only	0.0	0.0	7	outsourcing_rate	0.5371147481140343
assessment_only	0.0	0.0	7	q_gap	-0.18196645826735183
assessment_only	0.0	0.0	7	rank_gap	0.14246876172607886
assessment_only	0.0	0.0	7	self_fill_rate	0.9997853655894833
assessment_only	0.0	0.0	7	self_net_output_per_requested_position	4.967112950273853
assessment_only	0.0	0.0	8	access_fraction	0.0007000810051584919
assessment_only	0.0	0.0	8	agent_holdout_rank	0.6243560037523451
assessment_only	0.0	0.0	8	betweenness	0.39352364366872356
assessment_only	0.0	0.0	8	broker_fill_rate	1.0
assessment_only	0.0	0.0	8	broker_holdout_rank	0.830790243902439
assessment_only	0.0	0.0	8	broker_net_output_per_requested_position	4.657196815491435
assessment_only	0.0	0.0	8	broker_selected_rank	0.9175033214376892
assessment_only	0.0	0.0	8	mean_degree	43.137100000000004
assessment_only	0.0	0.0	8	net_output_per_requested_position	4.734325486294418
assessment_only	0.0	0.0	8	outsourcing_rate	0.6244029468968603
assessment_only	0.0	0.0	8	q_gap	-0.17476206120979582
assessment_only	0.0	0.0	8	rank_gap	0.20643424015009387
assessment_only	0.0	0.0	8	self_fill_rate	0.9997377319395058
assessment_only	0.0	0.0	8	self_net_output_per_requested_position	4.862466238875536
assessment_only	0.0	0.0	9	access_fraction	0.0016540783820191373
assessment_only	0.0	0.0	9	agent_holdout_rank	0.6667621013133209
assessment_only	0.0	0.0	9	betweenness	0.3571399310868295
assessment_only	0.0	0.0	9	broker_fill_rate	1.0
assessment_only	0.0	0.0	9	broker_holdout_rank	0.7677855534709194
assessment_only	0.0	0.0	9	broker_net_output_per_requested_position	5.259911264664827
assessment_only	0.0	0.0	9	broker_selected_rank	0.9409688715106677
assessment_only	0.0	0.0	9	mean_degree	45.9692
assessment_only	0.0	0.0	9	net_output_per_requested_position	5.376017919835112
assessment_only	0.0	0.0	9	outsourcing_rate	0.504443106510865
assessment_only	0.0	0.0	9	q_gap	-0.19468676701509122
assessment_only	0.0	0.0	9	rank_gap	0.10102345215759852
assessment_only	0.0	0.0	9	self_fill_rate	0.9998392976064331
assessment_only	0.0	0.0	9	self_net_output_per_requested_position	5.494382845367875
assessment_only	0.0	0.01	1	access_fraction	0.04914125441709245
assessment_only	0.0	0.01	1	agent_holdout_rank	0.6423454033771108
assessment_only	0.0	0.01	1	betweenness	0.8520300002665262
assessment_only	0.0	0.01	1	broker_fill_rate	0.9997137065187326
assessment_only	0.0	0.01	1	broker_holdout_rank	0.9348613508442776
assessment_only	0.0	0.01	1	broker_net_output_per_requested_position	5.201880121419675
assessment_only	0.0	0.01	1	broker_selected_rank	0.9629415698593136
assessment_only	0.0	0.01	1	mean_degree	17.208000000000002
assessment_only	0.0	0.01	1	net_output_per_requested_position	5.1694901203483195
assessment_only	0.0	0.01	1	outsourcing_rate	0.977760798811952
assessment_only	0.0	0.01	1	q_gap	1.3867521390602409
assessment_only	0.0	0.01	1	rank_gap	0.2925159474671669
assessment_only	0.0	0.01	1	self_fill_rate	0.9914315527431405
assessment_only	0.0	0.01	1	self_net_output_per_requested_position	3.7495855856630174
assessment_only	0.0	0.01	10	access_fraction	0.04970197839270165
assessment_only	0.0	0.01	10	agent_holdout_rank	0.648710225140713
assessment_only	0.0	0.01	10	betweenness	0.8660459116042502
assessment_only	0.0	0.01	10	broker_fill_rate	0.999858130358583
assessment_only	0.0	0.01	10	broker_holdout_rank	0.9496610694183865
assessment_only	0.0	0.01	10	broker_net_output_per_requested_position	4.935587738115782
assessment_only	0.0	0.01	10	broker_selected_rank	0.9371016189674943
assessment_only	0.0	0.01	10	mean_degree	16.61235
assessment_only	0.0	0.01	10	net_output_per_requested_position	4.9294574238800495
assessment_only	0.0	0.01	10	outsourcing_rate	0.9911048546581369
assessment_only	0.0	0.01	10	q_gap	0.9203874746215961
assessment_only	0.0	0.01	10	rank_gap	0.30095084427767366
assessment_only	0.0	0.01	10	self_fill_rate	0.9981481481481481
assessment_only	0.0	0.01	10	self_net_output_per_requested_position	4.260903402893739
assessment_only	0.0	0.01	11	access_fraction	0.0527570123305937
assessment_only	0.0	0.01	11	agent_holdout_rank	0.6960243457084919
assessment_only	0.0	0.01	11	betweenness	0.8218337047868797
assessment_only	0.0	0.01	11	broker_fill_rate	0.9997664372170287
assessment_only	0.0	0.01	11	broker_holdout_rank	0.9403701565372298
assessment_only	0.0	0.01	11	broker_net_output_per_requested_position	5.55934932417635
assessment_only	0.0	0.01	11	broker_selected_rank	0.9711178530652678
assessment_only	0.0	0.01	11	mean_degree	18.068499999999997
assessment_only	0.0	0.01	11	net_output_per_requested_position	5.49177463923127
assessment_only	0.0	0.01	11	outsourcing_rate	0.9552464744388682
assessment_only	0.0	0.01	11	q_gap	1.4472946059341252
assessment_only	0.0	0.01	11	rank_gap	0.24434581082873774
assessment_only	0.0	0.01	11	self_fill_rate	0.998267382411305
assessment_only	0.0	0.01	11	self_net_output_per_requested_position	4.055715794080258
assessment_only	0.0	0.01	12	access_fraction	0.0494421045422044
assessment_only	0.0	0.01	12	agent_holdout_rank	0.6419670561146171
assessment_only	0.0	0.01	12	betweenness	0.8590128606732902
assessment_only	0.0	0.01	12	broker_fill_rate	0.9998560692891478
assessment_only	0.0	0.01	12	broker_holdout_rank	0.934382078761347
assessment_only	0.0	0.01	12	broker_net_output_per_requested_position	5.35468294303095
assessment_only	0.0	0.01	12	broker_selected_rank	0.9628394654188007
assessment_only	0.0	0.01	12	mean_degree	17.0472
assessment_only	0.0	0.01	12	net_output_per_requested_position	5.317670471846203
assessment_only	0.0	0.01	12	outsourcing_rate	0.9790356585205595
assessment_only	0.0	0.01	12	q_gap	1.7264802809140896
assessment_only	0.0	0.01	12	rank_gap	0.29241502264673
assessment_only	0.0	0.01	12	self_fill_rate	1.0
assessment_only	0.0	0.01	12	self_net_output_per_requested_position	3.587730362745801
assessment_only	0.0	0.01	13	access_fraction	0.05223593496144644
assessment_only	0.0	0.01	13	agent_holdout_rank	0.7057378475183353
assessment_only	0.0	0.01	13	betweenness	0.8389290516616384
assessment_only	0.0	0.01	13	broker_fill_rate	0.9998138124066189
assessment_only	0.0	0.01	13	broker_holdout_rank	0.9488464703318362
assessment_only	0.0	0.01	13	broker_net_output_per_requested_position	5.753026782499611
assessment_only	0.0	0.01	13	broker_selected_rank	0.97303981771034
assessment_only	0.0	0.01	13	mean_degree	17.50365
assessment_only	0.0	0.01	13	net_output_per_requested_position	5.698066965648291
assessment_only	0.0	0.01	13	outsourcing_rate	0.9710089170379821
assessment_only	0.0	0.01	13	q_gap	1.8270465270805427
assessment_only	0.0	0.01	13	rank_gap	0.24310862281350093
assessment_only	0.0	0.01	13	self_fill_rate	0.9969970815092767
assessment_only	0.0	0.01	13	self_net_output_per_requested_position	3.8659271467037755
assessment_only	0.0	0.01	14	access_fraction	0.0468243953106605
assessment_only	0.0	0.01	14	agent_holdout_rank	0.608739146625732
assessment_only	0.0	0.01	14	betweenness	0.8739690269456147
assessment_only	0.0	0.01	14	broker_fill_rate	0.999758265919855
assessment_only	0.0	0.01	14	broker_holdout_rank	0.9197063031819128
assessment_only	0.0	0.01	14	broker_net_output_per_requested_position	4.615753052711957
assessment_only	0.0	0.01	14	broker_selected_rank	0.9200921115009656
assessment_only	0.0	0.01	14	mean_degree	16.492700000000003
assessment_only	0.0	0.01	14	net_output_per_requested_position	4.613388250342974
assessment_only	0.0	0.01	14	outsourcing_rate	0.992384659746101
assessment_only	0.0	0.01	14	q_gap	0.2460990310720188
assessment_only	0.0	0.01	14	rank_gap	0.31096715655618096
assessment_only	0.0	0.01	14	self_fill_rate	1.0
assessment_only	0.0	0.01	14	self_net_output_per_requested_position	4.338902290294742
assessment_only	0.0	0.01	15	access_fraction	0.04608760421373353
assessment_only	0.0	0.01	15	agent_holdout_rank	0.5794333958724203
assessment_only	0.0	0.01	15	betweenness	0.8916519610375582
assessment_only	0.0	0.01	15	broker_fill_rate	0.9998973487852542
assessment_only	0.0	0.01	15	broker_holdout_rank	0.9450199812382738
assessment_only	0.0	0.01	15	broker_net_output_per_requested_position	4.821503278268736
assessment_only	0.0	0.01	15	broker_selected_rank	0.9174553727245425
assessment_only	0.0	0.01	15	mean_degree	15.642200000000003
assessment_only	0.0	0.01	15	net_output_per_requested_position	4.807533871282857
assessment_only	0.0	0.01	15	outsourcing_rate	0.9815829901659701
assessment_only	0.0	0.01	15	q_gap	0.8210209523696393
assessment_only	0.0	0.01	15	rank_gap	0.3655865853658536
assessment_only	0.0	0.01	15	self_fill_rate	0.9969126220144939
assessment_only	0.0	0.01	15	self_net_output_per_requested_position	4.073955563460821
assessment_only	0.0	0.01	16	access_fraction	0.049561508919036365
assessment_only	0.0	0.01	16	agent_holdout_rank	0.5858635084427767
assessment_only	0.0	0.01	16	betweenness	0.8623355931004804
assessment_only	0.0	0.01	16	broker_fill_rate	0.9997783045500835
assessment_only	0.0	0.01	16	broker_holdout_rank	0.9349178236397748
assessment_only	0.0	0.01	16	broker_net_output_per_requested_position	4.713786623444169
assessment_only	0.0	0.01	16	broker_selected_rank	0.951459443577894
assessment_only	0.0	0.01	16	mean_degree	17.057850000000002
assessment_only	0.0	0.01	16	net_output_per_requested_position	4.695190661302176
assessment_only	0.0	0.01	16	outsourcing_rate	0.9857218973889191
assessment_only	0.0	0.01	16	q_gap	1.3004188693851186
assessment_only	0.0	0.01	16	rank_gap	0.3490543151969982
assessment_only	0.0	0.01	16	self_fill_rate	0.9944011222910216
assessment_only	0.0	0.01	16	self_net_output_per_requested_position	3.4127213447307825
assessment_only	0.0	0.01	17	access_fraction	0.05201820094887851
assessment_only	0.0	0.01	17	agent_holdout_rank	0.6470554409005629
assessment_only	0.0	0.01	17	betweenness	0.8502679837135018
assessment_only	0.0	0.01	17	broker_fill_rate	0.9998146283692309
assessment_only	0.0	0.01	17	broker_holdout_rank	0.9312694183864917
assessment_only	0.0	0.01	17	broker_net_output_per_requested_position	5.2378131782208595
assessment_only	0.0	0.01	17	broker_selected_rank	0.9596835295867958
assessment_only	0.0	0.01	17	mean_degree	16.853550000000002
assessment_only	0.0	0.01	17	net_output_per_requested_position	5.192200608065468
assessment_only	0.0	0.01	17	outsourcing_rate	0.9637347285115527
assessment_only	0.0	0.01	17	q_gap	1.2743393337291
assessment_only	0.0	0.01	17	rank_gap	0.28421397748592886
assessment_only	0.0	0.01	17	self_fill_rate	0.9989897959183673
assessment_only	0.0	0.01	17	self_net_output_per_requested_position	3.9808926943782352
assessment_only	0.0	0.01	18	access_fraction	0.0508828217271652
assessment_only	0.0	0.01	18	agent_holdout_rank	0.6465981238273921
assessment_only	0.0	0.01	18	betweenness	0.84322038644499
assessment_only	0.0	0.01	18	broker_fill_rate	0.9996536494961994
assessment_only	0.0	0.01	18	broker_holdout_rank	0.9502075046904315
assessment_only	0.0	0.01	18	broker_net_output_per_requested_position	5.289720552273833
assessment_only	0.0	0.01	18	broker_selected_rank	0.9582366599619286
assessment_only	0.0	0.01	18	mean_degree	17.17455
assessment_only	0.0	0.01	18	net_output_per_requested_position	5.25458584166103
assessment_only	0.0	0.01	18	outsourcing_rate	0.9725089843054944
assessment_only	0.0	0.01	18	q_gap	1.2795097533897777
assessment_only	0.0	0.01	18	rank_gap	0.3036093808630394
assessment_only	0.0	0.01	18	self_fill_rate	0.9994505494505495
assessment_only	0.0	0.01	18	self_net_output_per_requested_position	4.013287979432079
assessment_only	0.0	0.01	19	access_fraction	0.04924293822215633
assessment_only	0.0	0.01	19	agent_holdout_rank	0.6381044090056286
assessment_only	0.0	0.01	19	betweenness	0.8883872185417822
assessment_only	0.0	0.01	19	broker_fill_rate	0.9998587252577499
assessment_only	0.0	0.01	19	broker_holdout_rank	0.9367991557223263
assessment_only	0.0	0.01	19	broker_net_output_per_requested_position	4.872979022935478
assessment_only	0.0	0.01	19	broker_selected_rank	0.9256510995195724
assessment_only	0.0	0.01	19	mean_degree	15.60755
assessment_only	0.0	0.01	19	net_output_per_requested_position	4.8692190998849325
assessment_only	0.0	0.01	19	outsourcing_rate	0.9920793470676971
assessment_only	0.0	0.01	19	q_gap	0.46324665882077876
assessment_only	0.0	0.01	19	rank_gap	0.2986947467166978
assessment_only	0.0	0.01	19	self_fill_rate	1.0
assessment_only	0.0	0.01	19	self_net_output_per_requested_position	4.4043830135035344
assessment_only	0.0	0.01	2	access_fraction	0.04875257995093281
assessment_only	0.0	0.01	2	agent_holdout_rank	0.609613789868668
assessment_only	0.0	0.01	2	betweenness	0.8619531605313797
assessment_only	0.0	0.01	2	broker_fill_rate	0.9999797488861887
assessment_only	0.0	0.01	2	broker_holdout_rank	0.9500761726078798
assessment_only	0.0	0.01	2	broker_net_output_per_requested_position	4.911709780397208
assessment_only	0.0	0.01	2	broker_selected_rank	0.9420414054013317
assessment_only	0.0	0.01	2	mean_degree	16.5667
assessment_only	0.0	0.01	2	net_output_per_requested_position	4.889236757820081
assessment_only	0.0	0.01	2	outsourcing_rate	0.9817411584538362
assessment_only	0.0	0.01	2	q_gap	1.2044941844783117
assessment_only	0.0	0.01	2	rank_gap	0.34046238273921203
assessment_only	0.0	0.01	2	self_fill_rate	1.0
assessment_only	0.0	0.01	2	self_net_output_per_requested_position	3.6823189567170793
assessment_only	0.0	0.01	20	access_fraction	0.05764634172924049
assessment_only	0.0	0.01	20	agent_holdout_rank	0.628063789868668
assessment_only	0.0	0.01	20	betweenness	0.839038974984047
assessment_only	0.0	0.01	20	broker_fill_rate	0.9991638328636541
assessment_only	0.0	0.01	20	broker_holdout_rank	0.8664717636022512
assessment_only	0.0	0.01	20	broker_net_output_per_requested_position	4.948151135787741
assessment_only	0.0	0.01	20	broker_selected_rank	0.9237766009167603
assessment_only	0.0	0.01	20	mean_degree	17.6981
assessment_only	0.0	0.01	20	net_output_per_requested_position	4.893860593996958
assessment_only	0.0	0.01	20	outsourcing_rate	0.9564894973714175
assessment_only	0.0	0.01	20	q_gap	1.211438690404291
assessment_only	0.0	0.01	20	rank_gap	0.2384079737335834
assessment_only	0.0	0.01	20	self_fill_rate	0.9994897959183675
assessment_only	0.0	0.01	20	self_net_output_per_requested_position	3.7010331376209806
assessment_only	0.0	0.01	3	access_fraction	0.05008741048509023
assessment_only	0.0	0.01	3	agent_holdout_rank	0.6465826454033771
assessment_only	0.0	0.01	3	betweenness	0.85122082642984
assessment_only	0.0	0.01	3	broker_fill_rate	0.9999171283163623
assessment_only	0.0	0.01	3	broker_holdout_rank	0.9142310506566604
assessment_only	0.0	0.01	3	broker_net_output_per_requested_position	4.770436043022027
assessment_only	0.0	0.01	3	broker_selected_rank	0.9281561701889414
assessment_only	0.0	0.01	3	mean_degree	16.9415
assessment_only	0.0	0.01	3	net_output_per_requested_position	4.743906637705857
assessment_only	0.0	0.01	3	outsourcing_rate	0.9640763918894706
assessment_only	0.0	0.01	3	q_gap	0.7990060113818894
assessment_only	0.0	0.01	3	rank_gap	0.2676484052532834
assessment_only	0.0	0.01	3	self_fill_rate	0.9982185828877006
assessment_only	0.0	0.01	3	self_net_output_per_requested_position	4.033369906715579
assessment_only	0.0	0.01	4	access_fraction	0.04854814991550613
assessment_only	0.0	0.01	4	agent_holdout_rank	0.725805253283302
assessment_only	0.0	0.01	4	betweenness	0.8636201654408289
assessment_only	0.0	0.01	4	broker_fill_rate	0.9997523338912657
assessment_only	0.0	0.01	4	broker_holdout_rank	0.9456032833020638
assessment_only	0.0	0.01	4	broker_net_output_per_requested_position	5.92887234204547
assessment_only	0.0	0.01	4	broker_selected_rank	0.9301252318903241
assessment_only	0.0	0.01	4	mean_degree	16.536949999999997
assessment_only	0.0	0.01	4	net_output_per_requested_position	5.884369850120698
assessment_only	0.0	0.01	4	outsourcing_rate	0.9639709760889629
assessment_only	0.0	0.01	4	q_gap	1.2272627131765295
assessment_only	0.0	0.01	4	rank_gap	0.21979803001876178
assessment_only	0.0	0.01	4	self_fill_rate	0.9978435250259405
assessment_only	0.0	0.01	4	self_net_output_per_requested_position	4.699290117420587
assessment_only	0.0	0.01	5	access_fraction	0.05401671006643185
assessment_only	0.0	0.01	5	agent_holdout_rank	0.6136801125703565
assessment_only	0.0	0.01	5	betweenness	0.8352310280236971
assessment_only	0.0	0.01	5	broker_fill_rate	0.9995836685014545
assessment_only	0.0	0.01	5	broker_holdout_rank	0.9447725140712946
assessment_only	0.0	0.01	5	broker_net_output_per_requested_position	5.17424543660448
assessment_only	0.0	0.01	5	broker_selected_rank	0.9670071866834444
assessment_only	0.0	0.01	5	mean_degree	17.695
assessment_only	0.0	0.01	5	net_output_per_requested_position	5.1169035243007315
assessment_only	0.0	0.01	5	outsourcing_rate	0.9645803187175886
assessment_only	0.0	0.01	5	q_gap	1.5905680468183272
assessment_only	0.0	0.01	5	rank_gap	0.3310924015009381
assessment_only	0.0	0.01	5	self_fill_rate	0.9965165452525001
assessment_only	0.0	0.01	5	self_net_output_per_requested_position	3.559959179777279
assessment_only	0.0	0.01	6	access_fraction	0.05052605845617979
assessment_only	0.0	0.01	6	agent_holdout_rank	0.6401179174484054
assessment_only	0.0	0.01	6	betweenness	0.8608480040731807
assessment_only	0.0	0.01	6	broker_fill_rate	0.9997551737025436
assessment_only	0.0	0.01	6	broker_holdout_rank	0.954472420262664
assessment_only	0.0	0.01	6	broker_net_output_per_requested_position	5.327252083293141
assessment_only	0.0	0.01	6	broker_selected_rank	0.9562936127534065
assessment_only	0.0	0.01	6	mean_degree	16.739
assessment_only	0.0	0.01	6	net_output_per_requested_position	5.299714661177307
assessment_only	0.0	0.01	6	outsourcing_rate	0.9795017689149221
assessment_only	0.0	0.01	6	q_gap	1.2850771523839912
assessment_only	0.0	0.01	6	rank_gap	0.31435450281425875
assessment_only	0.0	0.01	6	self_fill_rate	0.9982434514637906
assessment_only	0.0	0.01	6	self_net_output_per_requested_position	3.99512920953414
assessment_only	0.0	0.01	7	access_fraction	0.05174439106605978
assessment_only	0.0	0.01	7	agent_holdout_rank	0.5758697936210132
assessment_only	0.0	0.01	7	betweenness	0.8667929314389274
assessment_only	0.0	0.01	7	broker_fill_rate	0.9997326539810386
assessment_only	0.0	0.01	7	broker_holdout_rank	0.9323749530956847
assessment_only	0.0	0.01	7	broker_net_output_per_requested_position	4.657573999537199
assessment_only	0.0	0.01	7	broker_selected_rank	0.9216134366026587
assessment_only	0.0	0.01	7	mean_degree	16.1444
assessment_only	0.0	0.01	7	net_output_per_requested_position	4.64549117545336
assessment_only	0.0	0.01	7	outsourcing_rate	0.9825879741684469
assessment_only	0.0	0.01	7	q_gap	0.6975564278687215
assessment_only	0.0	0.01	7	rank_gap	0.35650515947467154
assessment_only	0.0	0.01	7	self_fill_rate	0.996829131652661
assessment_only	0.0	0.01	7	self_net_output_per_requested_position	3.978662617016673
assessment_only	0.0	0.01	8	access_fraction	0.046495333097560564
assessment_only	0.0	0.01	8	agent_holdout_rank	0.5539030805238123
assessment_only	0.0	0.01	8	betweenness	0.8725502319793044
assessment_only	0.0	0.01	8	broker_fill_rate	0.9996499190735755
assessment_only	0.0	0.01	8	broker_holdout_rank	0.9167345916955671
assessment_only	0.0	0.01	8	broker_net_output_per_requested_position	4.56383184237613
assessment_only	0.0	0.01	8	broker_selected_rank	0.9243950256354081
assessment_only	0.0	0.01	8	mean_degree	16.596
assessment_only	0.0	0.01	8	net_output_per_requested_position	4.5434943455789965
assessment_only	0.0	0.01	8	outsourcing_rate	0.9789576393013478
assessment_only	0.0	0.01	8	q_gap	0.9689378525441373
assessment_only	0.0	0.01	8	rank_gap	0.362831511171755
assessment_only	0.0	0.01	8	self_fill_rate	0.9962818096454074
assessment_only	0.0	0.01	8	self_net_output_per_requested_position	3.5922611653474674
assessment_only	0.0	0.01	9	access_fraction	0.05142892570606933
assessment_only	0.0	0.01	9	agent_holdout_rank	0.6322060037523451
assessment_only	0.0	0.01	9	betweenness	0.8653809529180989
assessment_only	0.0	0.01	9	broker_fill_rate	0.9997758263556531
assessment_only	0.0	0.01	9	broker_holdout_rank	0.9217938086303941
assessment_only	0.0	0.01	9	broker_net_output_per_requested_position	5.209620089592205
assessment_only	0.0	0.01	9	broker_selected_rank	0.9523024487316503
assessment_only	0.0	0.01	9	mean_degree	16.697049999999997
assessment_only	0.0	0.01	9	net_output_per_requested_position	5.190335240864579
assessment_only	0.0	0.01	9	outsourcing_rate	0.9836167165942908
assessment_only	0.0	0.01	9	q_gap	1.1317274299632465
assessment_only	0.0	0.01	9	rank_gap	0.28958780487804886
assessment_only	0.0	0.01	9	self_fill_rate	1.0
assessment_only	0.0	0.01	9	self_net_output_per_requested_position	4.039426112447389
assessment_only	0.0	0.03	1	access_fraction	0.11210442292176484
assessment_only	0.0	0.03	1	agent_holdout_rank	0.6100138732541172
assessment_only	0.0	0.03	1	betweenness	0.9112225195792881
assessment_only	0.0	0.03	1	broker_fill_rate	0.999940162540787
assessment_only	0.0	0.03	1	broker_holdout_rank	0.9552522021339096
assessment_only	0.0	0.03	1	broker_net_output_per_requested_position	5.031798030229649
assessment_only	0.0	0.03	1	broker_selected_rank	0.9611385604489107
assessment_only	0.0	0.03	1	mean_degree	13.362350000000001
assessment_only	0.0	0.03	1	net_output_per_requested_position	5.027714273356551
assessment_only	0.0	0.03	1	outsourcing_rate	0.9979416927993693
assessment_only	0.0	0.03	1	q_gap	1.8961670203422045
assessment_only	0.0	0.03	1	rank_gap	0.3452383288797924
assessment_only	0.0	0.03	1	self_fill_rate	1.0
assessment_only	0.0	0.03	1	self_net_output_per_requested_position	3.0778448035038397
assessment_only	0.0	0.03	10	access_fraction	0.11196821549102105
assessment_only	0.0	0.03	10	agent_holdout_rank	0.6172747929577198
assessment_only	0.0	0.03	10	betweenness	0.9152303882750331
assessment_only	0.0	0.03	10	broker_fill_rate	0.999879168261212
assessment_only	0.0	0.03	10	broker_holdout_rank	0.9496452555574507
assessment_only	0.0	0.03	10	broker_net_output_per_requested_position	4.727080708616144
assessment_only	0.0	0.03	10	broker_selected_rank	0.9415398527468903
assessment_only	0.0	0.03	10	mean_degree	13.3293
assessment_only	0.0	0.03	10	net_output_per_requested_position	4.721636995299411
assessment_only	0.0	0.03	10	outsourcing_rate	0.9967844007580814
assessment_only	0.0	0.03	10	q_gap	1.6322863698083645
assessment_only	0.0	0.03	10	rank_gap	0.3323704625997309
assessment_only	0.0	0.03	10	self_fill_rate	1.0
assessment_only	0.0	0.03	10	self_net_output_per_requested_position	3.0392017710176398
assessment_only	0.0	0.03	11	access_fraction	0.11450361330901956
assessment_only	0.0	0.03	11	agent_holdout_rank	0.6617288930581612
assessment_only	0.0	0.03	11	betweenness	0.9025425663500357
assessment_only	0.0	0.03	11	broker_fill_rate	0.9998184427931445
assessment_only	0.0	0.03	11	broker_holdout_rank	0.9538680112570358
assessment_only	0.0	0.03	11	broker_net_output_per_requested_position	5.231318464728093
assessment_only	0.0	0.03	11	broker_selected_rank	0.9673312001215081
assessment_only	0.0	0.03	11	mean_degree	13.849700000000002
assessment_only	0.0	0.03	11	net_output_per_requested_position	5.210984743409441
assessment_only	0.0	0.03	11	outsourcing_rate	0.9904243679442393
assessment_only	0.0	0.03	11	q_gap	2.0446237425314555
assessment_only	0.0	0.03	11	rank_gap	0.29213911819887434
assessment_only	0.0	0.03	11	self_fill_rate	0.9988636363636363
assessment_only	0.0	0.03	11	self_net_output_per_requested_position	3.1226804458265027
assessment_only	0.0	0.03	12	access_fraction	0.11691517136290444
assessment_only	0.0	0.03	12	agent_holdout_rank	0.5948306754221389
assessment_only	0.0	0.03	12	betweenness	0.9098495775027002
assessment_only	0.0	0.03	12	broker_fill_rate	0.9997975782340436
assessment_only	0.0	0.03	12	broker_holdout_rank	0.9644315196998121
assessment_only	0.0	0.03	12	broker_net_output_per_requested_position	5.0715558315977844
assessment_only	0.0	0.03	12	broker_selected_rank	0.9656271429406162
assessment_only	0.0	0.03	12	mean_degree	13.366650000000002
assessment_only	0.0	0.03	12	net_output_per_requested_position	5.059512808398083
assessment_only	0.0	0.03	12	outsourcing_rate	0.9937983891584201
assessment_only	0.0	0.03	12	q_gap	1.825001043361675
assessment_only	0.0	0.03	12	rank_gap	0.3696008442776734
assessment_only	0.0	0.03	12	self_fill_rate	0.9973684210526315
assessment_only	0.0	0.03	12	self_net_output_per_requested_position	3.1686925765808485
assessment_only	0.0	0.03	13	access_fraction	0.11330562934190516
assessment_only	0.0	0.03	13	agent_holdout_rank	0.6554537153903007
assessment_only	0.0	0.03	13	betweenness	0.9019840408145958
assessment_only	0.0	0.03	13	broker_fill_rate	0.9998592032126877
assessment_only	0.0	0.03	13	broker_holdout_rank	0.9666895360736824
assessment_only	0.0	0.03	13	broker_net_output_per_requested_position	5.435837950444129
assessment_only	0.0	0.03	13	broker_selected_rank	0.96902283937627
assessment_only	0.0	0.03	13	mean_degree	13.7139
assessment_only	0.0	0.03	13	net_output_per_requested_position	5.421531933154737
assessment_only	0.0	0.03	13	outsourcing_rate	0.9935183005540095
assessment_only	0.0	0.03	13	q_gap	2.122333316457275
assessment_only	0.0	0.03	13	rank_gap	0.3112358206833817
assessment_only	0.0	0.03	13	self_fill_rate	0.9930735930735931
assessment_only	0.0	0.03	13	self_net_output_per_requested_position	3.227756207182704
assessment_only	0.0	0.03	14	access_fraction	0.1048547012871093
assessment_only	0.0	0.03	14	agent_holdout_rank	0.5837960600375234
assessment_only	0.0	0.03	14	betweenness	0.9186105121474147
assessment_only	0.0	0.03	14	broker_fill_rate	0.999858761004738
assessment_only	0.0	0.03	14	broker_holdout_rank	0.9572386491557225
assessment_only	0.0	0.03	14	broker_net_output_per_requested_position	4.414849596665073
assessment_only	0.0	0.03	14	broker_selected_rank	0.9159018136325117
assessment_only	0.0	0.03	14	mean_degree	13.14225
assessment_only	0.0	0.03	14	net_output_per_requested_position	4.412373562810598
assessment_only	0.0	0.03	14	outsourcing_rate	0.9982167523135883
assessment_only	0.0	0.03	14	q_gap	1.3368700646015064
assessment_only	0.0	0.03	14	rank_gap	0.37344258911819894
assessment_only	0.0	0.03	14	self_fill_rate	1.0
assessment_only	0.0	0.03	14	self_net_output_per_requested_position	3.0216639699721446
assessment_only	0.0	0.03	15	access_fraction	0.10335587134823254
assessment_only	0.0	0.03	15	agent_holdout_rank	0.5556969981238274
assessment_only	0.0	0.03	15	betweenness	0.9215803649555742
assessment_only	0.0	0.03	15	broker_fill_rate	0.9997985692639894
assessment_only	0.0	0.03	15	broker_holdout_rank	0.970559287054409
assessment_only	0.0	0.03	15	broker_net_output_per_requested_position	4.612816277759
assessment_only	0.0	0.03	15	broker_selected_rank	0.9155422978789813
assessment_only	0.0	0.03	15	mean_degree	12.64075
assessment_only	0.0	0.03	15	net_output_per_requested_position	4.602502823563322
assessment_only	0.0	0.03	15	outsourcing_rate	0.9922356934874275
assessment_only	0.0	0.03	15	q_gap	1.2473015871769806
assessment_only	0.0	0.03	15	rank_gap	0.41486228893058164
assessment_only	0.0	0.03	15	self_fill_rate	0.9981481481481481
assessment_only	0.0	0.03	15	self_net_output_per_requested_position	3.296696778992165
assessment_only	0.0	0.03	16	access_fraction	0.11483355577352679
assessment_only	0.0	0.03	16	agent_holdout_rank	0.5288698874296435
assessment_only	0.0	0.03	16	betweenness	0.9104087757079273
assessment_only	0.0	0.03	16	broker_fill_rate	0.9998184654802967
assessment_only	0.0	0.03	16	broker_holdout_rank	0.9531622889305815
assessment_only	0.0	0.03	16	broker_net_output_per_requested_position	4.439378087875129
assessment_only	0.0	0.03	16	broker_selected_rank	0.9433108700212056
assessment_only	0.0	0.03	16	mean_degree	13.3716
assessment_only	0.0	0.03	16	net_output_per_requested_position	4.4318729912075145
assessment_only	0.0	0.03	16	outsourcing_rate	0.9946991333810233
assessment_only	0.0	0.03	16	q_gap	1.3216094474608444
assessment_only	0.0	0.03	16	rank_gap	0.424292401500938
assessment_only	0.0	0.03	16	self_fill_rate	0.9933035714285715
assessment_only	0.0	0.03	16	self_net_output_per_requested_position	3.038176022517972
assessment_only	0.0	0.03	17	access_fraction	0.1048975025201218
assessment_only	0.0	0.03	17	agent_holdout_rank	0.6163059099437148
assessment_only	0.0	0.03	17	betweenness	0.9111364334274652
assessment_only	0.0	0.03	17	broker_fill_rate	0.9998198881443253
assessment_only	0.0	0.03	17	broker_holdout_rank	0.9524661350844278
assessment_only	0.0	0.03	17	broker_net_output_per_requested_position	4.947554740326995
assessment_only	0.0	0.03	17	broker_selected_rank	0.9472444478224432
assessment_only	0.0	0.03	17	mean_degree	13.474099999999998
assessment_only	0.0	0.03	17	net_output_per_requested_position	4.937940083135264
assessment_only	0.0	0.03	17	outsourcing_rate	0.9945868390219038
assessment_only	0.0	0.03	17	q_gap	1.6742675396510514
assessment_only	0.0	0.03	17	rank_gap	0.3361602251407129
assessment_only	0.0	0.03	17	self_fill_rate	0.9927083333333332
assessment_only	0.0	0.03	17	self_net_output_per_requested_position	3.175317758130021
assessment_only	0.0	0.03	18	access_fraction	0.11836780324891272
assessment_only	0.0	0.03	18	agent_holdout_rank	0.6190362101313321
assessment_only	0.0	0.03	18	betweenness	0.902240122838597
assessment_only	0.0	0.03	18	broker_fill_rate	0.9998585977388809
assessment_only	0.0	0.03	18	broker_holdout_rank	0.957460694183865
assessment_only	0.0	0.03	18	broker_net_output_per_requested_position	5.006615666770259
assessment_only	0.0	0.03	18	broker_selected_rank	0.9569667462390872
assessment_only	0.0	0.03	18	mean_degree	13.311749999999998
assessment_only	0.0	0.03	18	net_output_per_requested_position	4.988980580986192
assessment_only	0.0	0.03	18	outsourcing_rate	0.9902408453792984
assessment_only	0.0	0.03	18	q_gap	1.7499925830291059
assessment_only	0.0	0.03	18	rank_gap	0.3384244840525329
assessment_only	0.0	0.03	18	self_fill_rate	0.9970588235294118
assessment_only	0.0	0.03	18	self_net_output_per_requested_position	3.1990812285204924
assessment_only	0.0	0.03	19	access_fraction	0.1032078323569287
assessment_only	0.0	0.03	19	agent_holdout_rank	0.6086055347091933
assessment_only	0.0	0.03	19	betweenness	0.918282273010315
assessment_only	0.0	0.03	19	broker_fill_rate	0.99970080753503
assessment_only	0.0	0.03	19	broker_holdout_rank	0.9360532833020638
assessment_only	0.0	0.03	19	broker_net_output_per_requested_position	4.736048403548639
assessment_only	0.0	0.03	19	broker_selected_rank	0.9332439720045566
assessment_only	0.0	0.03	19	mean_degree	12.879249999999999
assessment_only	0.0	0.03	19	net_output_per_requested_position	4.73417954941982
assessment_only	0.0	0.03	19	outsourcing_rate	0.9989249424839206
assessment_only	0.0	0.03	19	q_gap	1.6341112464303489
assessment_only	0.0	0.03	19	rank_gap	0.32744774859287046
assessment_only	0.0	0.03	19	self_fill_rate	1.0
assessment_only	0.0	0.03	19	self_net_output_per_requested_position	3.04923768401793
assessment_only	0.0	0.03	2	access_fraction	0.10374925898080996
assessment_only	0.0	0.03	2	agent_holdout_rank	0.6200507504690431
assessment_only	0.0	0.03	2	betweenness	0.9105587599800904
assessment_only	0.0	0.03	2	broker_fill_rate	0.9997764742097347
assessment_only	0.0	0.03	2	broker_holdout_rank	0.961226454033771
assessment_only	0.0	0.03	2	broker_net_output_per_requested_position	4.770526063679004
assessment_only	0.0	0.03	2	broker_selected_rank	0.9452253364224938
assessment_only	0.0	0.03	2	mean_degree	13.27835
assessment_only	0.0	0.03	2	net_output_per_requested_position	4.759196510685443
assessment_only	0.0	0.03	2	outsourcing_rate	0.9929634810116881
assessment_only	0.0	0.03	2	q_gap	1.532178472229989
assessment_only	0.0	0.03	2	rank_gap	0.34117570356472793
assessment_only	0.0	0.03	2	self_fill_rate	0.9978260869565216
assessment_only	0.0	0.03	2	self_net_output_per_requested_position	3.1760251849489594
assessment_only	0.0	0.03	20	access_fraction	0.11071298080561562
assessment_only	0.0	0.03	20	agent_holdout_rank	0.5718777673545966
assessment_only	0.0	0.03	20	betweenness	0.9151738305286405
assessment_only	0.0	0.03	20	broker_fill_rate	0.9996559631214129
assessment_only	0.0	0.03	20	broker_holdout_rank	0.9458386491557225
assessment_only	0.0	0.03	20	broker_net_output_per_requested_position	4.665888627635761
assessment_only	0.0	0.03	20	broker_selected_rank	0.9262708646379909
assessment_only	0.0	0.03	20	mean_degree	12.849700000000002
assessment_only	0.0	0.03	20	net_output_per_requested_position	4.650176757766975
assessment_only	0.0	0.03	20	outsourcing_rate	0.9892073636072529
assessment_only	0.0	0.03	20	q_gap	1.3345051716604026
assessment_only	0.0	0.03	20	rank_gap	0.3739608818011257
assessment_only	0.0	0.03	20	self_fill_rate	0.9912131837307152
assessment_only	0.0	0.03	20	self_net_output_per_requested_position	3.2287868303420924
assessment_only	0.0	0.03	3	access_fraction	0.10775769890203113
assessment_only	0.0	0.03	3	agent_holdout_rank	0.6157764540337711
assessment_only	0.0	0.03	3	betweenness	0.9075238519518246
assessment_only	0.0	0.03	3	broker_fill_rate	0.9998589158461009
assessment_only	0.0	0.03	3	broker_holdout_rank	0.9402056285178239
assessment_only	0.0	0.03	3	broker_net_output_per_requested_position	4.58021436478289
assessment_only	0.0	0.03	3	broker_selected_rank	0.9282141380274378
assessment_only	0.0	0.03	3	mean_degree	13.471549999999999
assessment_only	0.0	0.03	3	net_output_per_requested_position	4.566352581222485
assessment_only	0.0	0.03	3	outsourcing_rate	0.9901490152725065
assessment_only	0.0	0.03	3	q_gap	1.361214972920369
assessment_only	0.0	0.03	3	rank_gap	0.3244291744840525
assessment_only	0.0	0.03	3	self_fill_rate	0.9982758620689655
assessment_only	0.0	0.03	3	self_net_output_per_requested_position	3.17100752899267
assessment_only	0.0	0.03	4	access_fraction	0.10257454210243433
assessment_only	0.0	0.03	4	agent_holdout_rank	0.7138212945590994
assessment_only	0.0	0.03	4	betweenness	0.9144989680105897
assessment_only	0.0	0.03	4	broker_fill_rate	0.9997607036873045
assessment_only	0.0	0.03	4	broker_holdout_rank	0.964686397748593
assessment_only	0.0	0.03	4	broker_net_output_per_requested_position	5.750394979761114
assessment_only	0.0	0.03	4	broker_selected_rank	0.9394500288260511
assessment_only	0.0	0.03	4	mean_degree	13.223249999999998
assessment_only	0.0	0.03	4	net_output_per_requested_position	5.735425581395638
assessment_only	0.0	0.03	4	outsourcing_rate	0.9919267100099101
assessment_only	0.0	0.03	4	q_gap	1.7727674132250204
assessment_only	0.0	0.03	4	rank_gap	0.25086510318949345
assessment_only	0.0	0.03	4	self_fill_rate	1.0
assessment_only	0.0	0.03	4	self_net_output_per_requested_position	3.913025273945712
assessment_only	0.0	0.03	5	access_fraction	0.11702956626835577
assessment_only	0.0	0.03	5	agent_holdout_rank	0.5888625703564727
assessment_only	0.0	0.03	5	betweenness	0.9035151678080837
assessment_only	0.0	0.03	5	broker_fill_rate	0.9998578309777724
assessment_only	0.0	0.03	5	broker_holdout_rank	0.9501389305816135
assessment_only	0.0	0.03	5	broker_net_output_per_requested_position	4.945064040827576
assessment_only	0.0	0.03	5	broker_selected_rank	0.9648456930599127
assessment_only	0.0	0.03	5	mean_degree	13.588000000000003
assessment_only	0.0	0.03	5	net_output_per_requested_position	4.924283895659945
assessment_only	0.0	0.03	5	outsourcing_rate	0.9878917447666191
assessment_only	0.0	0.03	5	q_gap	1.6389749463416408
assessment_only	0.0	0.03	5	rank_gap	0.3612763602251407
assessment_only	0.0	0.03	5	self_fill_rate	0.9984375
assessment_only	0.0	0.03	5	self_net_output_per_requested_position	3.243525724432783
assessment_only	0.0	0.03	6	access_fraction	0.11126397473253616
assessment_only	0.0	0.03	6	agent_holdout_rank	0.6204959662288931
assessment_only	0.0	0.03	6	betweenness	0.9087201273146132
assessment_only	0.0	0.03	6	broker_fill_rate	0.9998998850958959
assessment_only	0.0	0.03	6	broker_holdout_rank	0.9552030956848029
assessment_only	0.0	0.03	6	broker_net_output_per_requested_position	5.159089082299532
assessment_only	0.0	0.03	6	broker_selected_rank	0.9633320893648614
assessment_only	0.0	0.03	6	mean_degree	13.55295
assessment_only	0.0	0.03	6	net_output_per_requested_position	5.138935570315994
assessment_only	0.0	0.03	6	outsourcing_rate	0.9896696003235563
assessment_only	0.0	0.03	6	q_gap	1.8777586315801447
assessment_only	0.0	0.03	6	rank_gap	0.3347071294559099
assessment_only	0.0	0.03	6	self_fill_rate	0.9960769230769231
assessment_only	0.0	0.03	6	self_net_output_per_requested_position	3.205149546249107
assessment_only	0.0	0.03	7	access_fraction	0.10732102975203972
assessment_only	0.0	0.03	7	agent_holdout_rank	0.5710227016885554
assessment_only	0.0	0.03	7	betweenness	0.9149339608096824
assessment_only	0.0	0.03	7	broker_fill_rate	0.9998587059670425
assessment_only	0.0	0.03	7	broker_holdout_rank	0.9405145403377111
assessment_only	0.0	0.03	7	broker_net_output_per_requested_position	4.540562247851882
assessment_only	0.0	0.03	7	broker_selected_rank	0.9225495180664295
assessment_only	0.0	0.03	7	mean_degree	13.265099999999999
assessment_only	0.0	0.03	7	net_output_per_requested_position	4.532694326038808
assessment_only	0.0	0.03	7	outsourcing_rate	0.9936920549741484
assessment_only	0.0	0.03	7	q_gap	1.1564104841604919
assessment_only	0.0	0.03	7	rank_gap	0.3694918386491558
assessment_only	0.0	0.03	7	self_fill_rate	0.9976190476190476
assessment_only	0.0	0.03	7	self_net_output_per_requested_position	3.313378677238807
assessment_only	0.0	0.03	8	access_fraction	0.10570067681236812
assessment_only	0.0	0.03	8	agent_holdout_rank	0.5588261858737468
assessment_only	0.0	0.03	8	betweenness	0.9155240830123761
assessment_only	0.0	0.03	8	broker_fill_rate	0.9998791907914647
assessment_only	0.0	0.03	8	broker_holdout_rank	0.9507148227111643
assessment_only	0.0	0.03	8	broker_net_output_per_requested_position	4.444950074510441
assessment_only	0.0	0.03	8	broker_selected_rank	0.9344535218177784
assessment_only	0.0	0.03	8	mean_degree	13.275449999999998
assessment_only	0.0	0.03	8	net_output_per_requested_position	4.440291250907414
assessment_only	0.0	0.03	8	outsourcing_rate	0.9968853597435772
assessment_only	0.0	0.03	8	q_gap	1.3968245480156531
assessment_only	0.0	0.03	8	rank_gap	0.39188863683741737
assessment_only	0.0	0.03	8	self_fill_rate	0.9928571428571429
assessment_only	0.0	0.03	8	self_net_output_per_requested_position	2.9745969787741977
assessment_only	0.0	0.03	9	access_fraction	0.1082147963210848
assessment_only	0.0	0.03	9	agent_holdout_rank	0.6118504690431521
assessment_only	0.0	0.03	9	betweenness	0.9085906014314873
assessment_only	0.0	0.03	9	broker_fill_rate	0.9997186451965974
assessment_only	0.0	0.03	9	broker_holdout_rank	0.9681105065666042
assessment_only	0.0	0.03	9	broker_net_output_per_requested_position	5.0447572171282475
assessment_only	0.0	0.03	9	broker_selected_rank	0.9523738360637285
assessment_only	0.0	0.03	9	mean_degree	13.1916
assessment_only	0.0	0.03	9	net_output_per_requested_position	5.039299534663772
assessment_only	0.0	0.03	9	outsourcing_rate	0.9969651157573264
assessment_only	0.0	0.03	9	q_gap	1.7360206033464862
assessment_only	0.0	0.03	9	rank_gap	0.35626003752345226
assessment_only	0.0	0.03	9	self_fill_rate	1.0
assessment_only	0.0	0.03	9	self_net_output_per_requested_position	3.2644582954550083
assessment_only	0.5	0.0	1	access_fraction	0.0012906575076922562
assessment_only	0.5	0.0	1	agent_holdout_rank	0.6978977485928706
assessment_only	0.5	0.0	1	betweenness	0.3187036150468766
assessment_only	0.5	0.0	1	broker_fill_rate	0.9998949310799519
assessment_only	0.5	0.0	1	broker_holdout_rank	0.9288396810506565
assessment_only	0.5	0.0	1	broker_net_output_per_requested_position	4.41414517665415
assessment_only	0.5	0.0	1	broker_selected_rank	0.9419105842281821
assessment_only	0.5	0.0	1	mean_degree	45.70685
assessment_only	0.5	0.0	1	net_output_per_requested_position	4.91487105648161
assessment_only	0.5	0.0	1	outsourcing_rate	0.5738214186640085
assessment_only	0.5	0.0	1	q_gap	-1.1545196158119788
assessment_only	0.5	0.0	1	rank_gap	0.230941932457786
assessment_only	0.5	0.0	1	self_fill_rate	0.9998560132879322
assessment_only	0.5	0.0	1	self_net_output_per_requested_position	5.589043624459169
assessment_only	0.5	0.0	10	access_fraction	0.0022525618952484215
assessment_only	0.5	0.0	10	agent_holdout_rank	0.6771325515947467
assessment_only	0.5	0.0	10	betweenness	0.2859368045691098
assessment_only	0.5	0.0	10	broker_fill_rate	0.999967018469657
assessment_only	0.5	0.0	10	broker_holdout_rank	0.9689753283302064
assessment_only	0.5	0.0	10	broker_net_output_per_requested_position	4.069905448277402
assessment_only	0.5	0.0	10	broker_selected_rank	0.9469270407262556
assessment_only	0.5	0.0	10	mean_degree	53.45585
assessment_only	0.5	0.0	10	net_output_per_requested_position	4.7364981034997395
assessment_only	0.5	0.0	10	outsourcing_rate	0.600140964342973
assessment_only	0.5	0.0	10	q_gap	-1.640737686421683
assessment_only	0.5	0.0	10	rank_gap	0.2918427767354596
assessment_only	0.5	0.0	10	self_fill_rate	0.9998998153833805
assessment_only	0.5	0.0	10	self_net_output_per_requested_position	5.737118187708207
assessment_only	0.5	0.0	11	access_fraction	0.0012199652127047283
assessment_only	0.5	0.0	11	agent_holdout_rank	0.7155575046904314
assessment_only	0.5	0.0	11	betweenness	0.29794996314865796
assessment_only	0.5	0.0	11	broker_fill_rate	1.0
assessment_only	0.5	0.0	11	broker_holdout_rank	0.9104854596622888
assessment_only	0.5	0.0	11	broker_net_output_per_requested_position	4.588076752242346
assessment_only	0.5	0.0	11	broker_selected_rank	0.9516512965769606
assessment_only	0.5	0.0	11	mean_degree	47.24565
assessment_only	0.5	0.0	11	net_output_per_requested_position	5.000873250024502
assessment_only	0.5	0.0	11	outsourcing_rate	0.5421075307887806
assessment_only	0.5	0.0	11	q_gap	-0.8815127341511058
assessment_only	0.5	0.0	11	rank_gap	0.1949279549718573
assessment_only	0.5	0.0	11	self_fill_rate	0.9998270817241316
assessment_only	0.5	0.0	11	self_net_output_per_requested_position	5.489712854269841
assessment_only	0.5	0.0	12	access_fraction	0.0010632780794145146
assessment_only	0.5	0.0	12	agent_holdout_rank	0.6539416510318949
assessment_only	0.5	0.0	12	betweenness	0.3575239786774488
assessment_only	0.5	0.0	12	broker_fill_rate	0.9997202823673188
assessment_only	0.5	0.0	12	broker_holdout_rank	0.9331697936210132
assessment_only	0.5	0.0	12	broker_net_output_per_requested_position	4.42347109990869
assessment_only	0.5	0.0	12	broker_selected_rank	0.9431292231264173
assessment_only	0.5	0.0	12	mean_degree	44.748850000000004
assessment_only	0.5	0.0	12	net_output_per_requested_position	4.867865393177194
assessment_only	0.5	0.0	12	outsourcing_rate	0.6391928331980942
assessment_only	0.5	0.0	12	q_gap	-1.2101827836332322
assessment_only	0.5	0.0	12	rank_gap	0.27922814258911816
assessment_only	0.5	0.0	12	self_fill_rate	1.0
assessment_only	0.5	0.0	12	self_net_output_per_requested_position	5.655212234080976
assessment_only	0.5	0.0	13	access_fraction	0.0011096744973940992
assessment_only	0.5	0.0	13	agent_holdout_rank	0.7025946529080676
assessment_only	0.5	0.0	13	betweenness	0.332630061035531
assessment_only	0.5	0.0	13	broker_fill_rate	0.9999652777777778
assessment_only	0.5	0.0	13	broker_holdout_rank	0.9367451219512196
assessment_only	0.5	0.0	13	broker_net_output_per_requested_position	4.615675934299023
assessment_only	0.5	0.0	13	broker_selected_rank	0.9537258681346961
assessment_only	0.5	0.0	13	mean_degree	46.025549999999996
assessment_only	0.5	0.0	13	net_output_per_requested_position	5.15796484288479
assessment_only	0.5	0.0	13	outsourcing_rate	0.577640673605222
assessment_only	0.5	0.0	13	q_gap	-1.2624729073196734
assessment_only	0.5	0.0	13	rank_gap	0.234150469043152
assessment_only	0.5	0.0	13	self_fill_rate	0.9998124445706926
assessment_only	0.5	0.0	13	self_net_output_per_requested_position	5.899624163164928
assessment_only	0.5	0.0	14	access_fraction	0.0008354819797719721
assessment_only	0.5	0.0	14	agent_holdout_rank	0.6857484990619136
assessment_only	0.5	0.0	14	betweenness	0.2477773303160576
assessment_only	0.5	0.0	14	broker_fill_rate	1.0
assessment_only	0.5	0.0	14	broker_holdout_rank	0.846664727954972
assessment_only	0.5	0.0	14	broker_net_output_per_requested_position	4.021970016674688
assessment_only	0.5	0.0	14	broker_selected_rank	0.9187884770621462
assessment_only	0.5	0.0	14	mean_degree	53.37825
assessment_only	0.5	0.0	14	net_output_per_requested_position	4.455313558109863
assessment_only	0.5	0.0	14	outsourcing_rate	0.48002570252004134
assessment_only	0.5	0.0	14	q_gap	-0.7870658685361953
assessment_only	0.5	0.0	14	rank_gap	0.16091622889305832
assessment_only	0.5	0.0	14	self_fill_rate	0.9999229286060503
assessment_only	0.5	0.0	14	self_net_output_per_requested_position	4.85537561293488
assessment_only	0.5	0.0	15	access_fraction	0.0011972949411577186
assessment_only	0.5	0.0	15	agent_holdout_rank	0.6595309568480301
assessment_only	0.5	0.0	15	betweenness	0.26761566488849003
assessment_only	0.5	0.0	15	broker_fill_rate	1.0
assessment_only	0.5	0.0	15	broker_holdout_rank	0.9116035647279549
assessment_only	0.5	0.0	15	broker_net_output_per_requested_position	4.011256736044106
assessment_only	0.5	0.0	15	broker_selected_rank	0.8804075276870412
assessment_only	0.5	0.0	15	mean_degree	47.588
assessment_only	0.5	0.0	15	net_output_per_requested_position	4.508645400848828
assessment_only	0.5	0.0	15	outsourcing_rate	0.49886446658976336
assessment_only	0.5	0.0	15	q_gap	-0.9652709274899045
assessment_only	0.5	0.0	15	rank_gap	0.2520726078799248
assessment_only	0.5	0.0	15	self_fill_rate	0.9998808218859706
assessment_only	0.5	0.0	15	self_net_output_per_requested_position	5.003723008425155
assessment_only	0.5	0.0	16	access_fraction	0.000631061847844747
assessment_only	0.5	0.0	16	agent_holdout_rank	0.6622448405253283
assessment_only	0.5	0.0	16	betweenness	0.28434285665005
assessment_only	0.5	0.0	16	broker_fill_rate	1.0
assessment_only	0.5	0.0	16	broker_holdout_rank	0.9443620075046905
assessment_only	0.5	0.0	16	broker_net_output_per_requested_position	4.130282293192942
assessment_only	0.5	0.0	16	broker_selected_rank	0.9062756172201663
assessment_only	0.5	0.0	16	mean_degree	47.15115
assessment_only	0.5	0.0	16	net_output_per_requested_position	4.507192841589708
assessment_only	0.5	0.0	16	outsourcing_rate	0.5413040701285262
assessment_only	0.5	0.0	16	q_gap	-0.8079066418509712
assessment_only	0.5	0.0	16	rank_gap	0.28211716697936207
assessment_only	0.5	0.0	16	self_fill_rate	0.9999566724436741
assessment_only	0.5	0.0	16	self_net_output_per_requested_position	4.9519176472202755
assessment_only	0.5	0.0	17	access_fraction	0.001719544119374312
assessment_only	0.5	0.0	17	agent_holdout_rank	0.6651303939962477
assessment_only	0.5	0.0	17	betweenness	0.25877843800686817
assessment_only	0.5	0.0	17	broker_fill_rate	0.9999586435070306
assessment_only	0.5	0.0	17	broker_holdout_rank	0.9103413696060036
assessment_only	0.5	0.0	17	broker_net_output_per_requested_position	4.348643619421081
assessment_only	0.5	0.0	17	broker_selected_rank	0.9338770546318754
assessment_only	0.5	0.0	17	mean_degree	45.97735000000001
assessment_only	0.5	0.0	17	net_output_per_requested_position	4.805612794295215
assessment_only	0.5	0.0	17	outsourcing_rate	0.476559568159031
assessment_only	0.5	0.0	17	q_gap	-0.8493080408033629
assessment_only	0.5	0.0	17	rank_gap	0.24521097560975608
assessment_only	0.5	0.0	17	self_fill_rate	0.9998481743660049
assessment_only	0.5	0.0	17	self_net_output_per_requested_position	5.221639357866269
assessment_only	0.5	0.0	18	access_fraction	0.0009322894155333824
assessment_only	0.5	0.0	18	agent_holdout_rank	0.7071374296435271
assessment_only	0.5	0.0	18	betweenness	0.36314464493908083
assessment_only	0.5	0.0	18	broker_fill_rate	0.999966261808367
assessment_only	0.5	0.0	18	broker_holdout_rank	0.950256660412758
assessment_only	0.5	0.0	18	broker_net_output_per_requested_position	4.361553690528952
assessment_only	0.5	0.0	18	broker_selected_rank	0.9373878588762595
assessment_only	0.5	0.0	18	mean_degree	45.5096
assessment_only	0.5	0.0	18	net_output_per_requested_position	4.946530644174628
assessment_only	0.5	0.0	18	outsourcing_rate	0.601512010907174
assessment_only	0.5	0.0	18	q_gap	-1.4604706467245352
assessment_only	0.5	0.0	18	rank_gap	0.24311923076923084
assessment_only	0.5	0.0	18	self_fill_rate	0.9999505928853754
assessment_only	0.5	0.0	18	self_net_output_per_requested_position	5.829643082076928
assessment_only	0.5	0.0	19	access_fraction	0.001455827382612602
assessment_only	0.5	0.0	19	agent_holdout_rank	0.6714083489681051
assessment_only	0.5	0.0	19	betweenness	0.349474046330693
assessment_only	0.5	0.0	19	broker_fill_rate	0.9999673842139595
assessment_only	0.5	0.0	19	broker_holdout_rank	0.9438248592870544
assessment_only	0.5	0.0	19	broker_net_output_per_requested_position	4.088666176670662
assessment_only	0.5	0.0	19	broker_selected_rank	0.8955240949472699
assessment_only	0.5	0.0	19	mean_degree	44.41185
assessment_only	0.5	0.0	19	net_output_per_requested_position	4.635984862173092
assessment_only	0.5	0.0	19	outsourcing_rate	0.6170239442694668
assessment_only	0.5	0.0	19	q_gap	-1.4316502832502649
assessment_only	0.5	0.0	19	rank_gap	0.27241651031894926
assessment_only	0.5	0.0	19	self_fill_rate	1.0
assessment_only	0.5	0.0	19	self_net_output_per_requested_position	5.517928829112889
assessment_only	0.5	0.0	2	access_fraction	0.0011306398657321135
assessment_only	0.5	0.0	2	agent_holdout_rank	0.7137944652908066
assessment_only	0.5	0.0	2	betweenness	0.32499916384230515
assessment_only	0.5	0.0	2	broker_fill_rate	0.9999638467100507
assessment_only	0.5	0.0	2	broker_holdout_rank	0.9045851782363978
assessment_only	0.5	0.0	2	broker_net_output_per_requested_position	4.181353302087401
assessment_only	0.5	0.0	2	broker_selected_rank	0.9047133173172721
assessment_only	0.5	0.0	2	mean_degree	51.068400000000004
assessment_only	0.5	0.0	2	net_output_per_requested_position	4.606894178503444
assessment_only	0.5	0.0	2	outsourcing_rate	0.5665200782685135
assessment_only	0.5	0.0	2	q_gap	-0.9687805291585198
assessment_only	0.5	0.0	2	rank_gap	0.19079071294559105
assessment_only	0.5	0.0	2	self_fill_rate	0.9999536607970343
assessment_only	0.5	0.0	2	self_net_output_per_requested_position	5.163237142942657
assessment_only	0.5	0.0	20	access_fraction	0.000831258170845889
assessment_only	0.5	0.0	20	agent_holdout_rank	0.6791064727954972
assessment_only	0.5	0.0	20	betweenness	0.3711964035391918
assessment_only	0.5	0.0	20	broker_fill_rate	1.0
assessment_only	0.5	0.0	20	broker_holdout_rank	0.9271611632270167
assessment_only	0.5	0.0	20	broker_net_output_per_requested_position	4.4377624531646545
assessment_only	0.5	0.0	20	broker_selected_rank	0.8734322100735984
assessment_only	0.5	0.0	20	mean_degree	44.4248
assessment_only	0.5	0.0	20	net_output_per_requested_position	4.631693775795634
assessment_only	0.5	0.0	20	outsourcing_rate	0.6527469083877612
assessment_only	0.5	0.0	20	q_gap	-0.5293037222470632
assessment_only	0.5	0.0	20	rank_gap	0.2480546904315196
assessment_only	0.5	0.0	20	self_fill_rate	0.9999411071849235
assessment_only	0.5	0.0	20	self_net_output_per_requested_position	4.996173833945352
assessment_only	0.5	0.0	3	access_fraction	0.0013158150900059384
assessment_only	0.5	0.0	3	agent_holdout_rank	0.7374980300187618
assessment_only	0.5	0.0	3	betweenness	0.2258117406174854
assessment_only	0.5	0.0	3	broker_fill_rate	0.9975119805294851
assessment_only	0.5	0.0	3	broker_holdout_rank	0.9132899624765477
assessment_only	0.5	0.0	3	broker_net_output_per_requested_position	3.6298472329344387
assessment_only	0.5	0.0	3	broker_selected_rank	0.9331346922673921
assessment_only	0.5	0.0	3	mean_degree	51.45889999999999
assessment_only	0.5	0.0	3	net_output_per_requested_position	4.525079216064798
assessment_only	0.5	0.0	3	outsourcing_rate	0.4097270309528562
assessment_only	0.5	0.0	3	q_gap	-1.4830037828348064
assessment_only	0.5	0.0	3	rank_gap	0.17579193245778604
assessment_only	0.5	0.0	3	self_fill_rate	0.9997643619903547
assessment_only	0.5	0.0	3	self_net_output_per_requested_position	5.146546935994486
assessment_only	0.5	0.0	4	access_fraction	0.001971254032052436
assessment_only	0.5	0.0	4	agent_holdout_rank	0.7268928705440901
assessment_only	0.5	0.0	4	betweenness	0.225643631641988
assessment_only	0.5	0.0	4	broker_fill_rate	0.9997832435766281
assessment_only	0.5	0.0	4	broker_holdout_rank	0.8670618198874298
assessment_only	0.5	0.0	4	broker_net_output_per_requested_position	4.494320556839627
assessment_only	0.5	0.0	4	broker_selected_rank	0.9456708911149972
assessment_only	0.5	0.0	4	mean_degree	48.28765
assessment_only	0.5	0.0	4	net_output_per_requested_position	5.243546926660466
assessment_only	0.5	0.0	4	outsourcing_rate	0.36642696914546885
assessment_only	0.5	0.0	4	q_gap	-1.1755215421986596
assessment_only	0.5	0.0	4	rank_gap	0.14016894934333965
assessment_only	0.5	0.0	4	self_fill_rate	0.9998425786983324
assessment_only	0.5	0.0	4	self_net_output_per_requested_position	5.676696644386029
assessment_only	0.5	0.0	5	access_fraction	0.0013106577421698453
assessment_only	0.5	0.0	5	agent_holdout_rank	0.7216764540337712
assessment_only	0.5	0.0	5	betweenness	0.22535849856090212
assessment_only	0.5	0.0	5	broker_fill_rate	0.9999072784483648
assessment_only	0.5	0.0	5	broker_holdout_rank	0.9247595684803003
assessment_only	0.5	0.0	5	broker_net_output_per_requested_position	4.4264379715485465
assessment_only	0.5	0.0	5	broker_selected_rank	0.9177902596960875
assessment_only	0.5	0.0	5	mean_degree	48.25685
assessment_only	0.5	0.0	5	net_output_per_requested_position	4.711983654263762
assessment_only	0.5	0.0	5	outsourcing_rate	0.42700420657376464
assessment_only	0.5	0.0	5	q_gap	-0.4801963107887621
assessment_only	0.5	0.0	5	rank_gap	0.20308311444652904
assessment_only	0.5	0.0	5	self_fill_rate	0.999723893317902
assessment_only	0.5	0.0	5	self_net_output_per_requested_position	4.924759868636763
assessment_only	0.5	0.0	6	access_fraction	0.0013837710228083954
assessment_only	0.5	0.0	6	agent_holdout_rank	0.6641616322701689
assessment_only	0.5	0.0	6	betweenness	0.27530477205905945
assessment_only	0.5	0.0	6	broker_fill_rate	0.9998729621732128
assessment_only	0.5	0.0	6	broker_holdout_rank	0.9205115384615385
assessment_only	0.5	0.0	6	broker_net_output_per_requested_position	4.18378588525425
assessment_only	0.5	0.0	6	broker_selected_rank	0.9314217748185168
assessment_only	0.5	0.0	6	mean_degree	47.865899999999996
assessment_only	0.5	0.0	6	net_output_per_requested_position	4.895769626086021
assessment_only	0.5	0.0	6	outsourcing_rate	0.4636956973999566
assessment_only	0.5	0.0	6	q_gap	-1.314065262487909
assessment_only	0.5	0.0	6	rank_gap	0.25634990619136955
assessment_only	0.5	0.0	6	self_fill_rate	0.9998517659190211
assessment_only	0.5	0.0	6	self_net_output_per_requested_position	5.511508412127052
assessment_only	0.5	0.0	7	access_fraction	0.0012385658562722008
assessment_only	0.5	0.0	7	agent_holdout_rank	0.7087436210131332
assessment_only	0.5	0.0	7	betweenness	0.19959405538201547
assessment_only	0.5	0.0	7	broker_fill_rate	0.9999538745387454
assessment_only	0.5	0.0	7	broker_holdout_rank	0.9311431519699813
assessment_only	0.5	0.0	7	broker_net_output_per_requested_position	3.830823852058713
assessment_only	0.5	0.0	7	broker_selected_rank	0.8854503438969215
assessment_only	0.5	0.0	7	mean_degree	52.1096
assessment_only	0.5	0.0	7	net_output_per_requested_position	4.532643903568672
assessment_only	0.5	0.0	7	outsourcing_rate	0.43265703252627974
assessment_only	0.5	0.0	7	q_gap	-1.221058856227274
assessment_only	0.5	0.0	7	rank_gap	0.22239953095684806
assessment_only	0.5	0.0	7	self_fill_rate	0.9998924478348611
assessment_only	0.5	0.0	7	self_net_output_per_requested_position	5.067917333170705
assessment_only	0.5	0.0	8	access_fraction	0.0006227968262911745
assessment_only	0.5	0.0	8	agent_holdout_rank	0.7029115384615385
assessment_only	0.5	0.0	8	betweenness	0.2310493928364361
assessment_only	0.5	0.0	8	broker_fill_rate	1.0
assessment_only	0.5	0.0	8	broker_holdout_rank	0.9408482176360226
assessment_only	0.5	0.0	8	broker_net_output_per_requested_position	3.913894662650997
assessment_only	0.5	0.0	8	broker_selected_rank	0.9078040167759921
assessment_only	0.5	0.0	8	mean_degree	50.9763
assessment_only	0.5	0.0	8	net_output_per_requested_position	4.437722098945557
assessment_only	0.5	0.0	8	outsourcing_rate	0.47902806029508344
assessment_only	0.5	0.0	8	q_gap	-0.9934041955810962
assessment_only	0.5	0.0	8	rank_gap	0.23793667917448413
assessment_only	0.5	0.0	8	self_fill_rate	0.9999235312653646
assessment_only	0.5	0.0	8	self_net_output_per_requested_position	4.9193497423493335
assessment_only	0.5	0.0	9	access_fraction	0.002167284277076284
assessment_only	0.5	0.0	9	agent_holdout_rank	0.6687921200750468
assessment_only	0.5	0.0	9	betweenness	0.26208937283268774
assessment_only	0.5	0.0	9	broker_fill_rate	0.9998752244786786
assessment_only	0.5	0.0	9	broker_holdout_rank	0.9272298311444654
assessment_only	0.5	0.0	9	broker_net_output_per_requested_position	3.980685438663785
assessment_only	0.5	0.0	9	broker_selected_rank	0.9177822968655656
assessment_only	0.5	0.0	9	mean_degree	51.747299999999996
assessment_only	0.5	0.0	9	net_output_per_requested_position	4.74713123727374
assessment_only	0.5	0.0	9	outsourcing_rate	0.48448697447697386
assessment_only	0.5	0.0	9	q_gap	-1.4610464087853061
assessment_only	0.5	0.0	9	rank_gap	0.25843771106941854
assessment_only	0.5	0.0	9	self_fill_rate	0.9998443198049497
assessment_only	0.5	0.0	9	self_net_output_per_requested_position	5.467448891957814
assessment_only	0.5	0.001	1	access_fraction	0.00928916338581776
assessment_only	0.5	0.001	1	agent_holdout_rank	0.6949419324577862
assessment_only	0.5	0.001	1	betweenness	0.5079250659393145
assessment_only	0.5	0.001	1	broker_fill_rate	0.9998310877318698
assessment_only	0.5	0.001	1	broker_holdout_rank	0.9505358348968104
assessment_only	0.5	0.001	1	broker_net_output_per_requested_position	4.593347481036146
assessment_only	0.5	0.001	1	broker_selected_rank	0.9529014821762258
assessment_only	0.5	0.001	1	mean_degree	32.40155
assessment_only	0.5	0.001	1	net_output_per_requested_position	4.879850152269325
assessment_only	0.5	0.001	1	outsourcing_rate	0.7062310222201268
assessment_only	0.5	0.001	1	q_gap	-0.95250243608579
assessment_only	0.5	0.001	1	rank_gap	0.25559390243902425
assessment_only	0.5	0.001	1	self_fill_rate	0.9992579650187865
assessment_only	0.5	0.001	1	self_net_output_per_requested_position	5.568651774406161
assessment_only	0.5	0.001	10	access_fraction	0.01236097655005881
assessment_only	0.5	0.001	10	agent_holdout_rank	0.6783848030018762
assessment_only	0.5	0.001	10	betweenness	0.4250309262634434
assessment_only	0.5	0.001	10	broker_fill_rate	0.998692929663687
assessment_only	0.5	0.001	10	broker_holdout_rank	0.9251911819887428
assessment_only	0.5	0.001	10	broker_net_output_per_requested_position	4.133394800465011
assessment_only	0.5	0.001	10	broker_selected_rank	0.950863091477528
assessment_only	0.5	0.001	10	mean_degree	38.35825
assessment_only	0.5	0.001	10	net_output_per_requested_position	4.5919665893029205
assessment_only	0.5	0.001	10	outsourcing_rate	0.6603145311940946
assessment_only	0.5	0.001	10	q_gap	-1.3163483522753163
assessment_only	0.5	0.001	10	rank_gap	0.24680637898686686
assessment_only	0.5	0.001	10	self_fill_rate	0.9989952396623044
assessment_only	0.5	0.001	10	self_net_output_per_requested_position	5.483021626676105
assessment_only	0.5	0.001	11	access_fraction	0.011544964025656825
assessment_only	0.5	0.001	11	agent_holdout_rank	0.7156068480300186
assessment_only	0.5	0.001	11	betweenness	0.44743894917644395
assessment_only	0.5	0.001	11	broker_fill_rate	0.9998791169671304
assessment_only	0.5	0.001	11	broker_holdout_rank	0.9581520637898688
assessment_only	0.5	0.001	11	broker_net_output_per_requested_position	4.834863410067022
assessment_only	0.5	0.001	11	broker_selected_rank	0.9590057429637209
assessment_only	0.5	0.001	11	mean_degree	36.0909
assessment_only	0.5	0.001	11	net_output_per_requested_position	5.02455912148848
assessment_only	0.5	0.001	11	outsourcing_rate	0.659463376567265
assessment_only	0.5	0.001	11	q_gap	-0.5335680140894361
assessment_only	0.5	0.001	11	rank_gap	0.24254521575984994
assessment_only	0.5	0.001	11	self_fill_rate	0.9995877192166361
assessment_only	0.5	0.001	11	self_net_output_per_requested_position	5.392054009480878
assessment_only	0.5	0.001	12	access_fraction	0.01158392155149516
assessment_only	0.5	0.001	12	agent_holdout_rank	0.6304072232645404
assessment_only	0.5	0.001	12	betweenness	0.5156089860492519
assessment_only	0.5	0.001	12	broker_fill_rate	0.9998117865664856
assessment_only	0.5	0.001	12	broker_holdout_rank	0.9573880863039401
assessment_only	0.5	0.001	12	broker_net_output_per_requested_position	4.5747360535156485
assessment_only	0.5	0.001	12	broker_selected_rank	0.949310936280732
assessment_only	0.5	0.001	12	mean_degree	31.946200000000005
assessment_only	0.5	0.001	12	net_output_per_requested_position	4.822707194397401
assessment_only	0.5	0.001	12	outsourcing_rate	0.7391879422114644
assessment_only	0.5	0.001	12	q_gap	-0.9221818411220415
assessment_only	0.5	0.001	12	rank_gap	0.32698086303939966
assessment_only	0.5	0.001	12	self_fill_rate	0.9999235474006116
assessment_only	0.5	0.001	12	self_net_output_per_requested_position	5.525592029881773
assessment_only	0.5	0.001	13	access_fraction	0.009599330515595746
assessment_only	0.5	0.001	13	agent_holdout_rank	0.6866513133208254
assessment_only	0.5	0.001	13	betweenness	0.48815492659285986
assessment_only	0.5	0.001	13	broker_fill_rate	0.9999148390171226
assessment_only	0.5	0.001	13	broker_holdout_rank	0.9440940900562852
assessment_only	0.5	0.001	13	broker_net_output_per_requested_position	4.836191090750757
assessment_only	0.5	0.001	13	broker_selected_rank	0.9656546410996031
assessment_only	0.5	0.001	13	mean_degree	33.95110000000001
assessment_only	0.5	0.001	13	net_output_per_requested_position	5.123155522581185
assessment_only	0.5	0.001	13	outsourcing_rate	0.6975244271022836
assessment_only	0.5	0.001	13	q_gap	-0.9554852521493065
assessment_only	0.5	0.001	13	rank_gap	0.25744277673545973
assessment_only	0.5	0.001	13	self_fill_rate	0.9997961888520214
assessment_only	0.5	0.001	13	self_net_output_per_requested_position	5.784853298466766
assessment_only	0.5	0.001	14	access_fraction	0.009525759591306086
assessment_only	0.5	0.001	14	agent_holdout_rank	0.6931356472795498
assessment_only	0.5	0.001	14	betweenness	0.3960889996615526
assessment_only	0.5	0.001	14	broker_fill_rate	0.9996902422754985
assessment_only	0.5	0.001	14	broker_holdout_rank	0.9271411819887427
assessment_only	0.5	0.001	14	broker_net_output_per_requested_position	4.124231157287133
assessment_only	0.5	0.001	14	broker_selected_rank	0.9281050765508578
assessment_only	0.5	0.001	14	mean_degree	38.6511
assessment_only	0.5	0.001	14	net_output_per_requested_position	4.373529918678363
assessment_only	0.5	0.001	14	outsourcing_rate	0.5841397753178861
assessment_only	0.5	0.001	14	q_gap	-0.5418724064360578
assessment_only	0.5	0.001	14	rank_gap	0.23400553470919316
assessment_only	0.5	0.001	14	self_fill_rate	0.9995192097919471
assessment_only	0.5	0.001	14	self_net_output_per_requested_position	4.723577276015223
assessment_only	0.5	0.001	15	access_fraction	0.01487146252386418
assessment_only	0.5	0.001	15	agent_holdout_rank	0.6236186679174484
assessment_only	0.5	0.001	15	betweenness	0.4495856993709221
assessment_only	0.5	0.001	15	broker_fill_rate	0.9997769863555714
assessment_only	0.5	0.001	15	broker_holdout_rank	0.9069634146341464
assessment_only	0.5	0.001	15	broker_net_output_per_requested_position	4.1491376133658315
assessment_only	0.5	0.001	15	broker_selected_rank	0.89407502310635
assessment_only	0.5	0.001	15	mean_degree	34.93965
assessment_only	0.5	0.001	15	net_output_per_requested_position	4.442213142439149
assessment_only	0.5	0.001	15	outsourcing_rate	0.6238512325747453
assessment_only	0.5	0.001	15	q_gap	-0.739460961629951
assessment_only	0.5	0.001	15	rank_gap	0.28334474671669796
assessment_only	0.5	0.001	15	self_fill_rate	0.9995279800831799
assessment_only	0.5	0.001	15	self_net_output_per_requested_position	4.928611648732242
assessment_only	0.5	0.001	16	access_fraction	0.009598805419989784
assessment_only	0.5	0.001	16	agent_holdout_rank	0.6554640712945592
assessment_only	0.5	0.001	16	betweenness	0.45109040535239187
assessment_only	0.5	0.001	16	broker_fill_rate	0.9999706744868035
assessment_only	0.5	0.001	16	broker_holdout_rank	0.9503958724202628
assessment_only	0.5	0.001	16	broker_net_output_per_requested_position	4.281979755874158
assessment_only	0.5	0.001	16	broker_selected_rank	0.9294568614293478
assessment_only	0.5	0.001	16	mean_degree	34.431599999999996
assessment_only	0.5	0.001	16	net_output_per_requested_position	4.455622714602571
assessment_only	0.5	0.001	16	outsourcing_rate	0.6616042851412908
assessment_only	0.5	0.001	16	q_gap	-0.4897397398280707
assessment_only	0.5	0.001	16	rank_gap	0.2949318011257035
assessment_only	0.5	0.001	16	self_fill_rate	0.9997045613448939
assessment_only	0.5	0.001	16	self_net_output_per_requested_position	4.7952068400872685
assessment_only	0.5	0.001	17	access_fraction	0.010061148654736493
assessment_only	0.5	0.001	17	agent_holdout_rank	0.6621617260787993
assessment_only	0.5	0.001	17	betweenness	0.4442756622947737
assessment_only	0.5	0.001	17	broker_fill_rate	0.9997106072150579
assessment_only	0.5	0.001	17	broker_holdout_rank	0.9540484990619136
assessment_only	0.5	0.001	17	broker_net_output_per_requested_position	4.561318025954672
assessment_only	0.5	0.001	17	broker_selected_rank	0.9457714473637779
assessment_only	0.5	0.001	17	mean_degree	33.32955
assessment_only	0.5	0.001	17	net_output_per_requested_position	4.817084018497724
assessment_only	0.5	0.001	17	outsourcing_rate	0.618793673316745
assessment_only	0.5	0.001	17	q_gap	-0.6335902180013994
assessment_only	0.5	0.001	17	rank_gap	0.2918867729831144
assessment_only	0.5	0.001	17	self_fill_rate	0.9996871457577592
assessment_only	0.5	0.001	17	self_net_output_per_requested_position	5.23236412912272
assessment_only	0.5	0.001	18	access_fraction	0.009671145751702123
assessment_only	0.5	0.001	18	agent_holdout_rank	0.7123433395872419
assessment_only	0.5	0.001	18	betweenness	0.5238967633164918
assessment_only	0.5	0.001	18	broker_fill_rate	0.9965246993331416
assessment_only	0.5	0.001	18	broker_holdout_rank	0.9377473733583491
assessment_only	0.5	0.001	18	broker_net_output_per_requested_position	4.57829117476915
assessment_only	0.5	0.001	18	broker_selected_rank	0.9511880047999453
assessment_only	0.5	0.001	18	mean_degree	33.245000000000005
assessment_only	0.5	0.001	18	net_output_per_requested_position	4.902136656373954
assessment_only	0.5	0.001	18	outsourcing_rate	0.6774815984248304
assessment_only	0.5	0.001	18	q_gap	-0.9870480234145484
assessment_only	0.5	0.001	18	rank_gap	0.2254040337711071
assessment_only	0.5	0.001	18	self_fill_rate	0.9995648870083412
assessment_only	0.5	0.001	18	self_net_output_per_requested_position	5.583974697864612
assessment_only	0.5	0.001	19	access_fraction	0.011171814516740566
assessment_only	0.5	0.001	19	agent_holdout_rank	0.6552755159474671
assessment_only	0.5	0.001	19	betweenness	0.4914377301915368
assessment_only	0.5	0.001	19	broker_fill_rate	0.9999412831198018
assessment_only	0.5	0.001	19	broker_holdout_rank	0.9667517823639773
assessment_only	0.5	0.001	19	broker_net_output_per_requested_position	4.309670435400952
assessment_only	0.5	0.001	19	broker_selected_rank	0.9312077605829566
assessment_only	0.5	0.001	19	mean_degree	32.1956
assessment_only	0.5	0.001	19	net_output_per_requested_position	4.649254136929338
assessment_only	0.5	0.001	19	outsourcing_rate	0.6911864157471808
assessment_only	0.5	0.001	19	q_gap	-1.0911836564093815
assessment_only	0.5	0.001	19	rank_gap	0.3114762664165103
assessment_only	0.5	0.001	19	self_fill_rate	0.9996709943592871
assessment_only	0.5	0.001	19	self_net_output_per_requested_position	5.409437873719828
assessment_only	0.5	0.001	2	access_fraction	0.009930428809400961
assessment_only	0.5	0.001	2	agent_holdout_rank	0.6921530018761726
assessment_only	0.5	0.001	2	betweenness	0.49028139728578707
assessment_only	0.5	0.001	2	broker_fill_rate	0.9998546885784979
assessment_only	0.5	0.001	2	broker_holdout_rank	0.9354084427767356
assessment_only	0.5	0.001	2	broker_net_output_per_requested_position	4.365424930150351
assessment_only	0.5	0.001	2	broker_selected_rank	0.9224143430233184
assessment_only	0.5	0.001	2	mean_degree	35.6402
assessment_only	0.5	0.001	2	net_output_per_requested_position	4.585040239060349
assessment_only	0.5	0.001	2	outsourcing_rate	0.6799439160351044
assessment_only	0.5	0.001	2	q_gap	-0.6702779382001107
assessment_only	0.5	0.001	2	rank_gap	0.2432554409005628
assessment_only	0.5	0.001	2	self_fill_rate	0.9998151399514164
assessment_only	0.5	0.001	2	self_net_output_per_requested_position	5.051690666851153
assessment_only	0.5	0.001	20	access_fraction	0.010443645746986327
assessment_only	0.5	0.001	20	agent_holdout_rank	0.6574782363977485
assessment_only	0.5	0.001	20	betweenness	0.5584649432075175
assessment_only	0.5	0.001	20	broker_fill_rate	0.9998449830572657
assessment_only	0.5	0.001	20	broker_holdout_rank	0.9359398686679175
assessment_only	0.5	0.001	20	broker_net_output_per_requested_position	4.527917488609806
assessment_only	0.5	0.001	20	broker_selected_rank	0.899548823235689
assessment_only	0.5	0.001	20	mean_degree	30.9495
assessment_only	0.5	0.001	20	net_output_per_requested_position	4.615680482708845
assessment_only	0.5	0.001	20	outsourcing_rate	0.7677583643852449
assessment_only	0.5	0.001	20	q_gap	-0.34274893737214474
assessment_only	0.5	0.001	20	rank_gap	0.2784616322701689
assessment_only	0.5	0.001	20	self_fill_rate	0.9999124343257444
assessment_only	0.5	0.001	20	self_net_output_per_requested_position	4.905802274719564
assessment_only	0.5	0.001	3	access_fraction	0.008558180419507433
assessment_only	0.5	0.001	3	agent_holdout_rank	0.7230108818011256
assessment_only	0.5	0.001	3	betweenness	0.34448542033121016
assessment_only	0.5	0.001	3	broker_fill_rate	0.9987238541970814
assessment_only	0.5	0.001	3	broker_holdout_rank	0.9074841463414633
assessment_only	0.5	0.001	3	broker_net_output_per_requested_position	3.7957245024443473
assessment_only	0.5	0.001	3	broker_selected_rank	0.94642092032619
assessment_only	0.5	0.001	3	mean_degree	39.4462
assessment_only	0.5	0.001	3	net_output_per_requested_position	4.49732607210128
assessment_only	0.5	0.001	3	outsourcing_rate	0.45549111235318085
assessment_only	0.5	0.001	3	q_gap	-1.2478589026158229
assessment_only	0.5	0.001	3	rank_gap	0.1844732645403377
assessment_only	0.5	0.001	3	self_fill_rate	0.9990112225975553
assessment_only	0.5	0.001	3	self_net_output_per_requested_position	5.084310408017103
assessment_only	0.5	0.001	4	access_fraction	0.012978940230347912
assessment_only	0.5	0.001	4	agent_holdout_rank	0.6990865853658537
assessment_only	0.5	0.001	4	betweenness	0.42102240240098493
assessment_only	0.5	0.001	4	broker_fill_rate	0.998825618676362
assessment_only	0.5	0.001	4	broker_holdout_rank	0.8645684803001876
assessment_only	0.5	0.001	4	broker_net_output_per_requested_position	4.765146970316038
assessment_only	0.5	0.001	4	broker_selected_rank	0.9470933986892002
assessment_only	0.5	0.001	4	mean_degree	35.929649999999995
assessment_only	0.5	0.001	4	net_output_per_requested_position	5.156060369493299
assessment_only	0.5	0.001	4	outsourcing_rate	0.4953483729177717
assessment_only	0.5	0.001	4	q_gap	-0.7530967825989437
assessment_only	0.5	0.001	4	rank_gap	0.1654818949343339
assessment_only	0.5	0.001	4	self_fill_rate	0.9993273799761994
assessment_only	0.5	0.001	4	self_net_output_per_requested_position	5.539862460264788
assessment_only	0.5	0.001	5	access_fraction	0.014169983560611162
assessment_only	0.5	0.001	5	agent_holdout_rank	0.6886135084427767
assessment_only	0.5	0.001	5	betweenness	0.3984105329005624
assessment_only	0.5	0.001	5	broker_fill_rate	0.9992847355685617
assessment_only	0.5	0.001	5	broker_holdout_rank	0.8488606941838649
assessment_only	0.5	0.001	5	broker_net_output_per_requested_position	4.558537768203621
assessment_only	0.5	0.001	5	broker_selected_rank	0.9006221830758306
assessment_only	0.5	0.001	5	mean_degree	35.49385
assessment_only	0.5	0.001	5	net_output_per_requested_position	4.640725746261014
assessment_only	0.5	0.001	5	outsourcing_rate	0.5834933759634999
assessment_only	0.5	0.001	5	q_gap	-0.16844761600815233
assessment_only	0.5	0.001	5	rank_gap	0.16024718574108815
assessment_only	0.5	0.001	5	self_fill_rate	1.0
assessment_only	0.5	0.001	5	self_net_output_per_requested_position	4.75597114653979
assessment_only	0.5	0.001	6	access_fraction	0.010833531389191372
assessment_only	0.5	0.001	6	agent_holdout_rank	0.6276952157598499
assessment_only	0.5	0.001	6	betweenness	0.47169461473325713
assessment_only	0.5	0.001	6	broker_fill_rate	0.9996406666910295
assessment_only	0.5	0.001	6	broker_holdout_rank	0.9330383677298311
assessment_only	0.5	0.001	6	broker_net_output_per_requested_position	4.42022960863211
assessment_only	0.5	0.001	6	broker_selected_rank	0.9484826409151955
assessment_only	0.5	0.001	6	mean_degree	35.01655
assessment_only	0.5	0.001	6	net_output_per_requested_position	4.836916889809978
assessment_only	0.5	0.001	6	outsourcing_rate	0.6108606436769579
assessment_only	0.5	0.001	6	q_gap	-1.0515874625197585
assessment_only	0.5	0.001	6	rank_gap	0.3053431519699811
assessment_only	0.5	0.001	6	self_fill_rate	0.9996458794203399
assessment_only	0.5	0.001	6	self_net_output_per_requested_position	5.491116797403057
assessment_only	0.5	0.001	7	access_fraction	0.008614117824079118
assessment_only	0.5	0.001	7	agent_holdout_rank	0.69420712945591
assessment_only	0.5	0.001	7	betweenness	0.36658209068788045
assessment_only	0.5	0.001	7	broker_fill_rate	0.9996888094940012
assessment_only	0.5	0.001	7	broker_holdout_rank	0.9518318949343337
assessment_only	0.5	0.001	7	broker_net_output_per_requested_position	3.9066104880826016
assessment_only	0.5	0.001	7	broker_selected_rank	0.9067092588738959
assessment_only	0.5	0.001	7	mean_degree	37.16075000000001
assessment_only	0.5	0.001	7	net_output_per_requested_position	4.472826928496428
assessment_only	0.5	0.001	7	outsourcing_rate	0.5199941100872105
assessment_only	0.5	0.001	7	q_gap	-1.1611478001190993
assessment_only	0.5	0.001	7	rank_gap	0.25762476547842394
assessment_only	0.5	0.001	7	self_fill_rate	0.9996656412672363
assessment_only	0.5	0.001	7	self_net_output_per_requested_position	5.086254856051296
assessment_only	0.5	0.001	8	access_fraction	0.009715507075873162
assessment_only	0.5	0.001	8	agent_holdout_rank	0.6911906191369604
assessment_only	0.5	0.001	8	betweenness	0.409244415819013
assessment_only	0.5	0.001	8	broker_fill_rate	0.9999333226353204
assessment_only	0.5	0.001	8	broker_holdout_rank	0.9567307692307692
assessment_only	0.5	0.001	8	broker_net_output_per_requested_position	4.089443368667316
assessment_only	0.5	0.001	8	broker_selected_rank	0.9224995795475885
assessment_only	0.5	0.001	8	mean_degree	37.1094
assessment_only	0.5	0.001	8	net_output_per_requested_position	4.421250547365465
assessment_only	0.5	0.001	8	outsourcing_rate	0.596110000801976
assessment_only	0.5	0.001	8	q_gap	-0.8092282655957677
assessment_only	0.5	0.001	8	rank_gap	0.2655401500938086
assessment_only	0.5	0.001	8	self_fill_rate	0.9996088553612694
assessment_only	0.5	0.001	8	self_net_output_per_requested_position	4.911280049059075
assessment_only	0.5	0.001	9	access_fraction	0.010563252263834432
assessment_only	0.5	0.001	9	agent_holdout_rank	0.6474273921200749
assessment_only	0.5	0.001	9	betweenness	0.4289937854610347
assessment_only	0.5	0.001	9	broker_fill_rate	0.9998971988032848
assessment_only	0.5	0.001	9	broker_holdout_rank	0.922771200750469
assessment_only	0.5	0.001	9	broker_net_output_per_requested_position	4.214218742934003
assessment_only	0.5	0.001	9	broker_selected_rank	0.942137225358913
assessment_only	0.5	0.001	9	mean_degree	36.6948
assessment_only	0.5	0.001	9	net_output_per_requested_position	4.712809226642356
assessment_only	0.5	0.001	9	outsourcing_rate	0.586227075608021
assessment_only	0.5	0.001	9	q_gap	-1.1664065434736184
assessment_only	0.5	0.001	9	rank_gap	0.275343808630394
assessment_only	0.5	0.001	9	self_fill_rate	0.9997628149698873
assessment_only	0.5	0.001	9	self_net_output_per_requested_position	5.4193407051202716
assessment_only	0.5	0.01	1	access_fraction	0.04929148911183803
assessment_only	0.5	0.01	1	agent_holdout_rank	0.6688408067542214
assessment_only	0.5	0.01	1	betweenness	0.7812171966544268
assessment_only	0.5	0.01	1	broker_fill_rate	0.9998555878322888
assessment_only	0.5	0.01	1	broker_holdout_rank	0.9763231707317074
assessment_only	0.5	0.01	1	broker_net_output_per_requested_position	4.85586170416259
assessment_only	0.5	0.01	1	broker_selected_rank	0.9620994740568832
assessment_only	0.5	0.01	1	mean_degree	18.72555
assessment_only	0.5	0.01	1	net_output_per_requested_position	4.825532835426798
assessment_only	0.5	0.01	1	outsourcing_rate	0.9685915145624335
assessment_only	0.5	0.01	1	q_gap	0.9496348037935259
assessment_only	0.5	0.01	1	rank_gap	0.30748236397748596
assessment_only	0.5	0.01	1	self_fill_rate	0.9974134633773188
assessment_only	0.5	0.01	1	self_net_output_per_requested_position	3.900652575273407
assessment_only	0.5	0.01	10	access_fraction	0.060150996564708924
assessment_only	0.5	0.01	10	agent_holdout_rank	0.6749025328330206
assessment_only	0.5	0.01	10	betweenness	0.7504704138731098
assessment_only	0.5	0.01	10	broker_fill_rate	0.9996833090703954
assessment_only	0.5	0.01	10	broker_holdout_rank	0.9676062851782363
assessment_only	0.5	0.01	10	broker_net_output_per_requested_position	4.521754095079446
assessment_only	0.5	0.01	10	broker_selected_rank	0.9701011634131639
assessment_only	0.5	0.01	10	mean_degree	18.6937
assessment_only	0.5	0.01	10	net_output_per_requested_position	4.492497815514723
assessment_only	0.5	0.01	10	outsourcing_rate	0.8886833438022531
assessment_only	0.5	0.01	10	q_gap	0.29524967912840905
assessment_only	0.5	0.01	10	rank_gap	0.29270375234521573
assessment_only	0.5	0.01	10	self_fill_rate	0.9977041303896034
assessment_only	0.5	0.01	10	self_net_output_per_requested_position	4.258949198120228
assessment_only	0.5	0.01	11	access_fraction	0.051122428536657216
assessment_only	0.5	0.01	11	agent_holdout_rank	0.7060531894934334
assessment_only	0.5	0.01	11	betweenness	0.8019120996514358
assessment_only	0.5	0.01	11	broker_fill_rate	0.9998552081323406
assessment_only	0.5	0.01	11	broker_holdout_rank	0.9744829268292683
assessment_only	0.5	0.01	11	broker_net_output_per_requested_position	4.954081807159023
assessment_only	0.5	0.01	11	broker_selected_rank	0.9580965682870375
assessment_only	0.5	0.01	11	mean_degree	17.9593
assessment_only	0.5	0.01	11	net_output_per_requested_position	4.884678910481139
assessment_only	0.5	0.01	11	outsourcing_rate	0.9592213665942042
assessment_only	0.5	0.01	11	q_gap	1.6499750310531662
assessment_only	0.5	0.01	11	rank_gap	0.2684297373358349
assessment_only	0.5	0.01	11	self_fill_rate	0.9958136277643993
assessment_only	0.5	0.01	11	self_net_output_per_requested_position	3.2540540857848606
assessment_only	0.5	0.01	12	access_fraction	0.05026069697956424
assessment_only	0.5	0.01	12	agent_holdout_rank	0.6399846153846154
assessment_only	0.5	0.01	12	betweenness	0.800769426300092
assessment_only	0.5	0.01	12	broker_fill_rate	0.9998556398942018
assessment_only	0.5	0.01	12	broker_holdout_rank	0.9710653846153846
assessment_only	0.5	0.01	12	broker_net_output_per_requested_position	4.837504346724874
assessment_only	0.5	0.01	12	broker_selected_rank	0.9636560390212688
assessment_only	0.5	0.01	12	mean_degree	18.0868
assessment_only	0.5	0.01	12	net_output_per_requested_position	4.787205766453878
assessment_only	0.5	0.01	12	outsourcing_rate	0.9622590390746822
assessment_only	0.5	0.01	12	q_gap	1.3559367648539271
assessment_only	0.5	0.01	12	rank_gap	0.33108076923076923
assessment_only	0.5	0.01	12	self_fill_rate	0.9976327664510342
assessment_only	0.5	0.01	12	self_net_output_per_requested_position	3.507171702922497
assessment_only	0.5	0.01	13	access_fraction	0.0565149860209488
assessment_only	0.5	0.01	13	agent_holdout_rank	0.6838726078799249
assessment_only	0.5	0.01	13	betweenness	0.8171833712811285
assessment_only	0.5	0.01	13	broker_fill_rate	0.9994957136110043
assessment_only	0.5	0.01	13	broker_holdout_rank	0.966459756097561
assessment_only	0.5	0.01	13	broker_net_output_per_requested_position	5.07680013929508
assessment_only	0.5	0.01	13	broker_selected_rank	0.9749736441567778
assessment_only	0.5	0.01	13	mean_degree	17.63965
assessment_only	0.5	0.01	13	net_output_per_requested_position	5.024868194206609
assessment_only	0.5	0.01	13	outsourcing_rate	0.954408552022384
assessment_only	0.5	0.01	13	q_gap	1.1869356816200338
assessment_only	0.5	0.01	13	rank_gap	0.28258714821763614
assessment_only	0.5	0.01	13	self_fill_rate	0.997956966945474
assessment_only	0.5	0.01	13	self_net_output_per_requested_position	3.9447446626061855
assessment_only	0.5	0.01	14	access_fraction	0.0517573245730111
assessment_only	0.5	0.01	14	agent_holdout_rank	0.7088787054409005
assessment_only	0.5	0.01	14	betweenness	0.8156961645214466
assessment_only	0.5	0.01	14	broker_fill_rate	0.9997111331247919
assessment_only	0.5	0.01	14	broker_holdout_rank	0.9722963414634146
assessment_only	0.5	0.01	14	broker_net_output_per_requested_position	4.377545164639618
assessment_only	0.5	0.01	14	broker_selected_rank	0.9347161513452755
assessment_only	0.5	0.01	14	mean_degree	17.75705
assessment_only	0.5	0.01	14	net_output_per_requested_position	4.3472694209794565
assessment_only	0.5	0.01	14	outsourcing_rate	0.9633369221495569
assessment_only	0.5	0.01	14	q_gap	0.9151966239199251
assessment_only	0.5	0.01	14	rank_gap	0.26341763602251417
assessment_only	0.5	0.01	14	self_fill_rate	0.994598462580656
assessment_only	0.5	0.01	14	self_net_output_per_requested_position	3.5579454352557973
assessment_only	0.5	0.01	15	access_fraction	0.05514896523687257
assessment_only	0.5	0.01	15	agent_holdout_rank	0.6285301125703564
assessment_only	0.5	0.01	15	betweenness	0.8029351903461881
assessment_only	0.5	0.01	15	broker_fill_rate	0.9998318258707624
assessment_only	0.5	0.01	15	broker_holdout_rank	0.9639158536585366
assessment_only	0.5	0.01	15	broker_net_output_per_requested_position	4.36609252606247
assessment_only	0.5	0.01	15	broker_selected_rank	0.9331631146481854
assessment_only	0.5	0.01	15	mean_degree	17.60455
assessment_only	0.5	0.01	15	net_output_per_requested_position	4.340653369101804
assessment_only	0.5	0.01	15	outsourcing_rate	0.9586645301144416
assessment_only	0.5	0.01	15	q_gap	0.7307360753344547
assessment_only	0.5	0.01	15	rank_gap	0.33538574108818014
assessment_only	0.5	0.01	15	self_fill_rate	0.9995238095238095
assessment_only	0.5	0.01	15	self_net_output_per_requested_position	3.7528648135083076
assessment_only	0.5	0.01	16	access_fraction	0.05429364001276108
assessment_only	0.5	0.01	16	agent_holdout_rank	0.6566448405253285
assessment_only	0.5	0.01	16	betweenness	0.7864029175624065
assessment_only	0.5	0.01	16	broker_fill_rate	0.9998112456039504
assessment_only	0.5	0.01	16	broker_holdout_rank	0.9708709193245777
assessment_only	0.5	0.01	16	broker_net_output_per_requested_position	4.420349019770844
assessment_only	0.5	0.01	16	broker_selected_rank	0.9392948206532401
assessment_only	0.5	0.01	16	mean_degree	17.900000000000002
assessment_only	0.5	0.01	16	net_output_per_requested_position	4.379655433518269
assessment_only	0.5	0.01	16	outsourcing_rate	0.9601443996485728
assessment_only	0.5	0.01	16	q_gap	1.025180978879376
assessment_only	0.5	0.01	16	rank_gap	0.31422607879924935
assessment_only	0.5	0.01	16	self_fill_rate	0.9968049185755629
assessment_only	0.5	0.01	16	self_net_output_per_requested_position	3.4008067358874916
assessment_only	0.5	0.01	17	access_fraction	0.05575627341278418
assessment_only	0.5	0.01	17	agent_holdout_rank	0.63645
assessment_only	0.5	0.01	17	betweenness	0.8093766396076006
assessment_only	0.5	0.01	17	broker_fill_rate	0.999833530874875
assessment_only	0.5	0.01	17	broker_holdout_rank	0.9686937148217636
assessment_only	0.5	0.01	17	broker_net_output_per_requested_position	4.663762916785975
assessment_only	0.5	0.01	17	broker_selected_rank	0.951944752621903
assessment_only	0.5	0.01	17	mean_degree	17.458350000000003
assessment_only	0.5	0.01	17	net_output_per_requested_position	4.629340169289568
assessment_only	0.5	0.01	17	outsourcing_rate	0.9613679556534299
assessment_only	0.5	0.01	17	q_gap	0.8561070482760768
assessment_only	0.5	0.01	17	rank_gap	0.3322437148217636
assessment_only	0.5	0.01	17	self_fill_rate	0.997359735830114
assessment_only	0.5	0.01	17	self_net_output_per_requested_position	3.774532829986235
assessment_only	0.5	0.01	18	access_fraction	0.0542425564397702
assessment_only	0.5	0.01	18	agent_holdout_rank	0.710478330206379
assessment_only	0.5	0.01	18	betweenness	0.779360234059426
assessment_only	0.5	0.01	18	broker_fill_rate	0.9997031913929243
assessment_only	0.5	0.01	18	broker_holdout_rank	0.9771387429643527
assessment_only	0.5	0.01	18	broker_net_output_per_requested_position	4.873439928818033
assessment_only	0.5	0.01	18	broker_selected_rank	0.9666903662906403
assessment_only	0.5	0.01	18	mean_degree	18.843199999999996
assessment_only	0.5	0.01	18	net_output_per_requested_position	4.7998473719919215
assessment_only	0.5	0.01	18	outsourcing_rate	0.9379119972451659
assessment_only	0.5	0.01	18	q_gap	1.2001495345636293
assessment_only	0.5	0.01	18	rank_gap	0.2666604127579738
assessment_only	0.5	0.01	18	self_fill_rate	0.9978158878658281
assessment_only	0.5	0.01	18	self_net_output_per_requested_position	3.688160163636303
assessment_only	0.5	0.01	19	access_fraction	0.05279595395578399
assessment_only	0.5	0.01	19	agent_holdout_rank	0.6433013133208256
assessment_only	0.5	0.01	19	betweenness	0.8052389723191418
assessment_only	0.5	0.01	19	broker_fill_rate	0.999855647037738
assessment_only	0.5	0.01	19	broker_holdout_rank	0.9757755159474671
assessment_only	0.5	0.01	19	broker_net_output_per_requested_position	4.538961424806531
assessment_only	0.5	0.01	19	broker_selected_rank	0.957529273676345
assessment_only	0.5	0.01	19	mean_degree	17.449500000000004
assessment_only	0.5	0.01	19	net_output_per_requested_position	4.510291959976152
assessment_only	0.5	0.01	19	outsourcing_rate	0.964140432398891
assessment_only	0.5	0.01	19	q_gap	0.8244072005476809
assessment_only	0.5	0.01	19	rank_gap	0.33247420262664173
assessment_only	0.5	0.01	19	self_fill_rate	0.9970917899971449
assessment_only	0.5	0.01	19	self_net_output_per_requested_position	3.747151524836474
assessment_only	0.5	0.01	2	access_fraction	0.05333353138082014
assessment_only	0.5	0.01	2	agent_holdout_rank	0.6913372420262663
assessment_only	0.5	0.01	2	betweenness	0.8095401680096843
assessment_only	0.5	0.01	2	broker_fill_rate	0.9998743482194967
assessment_only	0.5	0.01	2	broker_holdout_rank	0.9637288930581611
assessment_only	0.5	0.01	2	broker_net_output_per_requested_position	4.486783588788803
assessment_only	0.5	0.01	2	broker_selected_rank	0.9383345986830907
assessment_only	0.5	0.01	2	mean_degree	17.6539
assessment_only	0.5	0.01	2	net_output_per_requested_position	4.46516082105636
assessment_only	0.5	0.01	2	outsourcing_rate	0.9523299704476015
assessment_only	0.5	0.01	2	q_gap	0.5914779723895869
assessment_only	0.5	0.01	2	rank_gap	0.2723916510318949
assessment_only	0.5	0.01	2	self_fill_rate	0.9988190497774369
assessment_only	0.5	0.01	2	self_net_output_per_requested_position	4.036060901799275
assessment_only	0.5	0.01	20	access_fraction	0.04898389671073664
assessment_only	0.5	0.01	20	agent_holdout_rank	0.6345736397748593
assessment_only	0.5	0.01	20	betweenness	0.8293586943193214
assessment_only	0.5	0.01	20	broker_fill_rate	0.9998558797437301
assessment_only	0.5	0.01	20	broker_holdout_rank	0.9598775797373358
assessment_only	0.5	0.01	20	broker_net_output_per_requested_position	4.449921408744357
assessment_only	0.5	0.01	20	broker_selected_rank	0.898633027175174
assessment_only	0.5	0.01	20	mean_degree	16.999599999999997
assessment_only	0.5	0.01	20	net_output_per_requested_position	4.425582237411304
assessment_only	0.5	0.01	20	outsourcing_rate	0.9758295077556489
assessment_only	0.5	0.01	20	q_gap	1.0404631880479713
assessment_only	0.5	0.01	20	rank_gap	0.32530393996247653
assessment_only	0.5	0.01	20	self_fill_rate	0.99921875
assessment_only	0.5	0.01	20	self_net_output_per_requested_position	3.446855705442492
assessment_only	0.5	0.01	3	access_fraction	0.055435572209231065
assessment_only	0.5	0.01	3	agent_holdout_rank	0.7488917448405253
assessment_only	0.5	0.01	3	betweenness	0.7550755111545756
assessment_only	0.5	0.01	3	broker_fill_rate	0.999096062214894
assessment_only	0.5	0.01	3	broker_holdout_rank	0.9708104127579738
assessment_only	0.5	0.01	3	broker_net_output_per_requested_position	4.113852941557189
assessment_only	0.5	0.01	3	broker_selected_rank	0.9619735230062592
assessment_only	0.5	0.01	3	mean_degree	19.43305
assessment_only	0.5	0.01	3	net_output_per_requested_position	4.300292966799374
assessment_only	0.5	0.01	3	outsourcing_rate	0.7081253477703942
assessment_only	0.5	0.01	3	q_gap	-0.5607506320929361
assessment_only	0.5	0.01	3	rank_gap	0.22191866791744838
assessment_only	0.5	0.01	3	self_fill_rate	0.997262111539418
assessment_only	0.5	0.01	3	self_net_output_per_requested_position	4.752923134016163
assessment_only	0.5	0.01	4	access_fraction	0.053712604932345365
assessment_only	0.5	0.01	4	agent_holdout_rank	0.7117713883677299
assessment_only	0.5	0.01	4	betweenness	0.8184174560101207
assessment_only	0.5	0.01	4	broker_fill_rate	0.9996333589019386
assessment_only	0.5	0.01	4	broker_holdout_rank	0.9472333020637898
assessment_only	0.5	0.01	4	broker_net_output_per_requested_position	5.215287595306817
assessment_only	0.5	0.01	4	broker_selected_rank	0.9670653564585902
assessment_only	0.5	0.01	4	mean_degree	17.5703
assessment_only	0.5	0.01	4	net_output_per_requested_position	5.139143020706091
assessment_only	0.5	0.01	4	outsourcing_rate	0.9310610385652358
assessment_only	0.5	0.01	4	q_gap	1.0826764897083576
assessment_only	0.5	0.01	4	rank_gap	0.23546191369606
assessment_only	0.5	0.01	4	self_fill_rate	0.9951856802861272
assessment_only	0.5	0.01	4	self_net_output_per_requested_position	4.11270840932457
assessment_only	0.5	0.01	5	access_fraction	0.05648471195885172
assessment_only	0.5	0.01	5	agent_holdout_rank	0.6851095684803001
assessment_only	0.5	0.01	5	betweenness	0.7873118472034712
assessment_only	0.5	0.01	5	broker_fill_rate	0.9997919427932114
assessment_only	0.5	0.01	5	broker_holdout_rank	0.9150252345215761
assessment_only	0.5	0.01	5	broker_net_output_per_requested_position	4.641208909075468
assessment_only	0.5	0.01	5	broker_selected_rank	0.9009400104861454
assessment_only	0.5	0.01	5	mean_degree	18.3186
assessment_only	0.5	0.01	5	net_output_per_requested_position	4.59267352640458
assessment_only	0.5	0.01	5	outsourcing_rate	0.9526971253293095
assessment_only	0.5	0.01	5	q_gap	0.9896426361709801
assessment_only	0.5	0.01	5	rank_gap	0.22991566604127586
assessment_only	0.5	0.01	5	self_fill_rate	0.9995689655172413
assessment_only	0.5	0.01	5	self_net_output_per_requested_position	3.617430899143043
assessment_only	0.5	0.01	6	access_fraction	0.053671322229124664
assessment_only	0.5	0.01	6	agent_holdout_rank	0.6383475609756097
assessment_only	0.5	0.01	6	betweenness	0.8163020033633238
assessment_only	0.5	0.01	6	broker_fill_rate	0.9994028630136848
assessment_only	0.5	0.01	6	broker_holdout_rank	0.9592560975609757
assessment_only	0.5	0.01	6	broker_net_output_per_requested_position	4.779338929503099
assessment_only	0.5	0.01	6	broker_selected_rank	0.9617995148778476
assessment_only	0.5	0.01	6	mean_degree	17.7958
assessment_only	0.5	0.01	6	net_output_per_requested_position	4.727349848378092
assessment_only	0.5	0.01	6	outsourcing_rate	0.9414807154778169
assessment_only	0.5	0.01	6	q_gap	0.8814476684531203
assessment_only	0.5	0.01	6	rank_gap	0.32090853658536583
assessment_only	0.5	0.01	6	self_fill_rate	0.9986640018854
assessment_only	0.5	0.01	6	self_net_output_per_requested_position	3.8932934294455963
assessment_only	0.5	0.01	7	access_fraction	0.05418669410932229
assessment_only	0.5	0.01	7	agent_holdout_rank	0.7212503752345216
assessment_only	0.5	0.01	7	betweenness	0.7552111438564555
assessment_only	0.5	0.01	7	broker_fill_rate	0.9997059825547151
assessment_only	0.5	0.01	7	broker_holdout_rank	0.9668975609756096
assessment_only	0.5	0.01	7	broker_net_output_per_requested_position	4.417597312298143
assessment_only	0.5	0.01	7	broker_selected_rank	0.9560693009338117
assessment_only	0.5	0.01	7	mean_degree	19.352800000000002
assessment_only	0.5	0.01	7	net_output_per_requested_position	4.417627097975801
assessment_only	0.5	0.01	7	outsourcing_rate	0.8856306827609917
assessment_only	0.5	0.01	7	q_gap	0.07709017101853752
assessment_only	0.5	0.01	7	rank_gap	0.2456471857410881
assessment_only	0.5	0.01	7	self_fill_rate	0.9981005712174122
assessment_only	0.5	0.01	7	self_net_output_per_requested_position	4.41904056532976
assessment_only	0.5	0.01	8	access_fraction	0.05236583719214024
assessment_only	0.5	0.01	8	agent_holdout_rank	0.7050302063789868
assessment_only	0.5	0.01	8	betweenness	0.7789556754936116
assessment_only	0.5	0.01	8	broker_fill_rate	0.9997774726473077
assessment_only	0.5	0.01	8	broker_holdout_rank	0.9593601313320826
assessment_only	0.5	0.01	8	broker_net_output_per_requested_position	4.3417313692636075
assessment_only	0.5	0.01	8	broker_selected_rank	0.9294650466377922
assessment_only	0.5	0.01	8	mean_degree	18.26515
assessment_only	0.5	0.01	8	net_output_per_requested_position	4.275482104336059
assessment_only	0.5	0.01	8	outsourcing_rate	0.9114596474573247
assessment_only	0.5	0.01	8	q_gap	0.8323786069190623
assessment_only	0.5	0.01	8	rank_gap	0.2543299249530956
assessment_only	0.5	0.01	8	self_fill_rate	0.9972789185841101
assessment_only	0.5	0.01	8	self_net_output_per_requested_position	3.593892638208692
assessment_only	0.5	0.01	9	access_fraction	0.054558205276867625
assessment_only	0.5	0.01	9	agent_holdout_rank	0.6736814258911819
assessment_only	0.5	0.01	9	betweenness	0.8163314373054318
assessment_only	0.5	0.01	9	broker_fill_rate	0.999267456348524
assessment_only	0.5	0.01	9	broker_holdout_rank	0.97714765478424
assessment_only	0.5	0.01	9	broker_net_output_per_requested_position	4.7489005899444745
assessment_only	0.5	0.01	9	broker_selected_rank	0.9740077800908192
assessment_only	0.5	0.01	9	mean_degree	18.2374
assessment_only	0.5	0.01	9	net_output_per_requested_position	4.702111931408334
assessment_only	0.5	0.01	9	outsourcing_rate	0.9273109530146117
assessment_only	0.5	0.01	9	q_gap	0.6694007130986488
assessment_only	0.5	0.01	9	rank_gap	0.3034662288930582
assessment_only	0.5	0.01	9	self_fill_rate	0.993525381265503
assessment_only	0.5	0.01	9	self_net_output_per_requested_position	4.1101658243142225
assessment_only	0.5	0.02	1	access_fraction	0.09436551414264173
assessment_only	0.5	0.02	1	agent_holdout_rank	0.6594109756097561
assessment_only	0.5	0.02	1	betweenness	0.8494660344016205
assessment_only	0.5	0.02	1	broker_fill_rate	0.9998367177665684
assessment_only	0.5	0.02	1	broker_holdout_rank	0.9812714821763603
assessment_only	0.5	0.02	1	broker_net_output_per_requested_position	4.586214288803403
assessment_only	0.5	0.02	1	broker_selected_rank	0.9616720067261133
assessment_only	0.5	0.02	1	mean_degree	15.550400000000002
assessment_only	0.5	0.02	1	net_output_per_requested_position	4.554616196037499
assessment_only	0.5	0.02	1	outsourcing_rate	0.980887915164492
assessment_only	0.5	0.02	1	q_gap	1.581546522702352
assessment_only	0.5	0.02	1	rank_gap	0.32186050656660437
assessment_only	0.5	0.02	1	self_fill_rate	0.995867694981228
assessment_only	0.5	0.02	1	self_net_output_per_requested_position	2.939229369714797
assessment_only	0.5	0.02	10	access_fraction	0.09850049628473286
assessment_only	0.5	0.02	10	agent_holdout_rank	0.6688448405253283
assessment_only	0.5	0.02	10	betweenness	0.8356295617989083
assessment_only	0.5	0.02	10	broker_fill_rate	0.9996902880185194
assessment_only	0.5	0.02	10	broker_holdout_rank	0.983493339587242
assessment_only	0.5	0.02	10	broker_net_output_per_requested_position	4.511926385546564
assessment_only	0.5	0.02	10	broker_selected_rank	0.9710031055513424
assessment_only	0.5	0.02	10	mean_degree	16.222649999999998
assessment_only	0.5	0.02	10	net_output_per_requested_position	4.460352491823549
assessment_only	0.5	0.02	10	outsourcing_rate	0.9715142963686894
assessment_only	0.5	0.02	10	q_gap	1.7724413339342864
assessment_only	0.5	0.02	10	rank_gap	0.31464849906191367
assessment_only	0.5	0.02	10	self_fill_rate	0.9979029605263158
assessment_only	0.5	0.02	10	self_net_output_per_requested_position	2.701291699940188
assessment_only	0.5	0.02	11	access_fraction	0.08807501112782079
assessment_only	0.5	0.02	11	agent_holdout_rank	0.7103847091932458
assessment_only	0.5	0.02	11	betweenness	0.8502930321847334
assessment_only	0.5	0.02	11	broker_fill_rate	0.9997519198143394
assessment_only	0.5	0.02	11	broker_holdout_rank	0.9740353658536585
assessment_only	0.5	0.02	11	broker_net_output_per_requested_position	4.815135380567644
assessment_only	0.5	0.02	11	broker_selected_rank	0.9568850719456021
assessment_only	0.5	0.02	11	mean_degree	15.894299999999998
assessment_only	0.5	0.02	11	net_output_per_requested_position	4.755853458717065
assessment_only	0.5	0.02	11	outsourcing_rate	0.968693042415351
assessment_only	0.5	0.02	11	q_gap	1.8302857484874875
assessment_only	0.5	0.02	11	rank_gap	0.2636506566604127
assessment_only	0.5	0.02	11	self_fill_rate	0.9964979453967369
assessment_only	0.5	0.02	11	self_net_output_per_requested_position	2.9341992535537127
assessment_only	0.5	0.02	12	access_fraction	0.09648388156329886
assessment_only	0.5	0.02	12	agent_holdout_rank	0.5989273921200751
assessment_only	0.5	0.02	12	betweenness	0.8543278381440313
assessment_only	0.5	0.02	12	broker_fill_rate	0.9996559977746557
assessment_only	0.5	0.02	12	broker_holdout_rank	0.9757732645403376
assessment_only	0.5	0.02	12	broker_net_output_per_requested_position	4.696704051540971
assessment_only	0.5	0.02	12	broker_selected_rank	0.9624563287030016
assessment_only	0.5	0.02	12	mean_degree	15.173299999999998
assessment_only	0.5	0.02	12	net_output_per_requested_position	4.650867347981439
assessment_only	0.5	0.02	12	outsourcing_rate	0.9707371091525715
assessment_only	0.5	0.02	12	q_gap	1.4994592440683197
assessment_only	0.5	0.02	12	rank_gap	0.37684587242026274
assessment_only	0.5	0.02	12	self_fill_rate	0.9954725822869284
assessment_only	0.5	0.02	12	self_net_output_per_requested_position	3.1348888483048616
assessment_only	0.5	0.02	13	access_fraction	0.09434771505619233
assessment_only	0.5	0.02	13	agent_holdout_rank	0.6570308630393996
assessment_only	0.5	0.02	13	betweenness	0.8651846731114654
assessment_only	0.5	0.02	13	broker_fill_rate	0.9996721149561061
assessment_only	0.5	0.02	13	broker_holdout_rank	0.9659212945590994
assessment_only	0.5	0.02	13	broker_net_output_per_requested_position	4.910319996189587
assessment_only	0.5	0.02	13	broker_selected_rank	0.9722504966902846
assessment_only	0.5	0.02	13	mean_degree	15.175650000000001
assessment_only	0.5	0.02	13	net_output_per_requested_position	4.850962315930788
assessment_only	0.5	0.02	13	outsourcing_rate	0.9692006988352466
assessment_only	0.5	0.02	13	q_gap	1.861447392094726
assessment_only	0.5	0.02	13	rank_gap	0.30889043151969975
assessment_only	0.5	0.02	13	self_fill_rate	0.9980105355982548
assessment_only	0.5	0.02	13	self_net_output_per_requested_position	2.9837627474706045
assessment_only	0.5	0.02	14	access_fraction	0.09141027480775174
assessment_only	0.5	0.02	14	agent_holdout_rank	0.6972863039399624
assessment_only	0.5	0.02	14	betweenness	0.8430460646255712
assessment_only	0.5	0.02	14	broker_fill_rate	0.9994857247664068
assessment_only	0.5	0.02	14	broker_holdout_rank	0.9571800187617262
assessment_only	0.5	0.02	14	broker_net_output_per_requested_position	4.230661813531729
assessment_only	0.5	0.02	14	broker_selected_rank	0.9370009883701806
assessment_only	0.5	0.02	14	mean_degree	15.51595
assessment_only	0.5	0.02	14	net_output_per_requested_position	4.188787961453192
assessment_only	0.5	0.02	14	outsourcing_rate	0.9717171632313824
assessment_only	0.5	0.02	14	q_gap	1.4001349954862197
assessment_only	0.5	0.02	14	rank_gap	0.2598937148217636
assessment_only	0.5	0.02	14	self_fill_rate	0.9923413404295397
assessment_only	0.5	0.02	14	self_net_output_per_requested_position	2.756464882973723
assessment_only	0.5	0.02	15	access_fraction	0.08469607482027673
assessment_only	0.5	0.02	15	agent_holdout_rank	0.6263261726078799
assessment_only	0.5	0.02	15	betweenness	0.8566209620115508
assessment_only	0.5	0.02	15	broker_fill_rate	0.9999801508535133
assessment_only	0.5	0.02	15	broker_holdout_rank	0.9747403377110695
assessment_only	0.5	0.02	15	broker_net_output_per_requested_position	4.391052005476967
assessment_only	0.5	0.02	15	broker_selected_rank	0.9377265338167214
assessment_only	0.5	0.02	15	mean_degree	15.1297
assessment_only	0.5	0.02	15	net_output_per_requested_position	4.363992061475044
assessment_only	0.5	0.02	15	outsourcing_rate	0.9810494090727312
assessment_only	0.5	0.02	15	q_gap	1.3710699886779314
assessment_only	0.5	0.02	15	rank_gap	0.34841416510318957
assessment_only	0.5	0.02	15	self_fill_rate	0.9989795918367348
assessment_only	0.5	0.02	15	self_net_output_per_requested_position	2.9687580713436454
assessment_only	0.5	0.02	16	access_fraction	0.08497466226727529
assessment_only	0.5	0.02	16	agent_holdout_rank	0.6439994371482176
assessment_only	0.5	0.02	16	betweenness	0.8445400616438267
assessment_only	0.5	0.02	16	broker_fill_rate	0.9997969629781241
assessment_only	0.5	0.02	16	broker_holdout_rank	0.9751385553470919
assessment_only	0.5	0.02	16	broker_net_output_per_requested_position	4.33110573150015
assessment_only	0.5	0.02	16	broker_selected_rank	0.9394083481089947
assessment_only	0.5	0.02	16	mean_degree	15.772849999999996
assessment_only	0.5	0.02	16	net_output_per_requested_position	4.302968800733381
assessment_only	0.5	0.02	16	outsourcing_rate	0.9812449113397541
assessment_only	0.5	0.02	16	q_gap	1.444564562539812
assessment_only	0.5	0.02	16	rank_gap	0.33113911819887426
assessment_only	0.5	0.02	16	self_fill_rate	0.9978558797524315
assessment_only	0.5	0.02	16	self_net_output_per_requested_position	2.839633366893235
assessment_only	0.5	0.02	17	access_fraction	0.0926532070560555
assessment_only	0.5	0.02	17	agent_holdout_rank	0.6233410881801126
assessment_only	0.5	0.02	17	betweenness	0.8492542155316656
assessment_only	0.5	0.02	17	broker_fill_rate	0.9997935107681414
assessment_only	0.5	0.02	17	broker_holdout_rank	0.9770601313320826
assessment_only	0.5	0.02	17	broker_net_output_per_requested_position	4.552023803512108
assessment_only	0.5	0.02	17	broker_selected_rank	0.9555343436173235
assessment_only	0.5	0.02	17	mean_degree	15.22605
assessment_only	0.5	0.02	17	net_output_per_requested_position	4.511930256742117
assessment_only	0.5	0.02	17	outsourcing_rate	0.9716044159491638
assessment_only	0.5	0.02	17	q_gap	1.3455574638194494
assessment_only	0.5	0.02	17	rank_gap	0.35371904315197006
assessment_only	0.5	0.02	17	self_fill_rate	0.9958857760840457
assessment_only	0.5	0.02	17	self_net_output_per_requested_position	3.141584786102474
assessment_only	0.5	0.02	18	access_fraction	0.09018092664620261
assessment_only	0.5	0.02	18	agent_holdout_rank	0.6856637898686678
assessment_only	0.5	0.02	18	betweenness	0.854057762055709
assessment_only	0.5	0.02	18	broker_fill_rate	0.9998157149526541
assessment_only	0.5	0.02	18	broker_holdout_rank	0.9826193245778614
assessment_only	0.5	0.02	18	broker_net_output_per_requested_position	4.8421260468451575
assessment_only	0.5	0.02	18	broker_selected_rank	0.9677239453662653
assessment_only	0.5	0.02	18	mean_degree	15.71465
assessment_only	0.5	0.02	18	net_output_per_requested_position	4.7946314555292116
assessment_only	0.5	0.02	18	outsourcing_rate	0.973636549690727
assessment_only	0.5	0.02	18	q_gap	1.7455030177969728
assessment_only	0.5	0.02	18	rank_gap	0.29695553470919334
assessment_only	0.5	0.02	18	self_fill_rate	0.9964444705848348
assessment_only	0.5	0.02	18	self_net_output_per_requested_position	3.0466298760194626
assessment_only	0.5	0.02	19	access_fraction	0.08604369502756137
assessment_only	0.5	0.02	19	agent_holdout_rank	0.6340984052532833
assessment_only	0.5	0.02	19	betweenness	0.8532963075870812
assessment_only	0.5	0.02	19	broker_fill_rate	0.9998592895160462
assessment_only	0.5	0.02	19	broker_holdout_rank	0.9801155722326454
assessment_only	0.5	0.02	19	broker_net_output_per_requested_position	4.412421676564034
assessment_only	0.5	0.02	19	broker_selected_rank	0.9548826748172002
assessment_only	0.5	0.02	19	mean_degree	15.613799999999998
assessment_only	0.5	0.02	19	net_output_per_requested_position	4.3823847854517
assessment_only	0.5	0.02	19	outsourcing_rate	0.979621909160439
assessment_only	0.5	0.02	19	q_gap	1.4337057305221559
assessment_only	0.5	0.02	19	rank_gap	0.3460171669793622
assessment_only	0.5	0.02	19	self_fill_rate	0.9909066067878897
assessment_only	0.5	0.02	19	self_net_output_per_requested_position	2.945372784015338
assessment_only	0.5	0.02	2	access_fraction	0.08729112168306287
assessment_only	0.5	0.02	2	agent_holdout_rank	0.6947472795497186
assessment_only	0.5	0.02	2	betweenness	0.8535198390373804
assessment_only	0.5	0.02	2	broker_fill_rate	0.9998166419445729
assessment_only	0.5	0.02	2	broker_holdout_rank	0.9744045028142588
assessment_only	0.5	0.02	2	broker_net_output_per_requested_position	4.472132366646601
assessment_only	0.5	0.02	2	broker_selected_rank	0.9446933902072185
assessment_only	0.5	0.02	2	mean_degree	15.80135
assessment_only	0.5	0.02	2	net_output_per_requested_position	4.428334497330102
assessment_only	0.5	0.02	2	outsourcing_rate	0.966921730135301
assessment_only	0.5	0.02	2	q_gap	1.294668328800647
assessment_only	0.5	0.02	2	rank_gap	0.27965722326454034
assessment_only	0.5	0.02	2	self_fill_rate	0.9978362573099415
assessment_only	0.5	0.02	2	self_net_output_per_requested_position	3.1528932485395322
assessment_only	0.5	0.02	20	access_fraction	0.08842038274437082
assessment_only	0.5	0.02	20	agent_holdout_rank	0.6434485928705441
assessment_only	0.5	0.02	20	betweenness	0.8656901615124623
assessment_only	0.5	0.02	20	broker_fill_rate	0.9998981914154801
assessment_only	0.5	0.02	20	broker_holdout_rank	0.977023358348968
assessment_only	0.5	0.02	20	broker_net_output_per_requested_position	4.41132947147087
assessment_only	0.5	0.02	20	broker_selected_rank	0.9084719318511718
assessment_only	0.5	0.02	20	mean_degree	14.9601
assessment_only	0.5	0.02	20	net_output_per_requested_position	4.3966514202488485
assessment_only	0.5	0.02	20	outsourcing_rate	0.9857484719374447
assessment_only	0.5	0.02	20	q_gap	1.0447199044677646
assessment_only	0.5	0.02	20	rank_gap	0.33357476547842396
assessment_only	0.5	0.02	20	self_fill_rate	0.9942813159746657
assessment_only	0.5	0.02	20	self_net_output_per_requested_position	3.3982137499497833
assessment_only	0.5	0.02	21	access_fraction	0.10177902115928586
assessment_only	0.5	0.02	21	agent_holdout_rank	0.747750938086304
assessment_only	0.5	0.02	21	betweenness	0.8364399802352676
assessment_only	0.5	0.02	21	broker_fill_rate	0.9988218991700462
assessment_only	0.5	0.02	21	broker_holdout_rank	0.9618881801125703
assessment_only	0.5	0.02	21	broker_net_output_per_requested_position	4.7421676600451885
assessment_only	0.5	0.02	21	broker_selected_rank	0.9713334866009953
assessment_only	0.5	0.02	21	mean_degree	15.780149999999997
assessment_only	0.5	0.02	21	net_output_per_requested_position	4.620204651817668
assessment_only	0.5	0.02	21	outsourcing_rate	0.902695671253053
assessment_only	0.5	0.02	21	q_gap	1.2544169371549028
assessment_only	0.5	0.02	21	rank_gap	0.21413724202626647
assessment_only	0.5	0.02	21	self_fill_rate	0.9947813957860596
assessment_only	0.5	0.02	21	self_net_output_per_requested_position	3.5109263654367333
assessment_only	0.5	0.02	22	access_fraction	0.08248212260966471
assessment_only	0.5	0.02	22	agent_holdout_rank	0.6562093808630395
assessment_only	0.5	0.02	22	betweenness	0.8628043390287141
assessment_only	0.5	0.02	22	broker_fill_rate	0.9998366494853965
assessment_only	0.5	0.02	22	broker_holdout_rank	0.9772677298311445
assessment_only	0.5	0.02	22	broker_net_output_per_requested_position	4.734216104139959
assessment_only	0.5	0.02	22	broker_selected_rank	0.9609872309871852
assessment_only	0.5	0.02	22	mean_degree	15.6206
assessment_only	0.5	0.02	22	net_output_per_requested_position	4.6957073756192305
assessment_only	0.5	0.02	22	outsourcing_rate	0.9778290618021108
assessment_only	0.5	0.02	22	q_gap	1.6546011423840201
assessment_only	0.5	0.02	22	rank_gap	0.3210583489681051
assessment_only	0.5	0.02	22	self_fill_rate	0.9921308634619855
assessment_only	0.5	0.02	22	self_net_output_per_requested_position	3.0019195439447954
assessment_only	0.5	0.02	23	access_fraction	0.08637144513032345
assessment_only	0.5	0.02	23	agent_holdout_rank	0.6263272983114446
assessment_only	0.5	0.02	23	betweenness	0.8663923413306055
assessment_only	0.5	0.02	23	broker_fill_rate	0.9998171729157613
assessment_only	0.5	0.02	23	broker_holdout_rank	0.9773996247654783
assessment_only	0.5	0.02	23	broker_net_output_per_requested_position	4.346043521201542
assessment_only	0.5	0.02	23	broker_selected_rank	0.929813822461588
assessment_only	0.5	0.02	23	mean_degree	14.9104
assessment_only	0.5	0.02	23	net_output_per_requested_position	4.321428068609751
assessment_only	0.5	0.02	23	outsourcing_rate	0.9832798736135769
assessment_only	0.5	0.02	23	q_gap	1.411915072080784
assessment_only	0.5	0.02	23	rank_gap	0.35107232645403375
assessment_only	0.5	0.02	23	self_fill_rate	0.9953295240860573
assessment_only	0.5	0.02	23	self_net_output_per_requested_position	2.875480883881525
assessment_only	0.5	0.02	24	access_fraction	0.0915548620606637
assessment_only	0.5	0.02	24	agent_holdout_rank	0.6448106003752344
assessment_only	0.5	0.02	24	betweenness	0.8543954959248323
assessment_only	0.5	0.02	24	broker_fill_rate	0.9997315397600769
assessment_only	0.5	0.02	24	broker_holdout_rank	0.9816003752345216
assessment_only	0.5	0.02	24	broker_net_output_per_requested_position	4.675117065005616
assessment_only	0.5	0.02	24	broker_selected_rank	0.9657508006864349
assessment_only	0.5	0.02	24	mean_degree	15.8475
assessment_only	0.5	0.02	24	net_output_per_requested_position	4.6325689889497035
assessment_only	0.5	0.02	24	outsourcing_rate	0.9750304101574541
assessment_only	0.5	0.02	24	q_gap	1.6523625868754652
assessment_only	0.5	0.02	24	rank_gap	0.33678977485928707
assessment_only	0.5	0.02	24	self_fill_rate	0.9951650780843619
assessment_only	0.5	0.02	24	self_net_output_per_requested_position	2.981982466773878
assessment_only	0.5	0.02	25	access_fraction	0.09998011603517862
assessment_only	0.5	0.02	25	agent_holdout_rank	0.6147084427767354
assessment_only	0.5	0.02	25	betweenness	0.8295002157863907
assessment_only	0.5	0.02	25	broker_fill_rate	0.9997556216188569
assessment_only	0.5	0.02	25	broker_holdout_rank	0.9187180112570357
assessment_only	0.5	0.02	25	broker_net_output_per_requested_position	4.253360412561749
assessment_only	0.5	0.02	25	broker_selected_rank	0.9297162315861656
assessment_only	0.5	0.02	25	mean_degree	15.69795
assessment_only	0.5	0.02	25	net_output_per_requested_position	4.2301172085519685
assessment_only	0.5	0.02	25	outsourcing_rate	0.9803000855371321
assessment_only	0.5	0.02	25	q_gap	1.1326721334553498
assessment_only	0.5	0.02	25	rank_gap	0.3040095684803002
assessment_only	0.5	0.02	25	self_fill_rate	0.9955831048486893
assessment_only	0.5	0.02	25	self_net_output_per_requested_position	3.071666267217417
assessment_only	0.5	0.02	26	access_fraction	0.0944439844491794
assessment_only	0.5	0.02	26	agent_holdout_rank	0.6164997185741087
assessment_only	0.5	0.02	26	betweenness	0.8486568941820678
assessment_only	0.5	0.02	26	broker_fill_rate	0.9998389172807254
assessment_only	0.5	0.02	26	broker_holdout_rank	0.9753253283302061
assessment_only	0.5	0.02	26	broker_net_output_per_requested_position	4.281851762959435
assessment_only	0.5	0.02	26	broker_selected_rank	0.916463427597234
assessment_only	0.5	0.02	26	mean_degree	15.086400000000001
assessment_only	0.5	0.02	26	net_output_per_requested_position	4.266177687038922
assessment_only	0.5	0.02	26	outsourcing_rate	0.9872894477832771
assessment_only	0.5	0.02	26	q_gap	1.166842141370053
assessment_only	0.5	0.02	26	rank_gap	0.35882560975609745
assessment_only	0.5	0.02	26	self_fill_rate	0.9971008403361346
assessment_only	0.5	0.02	26	self_net_output_per_requested_position	3.0740851150246398
assessment_only	0.5	0.02	27	access_fraction	0.08716177883255635
assessment_only	0.5	0.02	27	agent_holdout_rank	0.6464287054409004
assessment_only	0.5	0.02	27	betweenness	0.8504133129197877
assessment_only	0.5	0.02	27	broker_fill_rate	1.0
assessment_only	0.5	0.02	27	broker_holdout_rank	0.9796454971857411
assessment_only	0.5	0.02	27	broker_net_output_per_requested_position	4.387732722534387
assessment_only	0.5	0.02	27	broker_selected_rank	0.9269719952068645
assessment_only	0.5	0.02	27	mean_degree	15.5966
assessment_only	0.5	0.02	27	net_output_per_requested_position	4.365296569384476
assessment_only	0.5	0.02	27	outsourcing_rate	0.9836331142642362
assessment_only	0.5	0.02	27	q_gap	1.3187936701812102
assessment_only	0.5	0.02	27	rank_gap	0.3332167917448407
assessment_only	0.5	0.02	27	self_fill_rate	0.9988095238095237
assessment_only	0.5	0.02	27	self_net_output_per_requested_position	3.015082697326636
assessment_only	0.5	0.02	28	access_fraction	0.09137309688780137
assessment_only	0.5	0.02	28	agent_holdout_rank	0.6874163227016886
assessment_only	0.5	0.02	28	betweenness	0.8339025449293114
assessment_only	0.5	0.02	28	broker_fill_rate	0.9994657741380767
assessment_only	0.5	0.02	28	broker_holdout_rank	0.9705717636022513
assessment_only	0.5	0.02	28	broker_net_output_per_requested_position	4.443459517238509
assessment_only	0.5	0.02	28	broker_selected_rank	0.9655733708560736
assessment_only	0.5	0.02	28	mean_degree	15.878200000000001
assessment_only	0.5	0.02	28	net_output_per_requested_position	4.363412375694009
assessment_only	0.5	0.02	28	outsourcing_rate	0.9399438629695028
assessment_only	0.5	0.02	28	q_gap	1.2647658587614414
assessment_only	0.5	0.02	28	rank_gap	0.2831554409005627
assessment_only	0.5	0.02	28	self_fill_rate	0.9943381085602278
assessment_only	0.5	0.02	28	self_net_output_per_requested_position	3.111689380050408
assessment_only	0.5	0.02	29	access_fraction	0.09379444676186326
assessment_only	0.5	0.02	29	agent_holdout_rank	0.6717513133208255
assessment_only	0.5	0.02	29	betweenness	0.8377032384725759
assessment_only	0.5	0.02	29	broker_fill_rate	0.9997738422519349
assessment_only	0.5	0.02	29	broker_holdout_rank	0.9829147279549717
assessment_only	0.5	0.02	29	broker_net_output_per_requested_position	4.514805390730347
assessment_only	0.5	0.02	29	broker_selected_rank	0.958513854589867
assessment_only	0.5	0.02	29	mean_degree	15.671850000000003
assessment_only	0.5	0.02	29	net_output_per_requested_position	4.469008687087167
assessment_only	0.5	0.02	29	outsourcing_rate	0.9733231674185145
assessment_only	0.5	0.02	29	q_gap	1.673812710599901
assessment_only	0.5	0.02	29	rank_gap	0.3111634146341463
assessment_only	0.5	0.02	29	self_fill_rate	0.9943949264871609
assessment_only	0.5	0.02	29	self_net_output_per_requested_position	2.800100274730069
assessment_only	0.5	0.02	3	access_fraction	0.09523149401575512
assessment_only	0.5	0.02	3	agent_holdout_rank	0.7182984990619138
assessment_only	0.5	0.02	3	betweenness	0.8310332361902881
assessment_only	0.5	0.02	3	broker_fill_rate	0.9983973290720982
assessment_only	0.5	0.02	3	broker_holdout_rank	0.9706777673545968
assessment_only	0.5	0.02	3	broker_net_output_per_requested_position	4.252971633598332
assessment_only	0.5	0.02	3	broker_selected_rank	0.9680988734872372
assessment_only	0.5	0.02	3	mean_degree	16.0188
assessment_only	0.5	0.02	3	net_output_per_requested_position	4.224092057478736
assessment_only	0.5	0.02	3	outsourcing_rate	0.9014525922533488
assessment_only	0.5	0.02	3	q_gap	0.45926522415494125
assessment_only	0.5	0.02	3	rank_gap	0.2523792682926829
assessment_only	0.5	0.02	3	self_fill_rate	0.9910536288380495
assessment_only	0.5	0.02	3	self_net_output_per_requested_position	3.9628949860992493
assessment_only	0.5	0.02	30	access_fraction	0.08417207851963693
assessment_only	0.5	0.02	30	agent_holdout_rank	0.7097165103189493
assessment_only	0.5	0.02	30	betweenness	0.8611794091100029
assessment_only	0.5	0.02	30	broker_fill_rate	0.9994090437525948
assessment_only	0.5	0.02	30	broker_holdout_rank	0.9805191369606006
assessment_only	0.5	0.02	30	broker_net_output_per_requested_position	4.7625012833462295
assessment_only	0.5	0.02	30	broker_selected_rank	0.9651052582546434
assessment_only	0.5	0.02	30	mean_degree	15.5926
assessment_only	0.5	0.02	30	net_output_per_requested_position	4.732123118030511
assessment_only	0.5	0.02	30	outsourcing_rate	0.9859161837887443
assessment_only	0.5	0.02	30	q_gap	2.088944685948881
assessment_only	0.5	0.02	30	rank_gap	0.27080262664165095
assessment_only	0.5	0.02	30	self_fill_rate	0.9924434489672287
assessment_only	0.5	0.02	30	self_net_output_per_requested_position	2.615577610364031
assessment_only	0.5	0.02	31	access_fraction	0.08513345593609137
assessment_only	0.5	0.02	31	agent_holdout_rank	0.6713939024390243
assessment_only	0.5	0.02	31	betweenness	0.8710814690255715
assessment_only	0.5	0.02	31	broker_fill_rate	0.9998372542235451
assessment_only	0.5	0.02	31	broker_holdout_rank	0.9744957786116322
assessment_only	0.5	0.02	31	broker_net_output_per_requested_position	4.597516234160212
assessment_only	0.5	0.02	31	broker_selected_rank	0.9418299261887227
assessment_only	0.5	0.02	31	mean_degree	15.203800000000001
assessment_only	0.5	0.02	31	net_output_per_requested_position	4.574078200195625
assessment_only	0.5	0.02	31	outsourcing_rate	0.9847684655627864
assessment_only	0.5	0.02	31	q_gap	1.4816202826312082
assessment_only	0.5	0.02	31	rank_gap	0.3031018761726079
assessment_only	0.5	0.02	31	self_fill_rate	0.9976630434782608
assessment_only	0.5	0.02	31	self_net_output_per_requested_position	3.0665771331660983
assessment_only	0.5	0.02	32	access_fraction	0.08972264314144962
assessment_only	0.5	0.02	32	agent_holdout_rank	0.6488744840525329
assessment_only	0.5	0.02	32	betweenness	0.8750290701912338
assessment_only	0.5	0.02	32	broker_fill_rate	0.9998386381437063
assessment_only	0.5	0.02	32	broker_holdout_rank	0.9713676360225142
assessment_only	0.5	0.02	32	broker_net_output_per_requested_position	4.522463629973662
assessment_only	0.5	0.02	32	broker_selected_rank	0.9413999306420069
assessment_only	0.5	0.02	32	mean_degree	14.740649999999999
assessment_only	0.5	0.02	32	net_output_per_requested_position	4.501922070880484
assessment_only	0.5	0.02	32	outsourcing_rate	0.9858939387153551
assessment_only	0.5	0.02	32	q_gap	1.406886435197656
assessment_only	0.5	0.02	32	rank_gap	0.3224931519699813
assessment_only	0.5	0.02	32	self_fill_rate	0.9984375
assessment_only	0.5	0.02	32	self_net_output_per_requested_position	3.07044602654617
assessment_only	0.5	0.02	33	access_fraction	0.08907965567630538
assessment_only	0.5	0.02	33	agent_holdout_rank	0.6596862101313321
assessment_only	0.5	0.02	33	betweenness	0.8613322540395172
assessment_only	0.5	0.02	33	broker_fill_rate	0.999754276465957
assessment_only	0.5	0.02	33	broker_holdout_rank	0.9809553470919324
assessment_only	0.5	0.02	33	broker_net_output_per_requested_position	4.572152132482179
assessment_only	0.5	0.02	33	broker_selected_rank	0.9632958026854801
assessment_only	0.5	0.02	33	mean_degree	15.3737
assessment_only	0.5	0.02	33	net_output_per_requested_position	4.534124408326861
assessment_only	0.5	0.02	33	outsourcing_rate	0.9778956450009654
assessment_only	0.5	0.02	33	q_gap	1.6533801041380087
assessment_only	0.5	0.02	33	rank_gap	0.32126913696060033
assessment_only	0.5	0.02	33	self_fill_rate	0.9927745402745402
assessment_only	0.5	0.02	33	self_net_output_per_requested_position	2.8422185308766403
assessment_only	0.5	0.02	34	access_fraction	0.08696833601221729
assessment_only	0.5	0.02	34	agent_holdout_rank	0.66333574108818
assessment_only	0.5	0.02	34	betweenness	0.8588169092359225
assessment_only	0.5	0.02	34	broker_fill_rate	0.9993534844696402
assessment_only	0.5	0.02	34	broker_holdout_rank	0.9740267354596621
assessment_only	0.5	0.02	34	broker_net_output_per_requested_position	4.415449901993123
assessment_only	0.5	0.02	34	broker_selected_rank	0.9627752537181277
assessment_only	0.5	0.02	34	mean_degree	15.5602
assessment_only	0.5	0.02	34	net_output_per_requested_position	4.351279182755112
assessment_only	0.5	0.02	34	outsourcing_rate	0.9646763812029064
assessment_only	0.5	0.02	34	q_gap	1.7142825232117034
assessment_only	0.5	0.02	34	rank_gap	0.31069099437148223
assessment_only	0.5	0.02	34	self_fill_rate	0.9819460968468217
assessment_only	0.5	0.02	34	self_net_output_per_requested_position	2.6014587319650078
assessment_only	0.5	0.02	35	access_fraction	0.09407560347313182
assessment_only	0.5	0.02	35	agent_holdout_rank	0.6191589118198875
assessment_only	0.5	0.02	35	betweenness	0.8692557850937075
assessment_only	0.5	0.02	35	broker_fill_rate	0.9999192897285878
assessment_only	0.5	0.02	35	broker_holdout_rank	0.9726812382739212
assessment_only	0.5	0.02	35	broker_net_output_per_requested_position	4.33693949247787
assessment_only	0.5	0.02	35	broker_selected_rank	0.9207601562750259
assessment_only	0.5	0.02	35	mean_degree	14.751999999999999
assessment_only	0.5	0.02	35	net_output_per_requested_position	4.312538782679803
assessment_only	0.5	0.02	35	outsourcing_rate	0.9826084599695377
assessment_only	0.5	0.02	35	q_gap	1.3424338807632168
assessment_only	0.5	0.02	35	rank_gap	0.3535223264540337
assessment_only	0.5	0.02	35	self_fill_rate	0.9980180533751962
assessment_only	0.5	0.02	35	self_net_output_per_requested_position	2.940944153518963
assessment_only	0.5	0.02	36	access_fraction	0.08477923206087215
assessment_only	0.5	0.02	36	agent_holdout_rank	0.6540112570356473
assessment_only	0.5	0.02	36	betweenness	0.8661181700079705
assessment_only	0.5	0.02	36	broker_fill_rate	0.999939615893183
assessment_only	0.5	0.02	36	broker_holdout_rank	0.9775440900562851
assessment_only	0.5	0.02	36	broker_net_output_per_requested_position	4.448044639242505
assessment_only	0.5	0.02	36	broker_selected_rank	0.9161927080808188
assessment_only	0.5	0.02	36	mean_degree	15.389300000000002
assessment_only	0.5	0.02	36	net_output_per_requested_position	4.437830590636009
assessment_only	0.5	0.02	36	outsourcing_rate	0.9920714018883648
assessment_only	0.5	0.02	36	q_gap	1.2098754004077628
assessment_only	0.5	0.02	36	rank_gap	0.3235328330206379
assessment_only	0.5	0.02	36	self_fill_rate	0.9956521739130434
assessment_only	0.5	0.02	36	self_net_output_per_requested_position	3.1720309864822136
assessment_only	0.5	0.02	37	access_fraction	0.09379863921227363
assessment_only	0.5	0.02	37	agent_holdout_rank	0.6176848030018763
assessment_only	0.5	0.02	37	betweenness	0.8416860718391481
assessment_only	0.5	0.02	37	broker_fill_rate	0.9998724039226641
assessment_only	0.5	0.02	37	broker_holdout_rank	0.9743229831144467
assessment_only	0.5	0.02	37	broker_net_output_per_requested_position	4.669860682619786
assessment_only	0.5	0.02	37	broker_selected_rank	0.9655671119547293
assessment_only	0.5	0.02	37	mean_degree	15.936599999999999
assessment_only	0.5	0.02	37	net_output_per_requested_position	4.602143559348926
assessment_only	0.5	0.02	37	outsourcing_rate	0.9525072876060223
assessment_only	0.5	0.02	37	q_gap	1.3956947509215836
assessment_only	0.5	0.02	37	rank_gap	0.3566381801125703
assessment_only	0.5	0.02	37	self_fill_rate	0.9967728048401078
assessment_only	0.5	0.02	37	self_net_output_per_requested_position	3.24551335215775
assessment_only	0.5	0.02	38	access_fraction	0.08844756092539649
assessment_only	0.5	0.02	38	agent_holdout_rank	0.6338087242026266
assessment_only	0.5	0.02	38	betweenness	0.8661761327830864
assessment_only	0.5	0.02	38	broker_fill_rate	0.9998986557499299
assessment_only	0.5	0.02	38	broker_holdout_rank	0.9822061913696061
assessment_only	0.5	0.02	38	broker_net_output_per_requested_position	4.411714623627569
assessment_only	0.5	0.02	38	broker_selected_rank	0.9429011148777343
assessment_only	0.5	0.02	38	mean_degree	15.0695
assessment_only	0.5	0.02	38	net_output_per_requested_position	4.389002554658776
assessment_only	0.5	0.02	38	outsourcing_rate	0.9844790105748913
assessment_only	0.5	0.02	38	q_gap	1.391310853721195
assessment_only	0.5	0.02	38	rank_gap	0.34839746716697945
assessment_only	0.5	0.02	38	self_fill_rate	0.9950892694313748
assessment_only	0.5	0.02	38	self_net_output_per_requested_position	2.956542853480376
assessment_only	0.5	0.02	39	access_fraction	0.090475387916632
assessment_only	0.5	0.02	39	agent_holdout_rank	0.6567087242026265
assessment_only	0.5	0.02	39	betweenness	0.8481843674426246
assessment_only	0.5	0.02	39	broker_fill_rate	0.9998371690018079
assessment_only	0.5	0.02	39	broker_holdout_rank	0.980128330206379
assessment_only	0.5	0.02	39	broker_net_output_per_requested_position	4.545737241103573
assessment_only	0.5	0.02	39	broker_selected_rank	0.9466084996476634
assessment_only	0.5	0.02	39	mean_degree	15.912200000000002
assessment_only	0.5	0.02	39	net_output_per_requested_position	4.509197961467349
assessment_only	0.5	0.02	39	outsourcing_rate	0.978705615384173
assessment_only	0.5	0.02	39	q_gap	1.6748263032848285
assessment_only	0.5	0.02	39	rank_gap	0.3234196060037526
assessment_only	0.5	0.02	39	self_fill_rate	0.9953064671814673
assessment_only	0.5	0.02	39	self_net_output_per_requested_position	2.833507536601274
assessment_only	0.5	0.02	4	access_fraction	0.09140186999272108
assessment_only	0.5	0.02	4	agent_holdout_rank	0.7046450281425891
assessment_only	0.5	0.02	4	betweenness	0.8567693630074512
assessment_only	0.5	0.02	4	broker_fill_rate	0.9992363034489907
assessment_only	0.5	0.02	4	broker_holdout_rank	0.9196760787992495
assessment_only	0.5	0.02	4	broker_net_output_per_requested_position	5.136296709007046
assessment_only	0.5	0.02	4	broker_selected_rank	0.9678758891573025
assessment_only	0.5	0.02	4	mean_degree	15.05445
assessment_only	0.5	0.02	4	net_output_per_requested_position	5.020411859569626
assessment_only	0.5	0.02	4	outsourcing_rate	0.9417463077959386
assessment_only	0.5	0.02	4	q_gap	1.9413953929517256
assessment_only	0.5	0.02	4	rank_gap	0.21503105065666048
assessment_only	0.5	0.02	4	self_fill_rate	0.9933983376918425
assessment_only	0.5	0.02	4	self_net_output_per_requested_position	3.1502510119616307
assessment_only	0.5	0.02	40	access_fraction	0.09560155152156719
assessment_only	0.5	0.02	40	agent_holdout_rank	0.5721257035647279
assessment_only	0.5	0.02	40	betweenness	0.8510348254596861
assessment_only	0.5	0.02	40	broker_fill_rate	0.9998998745410734
assessment_only	0.5	0.02	40	broker_holdout_rank	0.9806917448405251
assessment_only	0.5	0.02	40	broker_net_output_per_requested_position	4.314324566112891
assessment_only	0.5	0.02	40	broker_selected_rank	0.9497913912968665
assessment_only	0.5	0.02	40	mean_degree	15.218
assessment_only	0.5	0.02	40	net_output_per_requested_position	4.293321328408547
assessment_only	0.5	0.02	40	outsourcing_rate	0.9853992434718979
assessment_only	0.5	0.02	40	q_gap	1.3897491722277961
assessment_only	0.5	0.02	40	rank_gap	0.4085660412757973
assessment_only	0.5	0.02	40	self_fill_rate	0.9943363844393593
assessment_only	0.5	0.02	40	self_net_output_per_requested_position	2.8723356568227083
assessment_only	0.5	0.02	41	access_fraction	0.08595667282971528
assessment_only	0.5	0.02	41	agent_holdout_rank	0.6883121951219512
assessment_only	0.5	0.02	41	betweenness	0.8304229982298974
assessment_only	0.5	0.02	41	broker_fill_rate	0.9996902793511859
assessment_only	0.5	0.02	41	broker_holdout_rank	0.9791212945590992
assessment_only	0.5	0.02	41	broker_net_output_per_requested_position	4.682703834635301
assessment_only	0.5	0.02	41	broker_selected_rank	0.9586371241675608
assessment_only	0.5	0.02	41	mean_degree	16.3449
assessment_only	0.5	0.02	41	net_output_per_requested_position	4.630123564668111
assessment_only	0.5	0.02	41	outsourcing_rate	0.9712618086399143
assessment_only	0.5	0.02	41	q_gap	1.7612410604887305
assessment_only	0.5	0.02	41	rank_gap	0.29080909943714817
assessment_only	0.5	0.02	41	self_fill_rate	0.9919992744526869
assessment_only	0.5	0.02	41	self_net_output_per_requested_position	2.855708888021638
assessment_only	0.5	0.02	42	access_fraction	0.0890239611182873
assessment_only	0.5	0.02	42	agent_holdout_rank	0.6416329268292682
assessment_only	0.5	0.02	42	betweenness	0.8535081823903017
assessment_only	0.5	0.02	42	broker_fill_rate	0.9996111831204304
assessment_only	0.5	0.02	42	broker_holdout_rank	0.9753696998123825
assessment_only	0.5	0.02	42	broker_net_output_per_requested_position	4.612879353753991
assessment_only	0.5	0.02	42	broker_selected_rank	0.9561536240429381
assessment_only	0.5	0.02	42	mean_degree	15.896049999999997
assessment_only	0.5	0.02	42	net_output_per_requested_position	4.569414479443614
assessment_only	0.5	0.02	42	outsourcing_rate	0.9749139913978851
assessment_only	0.5	0.02	42	q_gap	1.6775767905281036
assessment_only	0.5	0.02	42	rank_gap	0.3337367729831144
assessment_only	0.5	0.02	42	self_fill_rate	0.9914571033969392
assessment_only	0.5	0.02	42	self_net_output_per_requested_position	2.880989395571199
assessment_only	0.5	0.02	43	access_fraction	0.09352517184170586
assessment_only	0.5	0.02	43	agent_holdout_rank	0.6658824577861163
assessment_only	0.5	0.02	43	betweenness	0.8413008934076055
assessment_only	0.5	0.02	43	broker_fill_rate	0.9997964170549899
assessment_only	0.5	0.02	43	broker_holdout_rank	0.9783993433395872
assessment_only	0.5	0.02	43	broker_net_output_per_requested_position	4.11175680673512
assessment_only	0.5	0.02	43	broker_selected_rank	0.9274396148855845
assessment_only	0.5	0.02	43	mean_degree	15.7925
assessment_only	0.5	0.02	43	net_output_per_requested_position	4.086250991679771
assessment_only	0.5	0.02	43	outsourcing_rate	0.9829666251848769
assessment_only	0.5	0.02	43	q_gap	1.4421326283390585
assessment_only	0.5	0.02	43	rank_gap	0.31251688555347107
assessment_only	0.5	0.02	43	self_fill_rate	0.9955102657004831
assessment_only	0.5	0.02	43	self_net_output_per_requested_position	2.6185724724664285
assessment_only	0.5	0.02	44	access_fraction	0.09073761359519501
assessment_only	0.5	0.02	44	agent_holdout_rank	0.6826102251407129
assessment_only	0.5	0.02	44	betweenness	0.8521891299479805
assessment_only	0.5	0.02	44	broker_fill_rate	0.999832465349286
assessment_only	0.5	0.02	44	broker_holdout_rank	0.9829374296435273
assessment_only	0.5	0.02	44	broker_net_output_per_requested_position	4.684229373528903
assessment_only	0.5	0.02	44	broker_selected_rank	0.9641632217399405
assessment_only	0.5	0.02	44	mean_degree	15.43195
assessment_only	0.5	0.02	44	net_output_per_requested_position	4.619604607810284
assessment_only	0.5	0.02	44	outsourcing_rate	0.9636408805545276
assessment_only	0.5	0.02	44	q_gap	1.7068448070824853
assessment_only	0.5	0.02	44	rank_gap	0.3003272045028142
assessment_only	0.5	0.02	44	self_fill_rate	0.9960315986909333
assessment_only	0.5	0.02	44	self_net_output_per_requested_position	2.9077216949239832
assessment_only	0.5	0.02	45	access_fraction	0.09386215796335426
assessment_only	0.5	0.02	45	agent_holdout_rank	0.6717067542213885
assessment_only	0.5	0.02	45	betweenness	0.8370541975217641
assessment_only	0.5	0.02	45	broker_fill_rate	0.999671124504648
assessment_only	0.5	0.02	45	broker_holdout_rank	0.9722024390243904
assessment_only	0.5	0.02	45	broker_net_output_per_requested_position	4.4212995097583505
assessment_only	0.5	0.02	45	broker_selected_rank	0.954183191699666
assessment_only	0.5	0.02	45	mean_degree	15.9282
assessment_only	0.5	0.02	45	net_output_per_requested_position	4.37913630839336
assessment_only	0.5	0.02	45	outsourcing_rate	0.9743397996227552
assessment_only	0.5	0.02	45	q_gap	1.5781982402077115
assessment_only	0.5	0.02	45	rank_gap	0.30049568480300193
assessment_only	0.5	0.02	45	self_fill_rate	0.9943140199843098
assessment_only	0.5	0.02	45	self_net_output_per_requested_position	2.7811342973305857
assessment_only	0.5	0.02	46	access_fraction	0.0967949939181081
assessment_only	0.5	0.02	46	agent_holdout_rank	0.6597051594746717
assessment_only	0.5	0.02	46	betweenness	0.8342721611697634
assessment_only	0.5	0.02	46	broker_fill_rate	0.9995339524165342
assessment_only	0.5	0.02	46	broker_holdout_rank	0.9745462476547841
assessment_only	0.5	0.02	46	broker_net_output_per_requested_position	4.5576948328728175
assessment_only	0.5	0.02	46	broker_selected_rank	0.9744263963414317
assessment_only	0.5	0.02	46	mean_degree	16.091450000000002
assessment_only	0.5	0.02	46	net_output_per_requested_position	4.4719225335205675
assessment_only	0.5	0.02	46	outsourcing_rate	0.948652477705749
assessment_only	0.5	0.02	46	q_gap	1.5967434646423269
assessment_only	0.5	0.02	46	rank_gap	0.3148410881801124
assessment_only	0.5	0.02	46	self_fill_rate	0.9936343259907374
assessment_only	0.5	0.02	46	self_net_output_per_requested_position	2.8912253499176184
assessment_only	0.5	0.02	47	access_fraction	0.08117205825025323
assessment_only	0.5	0.02	47	agent_holdout_rank	0.6534441838649155
assessment_only	0.5	0.02	47	betweenness	0.8587895502328327
assessment_only	0.5	0.02	47	broker_fill_rate	0.9996711723445975
assessment_only	0.5	0.02	47	broker_holdout_rank	0.9814762664165103
assessment_only	0.5	0.02	47	broker_net_output_per_requested_position	4.885720783459469
assessment_only	0.5	0.02	47	broker_selected_rank	0.9633771701720704
assessment_only	0.5	0.02	47	mean_degree	14.878150000000002
assessment_only	0.5	0.02	47	net_output_per_requested_position	4.839859903099535
assessment_only	0.5	0.02	47	outsourcing_rate	0.9737758737909787
assessment_only	0.5	0.02	47	q_gap	1.6952673222692636
assessment_only	0.5	0.02	47	rank_gap	0.3280320825515947
assessment_only	0.5	0.02	47	self_fill_rate	0.9957351249494428
assessment_only	0.5	0.02	47	self_net_output_per_requested_position	3.1403719365210208
assessment_only	0.5	0.02	48	access_fraction	0.0928688586411134
assessment_only	0.5	0.02	48	agent_holdout_rank	0.5831158536585366
assessment_only	0.5	0.02	48	betweenness	0.8073184432568548
assessment_only	0.5	0.02	48	broker_fill_rate	0.9994816391176432
assessment_only	0.5	0.02	48	broker_holdout_rank	0.9783847091932456
assessment_only	0.5	0.02	48	broker_net_output_per_requested_position	4.358143420635921
assessment_only	0.5	0.02	48	broker_selected_rank	0.9468541539504992
assessment_only	0.5	0.02	48	mean_degree	15.546349999999995
assessment_only	0.5	0.02	48	net_output_per_requested_position	4.318885594276005
assessment_only	0.5	0.02	48	outsourcing_rate	0.9703878996029502
assessment_only	0.5	0.02	48	q_gap	1.2983950246992189
assessment_only	0.5	0.02	48	rank_gap	0.3952688555347091
assessment_only	0.5	0.02	48	self_fill_rate	0.9937958654000321
assessment_only	0.5	0.02	48	self_net_output_per_requested_position	3.034545389490935
assessment_only	0.5	0.02	49	access_fraction	0.09578627713360167
assessment_only	0.5	0.02	49	agent_holdout_rank	0.6255210131332082
assessment_only	0.5	0.02	49	betweenness	0.8436174010600885
assessment_only	0.5	0.02	49	broker_fill_rate	0.999796763565721
assessment_only	0.5	0.02	49	broker_holdout_rank	0.9734859287054409
assessment_only	0.5	0.02	49	broker_net_output_per_requested_position	4.448576367958688
assessment_only	0.5	0.02	49	broker_selected_rank	0.9523948863555104
assessment_only	0.5	0.02	49	mean_degree	15.34505
assessment_only	0.5	0.02	49	net_output_per_requested_position	4.41358011126581
assessment_only	0.5	0.02	49	outsourcing_rate	0.9801598302151504
assessment_only	0.5	0.02	49	q_gap	1.6998160326651273
assessment_only	0.5	0.02	49	rank_gap	0.3479649155722327
assessment_only	0.5	0.02	49	self_fill_rate	0.9959693933521045
assessment_only	0.5	0.02	49	self_net_output_per_requested_position	2.692361294064793
assessment_only	0.5	0.02	5	access_fraction	0.0899393004588918
assessment_only	0.5	0.02	5	agent_holdout_rank	0.6588503752345216
assessment_only	0.5	0.02	5	betweenness	0.8670907973023022
assessment_only	0.5	0.02	5	broker_fill_rate	0.9999594719378277
assessment_only	0.5	0.02	5	broker_holdout_rank	0.974495028142589
assessment_only	0.5	0.02	5	broker_net_output_per_requested_position	4.495396887149401
assessment_only	0.5	0.02	5	broker_selected_rank	0.9074439297697119
assessment_only	0.5	0.02	5	mean_degree	14.712200000000001
assessment_only	0.5	0.02	5	net_output_per_requested_position	4.477672359535527
assessment_only	0.5	0.02	5	outsourcing_rate	0.9833426649555139
assessment_only	0.5	0.02	5	q_gap	1.0169586851289447
assessment_only	0.5	0.02	5	rank_gap	0.31564465290806754
assessment_only	0.5	0.02	5	self_fill_rate	1.0
assessment_only	0.5	0.02	5	self_net_output_per_requested_position	3.43744177450006
assessment_only	0.5	0.02	50	access_fraction	0.08766895604909011
assessment_only	0.5	0.02	50	agent_holdout_rank	0.6967413696060037
assessment_only	0.5	0.02	50	betweenness	0.8602428724949485
assessment_only	0.5	0.02	50	broker_fill_rate	0.999547944866762
assessment_only	0.5	0.02	50	broker_holdout_rank	0.970029549718574
assessment_only	0.5	0.02	50	broker_net_output_per_requested_position	4.7597638334482175
assessment_only	0.5	0.02	50	broker_selected_rank	0.962835518418883
assessment_only	0.5	0.02	50	mean_degree	15.402899999999999
assessment_only	0.5	0.02	50	net_output_per_requested_position	4.711774300355303
assessment_only	0.5	0.02	50	outsourcing_rate	0.9728590781021765
assessment_only	0.5	0.02	50	q_gap	1.7187989501174894
assessment_only	0.5	0.02	50	rank_gap	0.27328818011257033
assessment_only	0.5	0.02	50	self_fill_rate	0.9954291763784087
assessment_only	0.5	0.02	50	self_net_output_per_requested_position	2.9945757895130827
assessment_only	0.5	0.02	6	access_fraction	0.08820793806796397
assessment_only	0.5	0.02	6	agent_holdout_rank	0.6309028142589117
assessment_only	0.5	0.02	6	betweenness	0.8604639088039866
assessment_only	0.5	0.02	6	broker_fill_rate	0.9996512205052188
assessment_only	0.5	0.02	6	broker_holdout_rank	0.9765465290806755
assessment_only	0.5	0.02	6	broker_net_output_per_requested_position	4.663495909471694
assessment_only	0.5	0.02	6	broker_selected_rank	0.9633937043007187
assessment_only	0.5	0.02	6	mean_degree	15.442600000000002
assessment_only	0.5	0.02	6	net_output_per_requested_position	4.62089791820379
assessment_only	0.5	0.02	6	outsourcing_rate	0.9745309555123918
assessment_only	0.5	0.02	6	q_gap	1.6119909043114302
assessment_only	0.5	0.02	6	rank_gap	0.34564371482176365
assessment_only	0.5	0.02	6	self_fill_rate	0.9939175221821832
assessment_only	0.5	0.02	6	self_net_output_per_requested_position	2.990678439020066
assessment_only	0.5	0.02	7	access_fraction	0.09023432017295961
assessment_only	0.5	0.02	7	agent_holdout_rank	0.7158348968105066
assessment_only	0.5	0.02	7	betweenness	0.8230092065984348
assessment_only	0.5	0.02	7	broker_fill_rate	0.9997205017778811
assessment_only	0.5	0.02	7	broker_holdout_rank	0.9789807692307694
assessment_only	0.5	0.02	7	broker_net_output_per_requested_position	4.383615992902625
assessment_only	0.5	0.02	7	broker_selected_rank	0.9594290413969857
assessment_only	0.5	0.02	7	mean_degree	16.46915
assessment_only	0.5	0.02	7	net_output_per_requested_position	4.3105995609143255
assessment_only	0.5	0.02	7	outsourcing_rate	0.9309228754680783
assessment_only	0.5	0.02	7	q_gap	1.0672543182375689
assessment_only	0.5	0.02	7	rank_gap	0.2631458724202626
assessment_only	0.5	0.02	7	self_fill_rate	0.9947748255608811
assessment_only	0.5	0.02	7	self_net_output_per_requested_position	3.3280058660682874
assessment_only	0.5	0.02	8	access_fraction	0.08892582828784454
assessment_only	0.5	0.02	8	agent_holdout_rank	0.6716979362101314
assessment_only	0.5	0.02	8	betweenness	0.8373647820065493
assessment_only	0.5	0.02	8	broker_fill_rate	0.9997961190752985
assessment_only	0.5	0.02	8	broker_holdout_rank	0.9861786116322702
assessment_only	0.5	0.02	8	broker_net_output_per_requested_position	4.316251795424742
assessment_only	0.5	0.02	8	broker_selected_rank	0.9394141107440321
assessment_only	0.5	0.02	8	mean_degree	15.637900000000002
assessment_only	0.5	0.02	8	net_output_per_requested_position	4.294133606406606
assessment_only	0.5	0.02	8	outsourcing_rate	0.9848004215511559
assessment_only	0.5	0.02	8	q_gap	1.3915727314753727
assessment_only	0.5	0.02	8	rank_gap	0.31448067542213876
assessment_only	0.5	0.02	8	self_fill_rate	0.9939823101968545
assessment_only	0.5	0.02	8	self_net_output_per_requested_position	2.8702980556899873
assessment_only	0.5	0.02	9	access_fraction	0.08821934634592017
assessment_only	0.5	0.02	9	agent_holdout_rank	0.6447095684803001
assessment_only	0.5	0.02	9	betweenness	0.8569901129709777
assessment_only	0.5	0.02	9	broker_fill_rate	0.9988436370960179
assessment_only	0.5	0.02	9	broker_holdout_rank	0.9767484052532834
assessment_only	0.5	0.02	9	broker_net_output_per_requested_position	4.608761026424391
assessment_only	0.5	0.02	9	broker_selected_rank	0.9714818048984128
assessment_only	0.5	0.02	9	mean_degree	15.569700000000001
assessment_only	0.5	0.02	9	net_output_per_requested_position	4.556102003537839
assessment_only	0.5	0.02	9	outsourcing_rate	0.9727788588023447
assessment_only	0.5	0.02	9	q_gap	1.8710587813564317
assessment_only	0.5	0.02	9	rank_gap	0.33203883677298324
assessment_only	0.5	0.02	9	self_fill_rate	0.9881803014899958
assessment_only	0.5	0.02	9	self_net_output_per_requested_position	2.6735687137269912
assessment_only	0.5	0.03	1	access_fraction	0.12501563411001687
assessment_only	0.5	0.03	1	agent_holdout_rank	0.664939305816135
assessment_only	0.5	0.03	1	betweenness	0.8780047256009006
assessment_only	0.5	0.03	1	broker_fill_rate	0.9997953199849381
assessment_only	0.5	0.03	1	broker_holdout_rank	0.9826639774859288
assessment_only	0.5	0.03	1	broker_net_output_per_requested_position	4.643469107608383
assessment_only	0.5	0.03	1	broker_selected_rank	0.9632021955937555
assessment_only	0.5	0.03	1	mean_degree	14.38285
assessment_only	0.5	0.03	1	net_output_per_requested_position	4.612509363506857
assessment_only	0.5	0.03	1	outsourcing_rate	0.9829264964767331
assessment_only	0.5	0.03	1	q_gap	1.7540054003653562
assessment_only	0.5	0.03	1	rank_gap	0.31772467166979357
assessment_only	0.5	0.03	1	self_fill_rate	0.9989795918367348
assessment_only	0.5	0.03	1	self_net_output_per_requested_position	2.833370110176961
assessment_only	0.5	0.03	10	access_fraction	0.13171325711404558
assessment_only	0.5	0.03	10	agent_holdout_rank	0.6282821763602252
assessment_only	0.5	0.03	10	betweenness	0.857323528329154
assessment_only	0.5	0.03	10	broker_fill_rate	0.9996910253037509
assessment_only	0.5	0.03	10	broker_holdout_rank	0.9806659474671668
assessment_only	0.5	0.03	10	broker_net_output_per_requested_position	4.390694307702263
assessment_only	0.5	0.03	10	broker_selected_rank	0.9697543899540685
assessment_only	0.5	0.03	10	mean_degree	14.513399999999999
assessment_only	0.5	0.03	10	net_output_per_requested_position	4.346274290036909
assessment_only	0.5	0.03	10	outsourcing_rate	0.9748858225907299
assessment_only	0.5	0.03	10	q_gap	1.6669205777053768
assessment_only	0.5	0.03	10	rank_gap	0.3523837711069417
assessment_only	0.5	0.03	10	self_fill_rate	0.9871614477035255
assessment_only	0.5	0.03	10	self_net_output_per_requested_position	2.630418654354494
assessment_only	0.5	0.03	11	access_fraction	0.121486747668311
assessment_only	0.5	0.03	11	agent_holdout_rank	0.6606231707317073
assessment_only	0.5	0.03	11	betweenness	0.8873509026010664
assessment_only	0.5	0.03	11	broker_fill_rate	0.9997339064226832
assessment_only	0.5	0.03	11	broker_holdout_rank	0.9670515947467166
assessment_only	0.5	0.03	11	broker_net_output_per_requested_position	4.691073892558217
assessment_only	0.5	0.03	11	broker_selected_rank	0.9520859065352123
assessment_only	0.5	0.03	11	mean_degree	14.1356
assessment_only	0.5	0.03	11	net_output_per_requested_position	4.6576210821443
assessment_only	0.5	0.03	11	outsourcing_rate	0.9819213697394609
assessment_only	0.5	0.03	11	q_gap	1.781675338631403
assessment_only	0.5	0.03	11	rank_gap	0.30642842401500936
assessment_only	0.5	0.03	11	self_fill_rate	0.9936295254535086
assessment_only	0.5	0.03	11	self_net_output_per_requested_position	2.835017670210152
assessment_only	0.5	0.03	12	access_fraction	0.11477814081203053
assessment_only	0.5	0.03	12	agent_holdout_rank	0.6114487804878049
assessment_only	0.5	0.03	12	betweenness	0.8753520161436101
assessment_only	0.5	0.03	12	broker_fill_rate	0.999816917747512
assessment_only	0.5	0.03	12	broker_holdout_rank	0.9783151969981241
assessment_only	0.5	0.03	12	broker_net_output_per_requested_position	4.66351277438898
assessment_only	0.5	0.03	12	broker_selected_rank	0.9629276832102696
assessment_only	0.5	0.03	12	mean_degree	14.413750000000002
assessment_only	0.5	0.03	12	net_output_per_requested_position	4.638174816331077
assessment_only	0.5	0.03	12	outsourcing_rate	0.9855917067706251
assessment_only	0.5	0.03	12	q_gap	1.677017541742916
assessment_only	0.5	0.03	12	rank_gap	0.36686641651031904
assessment_only	0.5	0.03	12	self_fill_rate	0.9964470994122155
assessment_only	0.5	0.03	12	self_net_output_per_requested_position	2.9209759470598815
assessment_only	0.5	0.03	13	access_fraction	0.12122009071694495
assessment_only	0.5	0.03	13	agent_holdout_rank	0.6443632270168855
assessment_only	0.5	0.03	13	betweenness	0.8800775728132721
assessment_only	0.5	0.03	13	broker_fill_rate	0.9997144171039187
assessment_only	0.5	0.03	13	broker_holdout_rank	0.9753507504690433
assessment_only	0.5	0.03	13	broker_net_output_per_requested_position	4.784877928913471
assessment_only	0.5	0.03	13	broker_selected_rank	0.9712019599776399
assessment_only	0.5	0.03	13	mean_degree	14.306599999999998
assessment_only	0.5	0.03	13	net_output_per_requested_position	4.743966790872782
assessment_only	0.5	0.03	13	outsourcing_rate	0.9785696832837422
assessment_only	0.5	0.03	13	q_gap	1.831502076784896
assessment_only	0.5	0.03	13	rank_gap	0.3309875234521576
assessment_only	0.5	0.03	13	self_fill_rate	0.991131229807127
assessment_only	0.5	0.03	13	self_net_output_per_requested_position	2.87521758355661
assessment_only	0.5	0.03	14	access_fraction	0.12558806390200666
assessment_only	0.5	0.03	14	agent_holdout_rank	0.6981351782363976
assessment_only	0.5	0.03	14	betweenness	0.8737552852671315
assessment_only	0.5	0.03	14	broker_fill_rate	0.998705828783471
assessment_only	0.5	0.03	14	broker_holdout_rank	0.9722717636022514
assessment_only	0.5	0.03	14	broker_net_output_per_requested_position	4.224880002583978
assessment_only	0.5	0.03	14	broker_selected_rank	0.9347178975380851
assessment_only	0.5	0.03	14	mean_degree	13.8542
assessment_only	0.5	0.03	14	net_output_per_requested_position	4.1556750815402435
assessment_only	0.5	0.03	14	outsourcing_rate	0.9605943300125478
assessment_only	0.5	0.03	14	q_gap	1.6710212833145857
assessment_only	0.5	0.03	14	rank_gap	0.2741365853658536
assessment_only	0.5	0.03	14	self_fill_rate	0.9892303967725621
assessment_only	0.5	0.03	14	self_net_output_per_requested_position	2.4728764366184808
assessment_only	0.5	0.03	15	access_fraction	0.11844751192076945
assessment_only	0.5	0.03	15	agent_holdout_rank	0.6005196060037523
assessment_only	0.5	0.03	15	betweenness	0.8718131083363361
assessment_only	0.5	0.03	15	broker_fill_rate	0.9997961332725825
assessment_only	0.5	0.03	15	broker_holdout_rank	0.9799178236397749
assessment_only	0.5	0.03	15	broker_net_output_per_requested_position	4.2608635394373655
assessment_only	0.5	0.03	15	broker_selected_rank	0.9353028859083427
assessment_only	0.5	0.03	15	mean_degree	14.133000000000001
assessment_only	0.5	0.03	15	net_output_per_requested_position	4.238845749448249
assessment_only	0.5	0.03	15	outsourcing_rate	0.9837235292664925
assessment_only	0.5	0.03	15	q_gap	1.3059721089453276
assessment_only	0.5	0.03	15	rank_gap	0.37939821763602255
assessment_only	0.5	0.03	15	self_fill_rate	0.9972794117647059
assessment_only	0.5	0.03	15	self_net_output_per_requested_position	2.9068187072887586
assessment_only	0.5	0.03	16	access_fraction	0.12149881081661511
assessment_only	0.5	0.03	16	agent_holdout_rank	0.6094129455909942
assessment_only	0.5	0.03	16	betweenness	0.8784822446602343
assessment_only	0.5	0.03	16	broker_fill_rate	0.9999392215984539
assessment_only	0.5	0.03	16	broker_holdout_rank	0.9813312382739212
assessment_only	0.5	0.03	16	broker_net_output_per_requested_position	4.256260868945187
assessment_only	0.5	0.03	16	broker_selected_rank	0.9384887258646544
assessment_only	0.5	0.03	16	mean_degree	14.21705
assessment_only	0.5	0.03	16	net_output_per_requested_position	4.235913941537503
assessment_only	0.5	0.03	16	outsourcing_rate	0.9864216940575984
assessment_only	0.5	0.03	16	q_gap	1.4242042594401012
assessment_only	0.5	0.03	16	rank_gap	0.37191829268292687
assessment_only	0.5	0.03	16	self_fill_rate	0.9932275411926575
assessment_only	0.5	0.03	16	self_net_output_per_requested_position	2.7692607386428616
assessment_only	0.5	0.03	17	access_fraction	0.11926191608237846
assessment_only	0.5	0.03	17	agent_holdout_rank	0.6158087242026267
assessment_only	0.5	0.03	17	betweenness	0.8775448529187753
assessment_only	0.5	0.03	17	broker_fill_rate	0.9997973434363188
assessment_only	0.5	0.03	17	broker_holdout_rank	0.9706095684803003
assessment_only	0.5	0.03	17	broker_net_output_per_requested_position	4.4838635073478255
assessment_only	0.5	0.03	17	broker_selected_rank	0.953106928087878
assessment_only	0.5	0.03	17	mean_degree	14.083249999999998
assessment_only	0.5	0.03	17	net_output_per_requested_position	4.4629077000362996
assessment_only	0.5	0.03	17	outsourcing_rate	0.987188191231074
assessment_only	0.5	0.03	17	q_gap	1.5540976539068825
assessment_only	0.5	0.03	17	rank_gap	0.3548008442776736
assessment_only	0.5	0.03	17	self_fill_rate	0.9950091575091576
assessment_only	0.5	0.03	17	self_net_output_per_requested_position	2.85393672901731
assessment_only	0.5	0.03	18	access_fraction	0.11804024790390585
assessment_only	0.5	0.03	18	agent_holdout_rank	0.6812466228893058
assessment_only	0.5	0.03	18	betweenness	0.8691136477512842
assessment_only	0.5	0.03	18	broker_fill_rate	0.9998371016193444
assessment_only	0.5	0.03	18	broker_holdout_rank	0.9699870544090053
assessment_only	0.5	0.03	18	broker_net_output_per_requested_position	4.76390105323314
assessment_only	0.5	0.03	18	broker_selected_rank	0.9693339426759481
assessment_only	0.5	0.03	18	mean_degree	14.8012
assessment_only	0.5	0.03	18	net_output_per_requested_position	4.717710295378142
assessment_only	0.5	0.03	18	outsourcing_rate	0.9761038694221094
assessment_only	0.5	0.03	18	q_gap	1.8699261249322827
assessment_only	0.5	0.03	18	rank_gap	0.28874043151969975
assessment_only	0.5	0.03	18	self_fill_rate	0.995663317409673
assessment_only	0.5	0.03	18	self_net_output_per_requested_position	2.836431254545947
assessment_only	0.5	0.03	19	access_fraction	0.11620299701062728
assessment_only	0.5	0.03	19	agent_holdout_rank	0.6314361163227018
assessment_only	0.5	0.03	19	betweenness	0.8870944363476658
assessment_only	0.5	0.03	19	broker_fill_rate	0.9998363972468184
assessment_only	0.5	0.03	19	broker_holdout_rank	0.9839763602251406
assessment_only	0.5	0.03	19	broker_net_output_per_requested_position	4.326507719596428
assessment_only	0.5	0.03	19	broker_selected_rank	0.9524537620745909
assessment_only	0.5	0.03	19	mean_degree	13.982750000000001
assessment_only	0.5	0.03	19	net_output_per_requested_position	4.3062936801710245
assessment_only	0.5	0.03	19	outsourcing_rate	0.9871171135910428
assessment_only	0.5	0.03	19	q_gap	1.5622463480612856
assessment_only	0.5	0.03	19	rank_gap	0.352540243902439
assessment_only	0.5	0.03	19	self_fill_rate	0.9867395356642994
assessment_only	0.5	0.03	19	self_net_output_per_requested_position	2.7750904222532626
assessment_only	0.5	0.03	2	access_fraction	0.11614290691235243
assessment_only	0.5	0.03	2	agent_holdout_rank	0.67461191369606
assessment_only	0.5	0.03	2	betweenness	0.8750677696137374
assessment_only	0.5	0.03	2	broker_fill_rate	0.9995343534594546
assessment_only	0.5	0.03	2	broker_holdout_rank	0.9638431519699813
assessment_only	0.5	0.03	2	broker_net_output_per_requested_position	4.407091599448292
assessment_only	0.5	0.03	2	broker_selected_rank	0.9401397705604347
assessment_only	0.5	0.03	2	mean_degree	14.543099999999999
assessment_only	0.5	0.03	2	net_output_per_requested_position	4.384435821118371
assessment_only	0.5	0.03	2	outsourcing_rate	0.9831248846990951
assessment_only	0.5	0.03	2	q_gap	1.3078082281839083
assessment_only	0.5	0.03	2	rank_gap	0.28923123827392133
assessment_only	0.5	0.03	2	self_fill_rate	0.9954937343358397
assessment_only	0.5	0.03	2	self_net_output_per_requested_position	3.072445640526058
assessment_only	0.5	0.03	20	access_fraction	0.11366477929444727
assessment_only	0.5	0.03	20	agent_holdout_rank	0.6051254221388368
assessment_only	0.5	0.03	20	betweenness	0.8972571389077597
assessment_only	0.5	0.03	20	broker_fill_rate	0.9998794145113337
assessment_only	0.5	0.03	20	broker_holdout_rank	0.9788854596622889
assessment_only	0.5	0.03	20	broker_net_output_per_requested_position	4.293974050156547
assessment_only	0.5	0.03	20	broker_selected_rank	0.9042263826842925
assessment_only	0.5	0.03	20	mean_degree	13.68265
assessment_only	0.5	0.03	20	net_output_per_requested_position	4.286284261666135
assessment_only	0.5	0.03	20	outsourcing_rate	0.9944857304998896
assessment_only	0.5	0.03	20	q_gap	1.329996780587026
assessment_only	0.5	0.03	20	rank_gap	0.37376003752345227
assessment_only	0.5	0.03	20	self_fill_rate	1.0
assessment_only	0.5	0.03	20	self_net_output_per_requested_position	2.9156541582885724
assessment_only	0.5	0.03	3	access_fraction	0.12379178740422436
assessment_only	0.5	0.03	3	agent_holdout_rank	0.7132115384615385
assessment_only	0.5	0.03	3	betweenness	0.8705789862445599
assessment_only	0.5	0.03	3	broker_fill_rate	0.998590302503424
assessment_only	0.5	0.03	3	broker_holdout_rank	0.9701341463414636
assessment_only	0.5	0.03	3	broker_net_output_per_requested_position	4.279599247201413
assessment_only	0.5	0.03	3	broker_selected_rank	0.969097637406092
assessment_only	0.5	0.03	3	mean_degree	14.6751
assessment_only	0.5	0.03	3	net_output_per_requested_position	4.200289400298216
assessment_only	0.5	0.03	3	outsourcing_rate	0.9508311880324403
assessment_only	0.5	0.03	3	q_gap	1.542848914938221
assessment_only	0.5	0.03	3	rank_gap	0.2569226078799251
assessment_only	0.5	0.03	3	self_fill_rate	0.9793832206239665
assessment_only	0.5	0.03	3	self_net_output_per_requested_position	2.6690952624037503
assessment_only	0.5	0.03	4	access_fraction	0.11714719630695243
assessment_only	0.5	0.03	4	agent_holdout_rank	0.6772864915572232
assessment_only	0.5	0.03	4	betweenness	0.8887694279628411
assessment_only	0.5	0.03	4	broker_fill_rate	0.999356133000281
assessment_only	0.5	0.03	4	broker_holdout_rank	0.9605090056285176
assessment_only	0.5	0.03	4	broker_net_output_per_requested_position	5.056444495268822
assessment_only	0.5	0.03	4	broker_selected_rank	0.9686318196739716
assessment_only	0.5	0.03	4	mean_degree	13.6595
assessment_only	0.5	0.03	4	net_output_per_requested_position	4.983562120318738
assessment_only	0.5	0.03	4	outsourcing_rate	0.9644420587529858
assessment_only	0.5	0.03	4	q_gap	2.0178424663918784
assessment_only	0.5	0.03	4	rank_gap	0.2832225140712944
assessment_only	0.5	0.03	4	self_fill_rate	0.9925543835524653
assessment_only	0.5	0.03	4	self_net_output_per_requested_position	3.0062630712949856
assessment_only	0.5	0.03	5	access_fraction	0.11113124383874644
assessment_only	0.5	0.03	5	agent_holdout_rank	0.6532056285178236
assessment_only	0.5	0.03	5	betweenness	0.8792963975975464
assessment_only	0.5	0.03	5	broker_fill_rate	0.9999602456410068
assessment_only	0.5	0.03	5	broker_holdout_rank	0.9758915572232645
assessment_only	0.5	0.03	5	broker_net_output_per_requested_position	4.440375226748783
assessment_only	0.5	0.03	5	broker_selected_rank	0.9183426406790524
assessment_only	0.5	0.03	5	mean_degree	14.356749999999996
assessment_only	0.5	0.03	5	net_output_per_requested_position	4.429625509486938
assessment_only	0.5	0.03	5	outsourcing_rate	0.9920727611033507
assessment_only	0.5	0.03	5	q_gap	1.2885607723795198
assessment_only	0.5	0.03	5	rank_gap	0.3226859287054409
assessment_only	0.5	0.03	5	self_fill_rate	0.9978260869565216
assessment_only	0.5	0.03	5	self_net_output_per_requested_position	3.0987692653975247
assessment_only	0.5	0.03	6	access_fraction	0.11887171733276214
assessment_only	0.5	0.03	6	agent_holdout_rank	0.6166512195121951
assessment_only	0.5	0.03	6	betweenness	0.8889559692724871
assessment_only	0.5	0.03	6	broker_fill_rate	0.9997743696405201
assessment_only	0.5	0.03	6	broker_holdout_rank	0.9813053470919325
assessment_only	0.5	0.03	6	broker_net_output_per_requested_position	4.635063118352056
assessment_only	0.5	0.03	6	broker_selected_rank	0.9618703014593649
assessment_only	0.5	0.03	6	mean_degree	14.0177
assessment_only	0.5	0.03	6	net_output_per_requested_position	4.601359559060368
assessment_only	0.5	0.03	6	outsourcing_rate	0.9806146868586977
assessment_only	0.5	0.03	6	q_gap	1.6583088982088359
assessment_only	0.5	0.03	6	rank_gap	0.36465412757973736
assessment_only	0.5	0.03	6	self_fill_rate	0.9935185903847937
assessment_only	0.5	0.03	6	self_net_output_per_requested_position	2.896971533897994
assessment_only	0.5	0.03	7	access_fraction	0.12605563704194947
assessment_only	0.5	0.03	7	agent_holdout_rank	0.6673290806754221
assessment_only	0.5	0.03	7	betweenness	0.8493789708800767
assessment_only	0.5	0.03	7	broker_fill_rate	0.999750827662826
assessment_only	0.5	0.03	7	broker_holdout_rank	0.9807121951219513
assessment_only	0.5	0.03	7	broker_net_output_per_requested_position	4.275549252473445
assessment_only	0.5	0.03	7	broker_selected_rank	0.9562602436565424
assessment_only	0.5	0.03	7	mean_degree	14.91625
assessment_only	0.5	0.03	7	net_output_per_requested_position	4.231777984401576
assessment_only	0.5	0.03	7	outsourcing_rate	0.970612619622047
assessment_only	0.5	0.03	7	q_gap	1.4240711297202386
assessment_only	0.5	0.03	7	rank_gap	0.3133831144465292
assessment_only	0.5	0.03	7	self_fill_rate	0.9917449585007407
assessment_only	0.5	0.03	7	self_net_output_per_requested_position	2.788588300785242
assessment_only	0.5	0.03	8	access_fraction	0.12397363186417829
assessment_only	0.5	0.03	8	agent_holdout_rank	0.6722856472795498
assessment_only	0.5	0.03	8	betweenness	0.8544307191057443
assessment_only	0.5	0.03	8	broker_fill_rate	0.9982997984058926
assessment_only	0.5	0.03	8	broker_holdout_rank	0.9630951219512195
assessment_only	0.5	0.03	8	broker_net_output_per_requested_position	4.202559903526167
assessment_only	0.5	0.03	8	broker_selected_rank	0.9323708133172302
assessment_only	0.5	0.03	8	mean_degree	14.530750000000001
assessment_only	0.5	0.03	8	net_output_per_requested_position	4.147253204189157
assessment_only	0.5	0.03	8	outsourcing_rate	0.9622555855724114
assessment_only	0.5	0.03	8	q_gap	1.3904573559970264
assessment_only	0.5	0.03	8	rank_gap	0.2908094746716699
assessment_only	0.5	0.03	8	self_fill_rate	0.9933728581897412
assessment_only	0.5	0.03	8	self_net_output_per_requested_position	2.7507804240824725
assessment_only	0.5	0.03	9	access_fraction	0.12029271448931678
assessment_only	0.5	0.03	9	agent_holdout_rank	0.6321891181988744
assessment_only	0.5	0.03	9	betweenness	0.8808224367210805
assessment_only	0.5	0.03	9	broker_fill_rate	0.999508303831259
assessment_only	0.5	0.03	9	broker_holdout_rank	0.9811764540337713
assessment_only	0.5	0.03	9	broker_net_output_per_requested_position	4.477576516284603
assessment_only	0.5	0.03	9	broker_selected_rank	0.9671583226119825
assessment_only	0.5	0.03	9	mean_degree	14.1952
assessment_only	0.5	0.03	9	net_output_per_requested_position	4.4374554420409895
assessment_only	0.5	0.03	9	outsourcing_rate	0.9797583452590712
assessment_only	0.5	0.03	9	q_gap	1.9100360274671773
assessment_only	0.5	0.03	9	rank_gap	0.34898733583489683
assessment_only	0.5	0.03	9	self_fill_rate	0.9857569279529368
assessment_only	0.5	0.03	9	self_net_output_per_requested_position	2.5100462292702193
assessment_only	1.0	0.0	1	access_fraction	0.000966319861335918
assessment_only	1.0	0.0	1	agent_holdout_rank	0.7662603189493433
assessment_only	1.0	0.0	1	betweenness	0.04346173369587574
assessment_only	1.0	0.0	1	broker_fill_rate	1.0
assessment_only	1.0	0.0	1	broker_holdout_rank	0.9336755159474673
assessment_only	1.0	0.0	1	broker_net_output_per_requested_position	3.620558128518133
assessment_only	1.0	0.0	1	broker_selected_rank	0.7767895107711085
assessment_only	1.0	0.0	1	mean_degree	50.805550000000004
assessment_only	1.0	0.0	1	net_output_per_requested_position	4.178411082716058
assessment_only	1.0	0.0	1	outsourcing_rate	0.5156919951592253
assessment_only	1.0	0.0	1	q_gap	-1.147366695095033
assessment_only	1.0	0.0	1	rank_gap	0.16741519699812385
assessment_only	1.0	0.0	1	self_fill_rate	0.9999162407971856
assessment_only	1.0	0.0	1	self_net_output_per_requested_position	4.772390636861905
assessment_only	1.0	0.0	10	access_fraction	0.0016586398819492562
assessment_only	1.0	0.0	10	agent_holdout_rank	0.7410514071294559
assessment_only	1.0	0.0	10	betweenness	0.04308659400374417
assessment_only	1.0	0.0	10	broker_fill_rate	1.0
assessment_only	1.0	0.0	10	broker_holdout_rank	0.9591958724202627
assessment_only	1.0	0.0	10	broker_net_output_per_requested_position	3.805963648441238
assessment_only	1.0	0.0	10	broker_selected_rank	0.8377271862500406
assessment_only	1.0	0.0	10	mean_degree	58.88655
assessment_only	1.0	0.0	10	net_output_per_requested_position	4.344500324812611
assessment_only	1.0	0.0	10	outsourcing_rate	0.5661939710198588
assessment_only	1.0	0.0	10	q_gap	-1.2305355097622757
assessment_only	1.0	0.0	10	rank_gap	0.2181444652908069
assessment_only	1.0	0.0	10	self_fill_rate	1.0
assessment_only	1.0	0.0	10	self_net_output_per_requested_position	5.0473136932875295
assessment_only	1.0	0.0	11	access_fraction	0.0009383045097033988
assessment_only	1.0	0.0	11	agent_holdout_rank	0.7306726078799249
assessment_only	1.0	0.0	11	betweenness	0.039344284508349994
assessment_only	1.0	0.0	11	broker_fill_rate	1.0
assessment_only	1.0	0.0	11	broker_holdout_rank	0.9525606941838648
assessment_only	1.0	0.0	11	broker_net_output_per_requested_position	3.734831928185531
assessment_only	1.0	0.0	11	broker_selected_rank	0.8346629413846213
assessment_only	1.0	0.0	11	mean_degree	50.74125000000001
assessment_only	1.0	0.0	11	net_output_per_requested_position	4.293313330228711
assessment_only	1.0	0.0	11	outsourcing_rate	0.4675809866166277
assessment_only	1.0	0.0	11	q_gap	-1.0432904294433294
assessment_only	1.0	0.0	11	rank_gap	0.22188808630393986
assessment_only	1.0	0.0	11	self_fill_rate	1.0
assessment_only	1.0	0.0	11	self_net_output_per_requested_position	4.783810402320815
assessment_only	1.0	0.0	12	access_fraction	0.0005744804803761341
assessment_only	1.0	0.0	12	agent_holdout_rank	0.7095712007504689
assessment_only	1.0	0.0	12	betweenness	0.05766254160652674
assessment_only	1.0	0.0	12	broker_fill_rate	1.0
assessment_only	1.0	0.0	12	broker_holdout_rank	0.932059287054409
assessment_only	1.0	0.0	12	broker_net_output_per_requested_position	3.8608474764326806
assessment_only	1.0	0.0	12	broker_selected_rank	0.7932710248090229
assessment_only	1.0	0.0	12	mean_degree	45.0124
assessment_only	1.0	0.0	12	net_output_per_requested_position	4.271379735075485
assessment_only	1.0	0.0	12	outsourcing_rate	0.5930622092385776
assessment_only	1.0	0.0	12	q_gap	-1.0045254916898858
assessment_only	1.0	0.0	12	rank_gap	0.22248808630394007
assessment_only	1.0	0.0	12	self_fill_rate	1.0
assessment_only	1.0	0.0	12	self_net_output_per_requested_position	4.869759171508053
assessment_only	1.0	0.0	13	access_fraction	0.0009773562684023238
assessment_only	1.0	0.0	13	agent_holdout_rank	0.7917358348968104
assessment_only	1.0	0.0	13	betweenness	0.050312552417857884
assessment_only	1.0	0.0	13	broker_fill_rate	1.0
assessment_only	1.0	0.0	13	broker_holdout_rank	0.9771591932457786
assessment_only	1.0	0.0	13	broker_net_output_per_requested_position	3.7302793951089916
assessment_only	1.0	0.0	13	broker_selected_rank	0.8771160232308919
assessment_only	1.0	0.0	13	mean_degree	48.896
assessment_only	1.0	0.0	13	net_output_per_requested_position	4.268498133964973
assessment_only	1.0	0.0	13	outsourcing_rate	0.5505340004885035
assessment_only	1.0	0.0	13	q_gap	-1.1915589423226585
assessment_only	1.0	0.0	13	rank_gap	0.18542335834896811
assessment_only	1.0	0.0	13	self_fill_rate	0.9999548736462094
assessment_only	1.0	0.0	13	self_net_output_per_requested_position	4.927788896222817
assessment_only	1.0	0.0	14	access_fraction	0.0023052754247848183
assessment_only	1.0	0.0	14	agent_holdout_rank	0.7523641651031896
assessment_only	1.0	0.0	14	betweenness	0.027887230662027022
assessment_only	1.0	0.0	14	broker_fill_rate	1.0
assessment_only	1.0	0.0	14	broker_holdout_rank	0.962849718574109
assessment_only	1.0	0.0	14	broker_net_output_per_requested_position	3.622945348035106
assessment_only	1.0	0.0	14	broker_selected_rank	0.8804137292936153
assessment_only	1.0	0.0	14	mean_degree	62.60675
assessment_only	1.0	0.0	14	net_output_per_requested_position	4.319530983206134
assessment_only	1.0	0.0	14	outsourcing_rate	0.4126690687326818
assessment_only	1.0	0.0	14	q_gap	-1.1763350418211378
assessment_only	1.0	0.0	14	rank_gap	0.2104855534709193
assessment_only	1.0	0.0	14	self_fill_rate	0.9999658935879946
assessment_only	1.0	0.0	14	self_net_output_per_requested_position	4.808934405963912
assessment_only	1.0	0.0	15	access_fraction	0.0005877157389977853
assessment_only	1.0	0.0	15	agent_holdout_rank	0.6427056285178236
assessment_only	1.0	0.0	15	betweenness	0.040227470341859584
assessment_only	1.0	0.0	15	broker_fill_rate	1.0
assessment_only	1.0	0.0	15	broker_holdout_rank	0.8760008442776737
assessment_only	1.0	0.0	15	broker_net_output_per_requested_position	3.826916442787373
assessment_only	1.0	0.0	15	broker_selected_rank	0.7319750147702522
assessment_only	1.0	0.0	15	mean_degree	51.2707
assessment_only	1.0	0.0	15	net_output_per_requested_position	4.27010553855135
assessment_only	1.0	0.0	15	outsourcing_rate	0.4743148496395214
assessment_only	1.0	0.0	15	q_gap	-0.8365417809310823
assessment_only	1.0	0.0	15	rank_gap	0.23329521575985002
assessment_only	1.0	0.0	15	self_fill_rate	0.9999617444529457
assessment_only	1.0	0.0	15	self_net_output_per_requested_position	4.6699563196978495
assessment_only	1.0	0.0	16	access_fraction	0.0011020974109917695
assessment_only	1.0	0.0	16	agent_holdout_rank	0.7207544090056285
assessment_only	1.0	0.0	16	betweenness	0.04799423218897565
assessment_only	1.0	0.0	16	broker_fill_rate	1.0
assessment_only	1.0	0.0	16	broker_holdout_rank	0.9015479362101313
assessment_only	1.0	0.0	16	broker_net_output_per_requested_position	3.7990819365768678
assessment_only	1.0	0.0	16	broker_selected_rank	0.745352600805542
assessment_only	1.0	0.0	16	mean_degree	48.5308
assessment_only	1.0	0.0	16	net_output_per_requested_position	4.231811905102039
assessment_only	1.0	0.0	16	outsourcing_rate	0.5240047040445506
assessment_only	1.0	0.0	16	q_gap	-0.9031338161071867
assessment_only	1.0	0.0	16	rank_gap	0.18079352720450276
assessment_only	1.0	0.0	16	self_fill_rate	1.0
assessment_only	1.0	0.0	16	self_net_output_per_requested_position	4.7081601508482995
assessment_only	1.0	0.0	17	access_fraction	0.0014429298833922091
assessment_only	1.0	0.0	17	agent_holdout_rank	0.7460969981238272
assessment_only	1.0	0.0	17	betweenness	0.04113989002303556
assessment_only	1.0	0.0	17	broker_fill_rate	1.0
assessment_only	1.0	0.0	17	broker_holdout_rank	0.95180712945591
assessment_only	1.0	0.0	17	broker_net_output_per_requested_position	3.7586218935151123
assessment_only	1.0	0.0	17	broker_selected_rank	0.7866013369315248
assessment_only	1.0	0.0	17	mean_degree	48.70395
assessment_only	1.0	0.0	17	net_output_per_requested_position	4.240292187403228
assessment_only	1.0	0.0	17	outsourcing_rate	0.4735696268450408
assessment_only	1.0	0.0	17	q_gap	-0.9111251440851607
assessment_only	1.0	0.0	17	rank_gap	0.20571013133208266
assessment_only	1.0	0.0	17	self_fill_rate	1.0
assessment_only	1.0	0.0	17	self_net_output_per_requested_position	4.673698442291381
assessment_only	1.0	0.0	18	access_fraction	0.001323699409836866
assessment_only	1.0	0.0	18	agent_holdout_rank	0.7817297373358348
assessment_only	1.0	0.0	18	betweenness	0.052983943620541984
assessment_only	1.0	0.0	18	broker_fill_rate	0.999967018469657
assessment_only	1.0	0.0	18	broker_holdout_rank	0.9681039399624766
assessment_only	1.0	0.0	18	broker_net_output_per_requested_position	3.792346142586606
assessment_only	1.0	0.0	18	broker_selected_rank	0.8535072623694443
assessment_only	1.0	0.0	18	mean_degree	52.30499999999999
assessment_only	1.0	0.0	18	net_output_per_requested_position	4.284294964977573
assessment_only	1.0	0.0	18	outsourcing_rate	0.6007177983407598
assessment_only	1.0	0.0	18	q_gap	-1.2267263122805039
assessment_only	1.0	0.0	18	rank_gap	0.18637420262664176
assessment_only	1.0	0.0	18	self_fill_rate	0.9999488752556237
assessment_only	1.0	0.0	18	self_net_output_per_requested_position	5.024367025874278
assessment_only	1.0	0.0	19	access_fraction	0.0009835584251426418
assessment_only	1.0	0.0	19	agent_holdout_rank	0.7508940900562853
assessment_only	1.0	0.0	19	betweenness	0.04989113126776028
assessment_only	1.0	0.0	19	broker_fill_rate	1.0
assessment_only	1.0	0.0	19	broker_holdout_rank	0.9579947467166979
assessment_only	1.0	0.0	19	broker_net_output_per_requested_position	3.752857159438065
assessment_only	1.0	0.0	19	broker_selected_rank	0.8285623576766316
assessment_only	1.0	0.0	19	mean_degree	48.3052
assessment_only	1.0	0.0	19	net_output_per_requested_position	4.235281712957766
assessment_only	1.0	0.0	19	outsourcing_rate	0.5472577409737082
assessment_only	1.0	0.0	19	q_gap	-1.0598621754993087
assessment_only	1.0	0.0	19	rank_gap	0.20710065666041283
assessment_only	1.0	0.0	19	self_fill_rate	1.0
assessment_only	1.0	0.0	19	self_net_output_per_requested_position	4.818461479338753
assessment_only	1.0	0.0	2	access_fraction	0.0010853679786890166
assessment_only	1.0	0.0	2	agent_holdout_rank	0.7353560975609756
assessment_only	1.0	0.0	2	betweenness	0.05424085814164635
assessment_only	1.0	0.0	2	broker_fill_rate	1.0
assessment_only	1.0	0.0	2	broker_holdout_rank	0.9736157598499064
assessment_only	1.0	0.0	2	broker_net_output_per_requested_position	3.8463656454532376
assessment_only	1.0	0.0	2	broker_selected_rank	0.8439795311661271
assessment_only	1.0	0.0	2	mean_degree	54.477850000000004
assessment_only	1.0	0.0	2	net_output_per_requested_position	4.339336934630926
assessment_only	1.0	0.0	2	outsourcing_rate	0.6106132659652076
assessment_only	1.0	0.0	2	q_gap	-1.2585559668095625
assessment_only	1.0	0.0	2	rank_gap	0.23825966228893053
assessment_only	1.0	0.0	2	self_fill_rate	1.0
assessment_only	1.0	0.0	2	self_net_output_per_requested_position	5.112444800538122
assessment_only	1.0	0.0	20	access_fraction	0.0010274473949984978
assessment_only	1.0	0.0	20	agent_holdout_rank	0.6400062851782363
assessment_only	1.0	0.0	20	betweenness	0.05971004988704515
assessment_only	1.0	0.0	20	broker_fill_rate	1.0
assessment_only	1.0	0.0	20	broker_holdout_rank	0.8845872420262664
assessment_only	1.0	0.0	20	broker_net_output_per_requested_position	3.9411032730520157
assessment_only	1.0	0.0	20	broker_selected_rank	0.7842555763682324
assessment_only	1.0	0.0	20	mean_degree	47.502649999999996
assessment_only	1.0	0.0	20	net_output_per_requested_position	4.280331473428254
assessment_only	1.0	0.0	20	outsourcing_rate	0.638940725298036
assessment_only	1.0	0.0	20	q_gap	-0.9298097625602819
assessment_only	1.0	0.0	20	rank_gap	0.24458095684803008
assessment_only	1.0	0.0	20	self_fill_rate	0.9999448732083792
assessment_only	1.0	0.0	20	self_net_output_per_requested_position	4.8806794081348235
assessment_only	1.0	0.0	3	access_fraction	0.0007560222773419676
assessment_only	1.0	0.0	3	agent_holdout_rank	0.8378974671669793
assessment_only	1.0	0.0	3	betweenness	0.03927224228264718
assessment_only	1.0	0.0	3	broker_fill_rate	1.0
assessment_only	1.0	0.0	3	broker_holdout_rank	0.9845019699812383
assessment_only	1.0	0.0	3	broker_net_output_per_requested_position	3.5482901158043854
assessment_only	1.0	0.0	3	broker_selected_rank	0.8778324909588907
assessment_only	1.0	0.0	3	mean_degree	57.7
assessment_only	1.0	0.0	3	net_output_per_requested_position	4.342754287380189
assessment_only	1.0	0.0	3	outsourcing_rate	0.4771639545890337
assessment_only	1.0	0.0	3	q_gap	-1.5123271754246903
assessment_only	1.0	0.0	3	rank_gap	0.1466045028142589
assessment_only	1.0	0.0	3	self_fill_rate	0.9999609679937549
assessment_only	1.0	0.0	3	self_net_output_per_requested_position	5.067798938844463
assessment_only	1.0	0.0	4	access_fraction	0.001083579827477595
assessment_only	1.0	0.0	4	agent_holdout_rank	0.8015257035647281
assessment_only	1.0	0.0	4	betweenness	0.03614292348864408
assessment_only	1.0	0.0	4	broker_fill_rate	1.0
assessment_only	1.0	0.0	4	broker_holdout_rank	0.9566917448405254
assessment_only	1.0	0.0	4	broker_net_output_per_requested_position	3.64687678834605
assessment_only	1.0	0.0	4	broker_selected_rank	0.8448940754704048
assessment_only	1.0	0.0	4	mean_degree	58.02964999999999
assessment_only	1.0	0.0	4	net_output_per_requested_position	4.329361277606463
assessment_only	1.0	0.0	4	outsourcing_rate	0.4576997121755356
assessment_only	1.0	0.0	4	q_gap	-1.2513377177893663
assessment_only	1.0	0.0	4	rank_gap	0.15516604127579744
assessment_only	1.0	0.0	4	self_fill_rate	0.9999636627906977
assessment_only	1.0	0.0	4	self_net_output_per_requested_position	4.905382119869628
assessment_only	1.0	0.0	5	access_fraction	0.0015234940380836584
assessment_only	1.0	0.0	5	agent_holdout_rank	0.7424379924953095
assessment_only	1.0	0.0	5	betweenness	0.036573944670401266
assessment_only	1.0	0.0	5	broker_fill_rate	1.0
assessment_only	1.0	0.0	5	broker_holdout_rank	0.9622955909943712
assessment_only	1.0	0.0	5	broker_net_output_per_requested_position	3.685193205768125
assessment_only	1.0	0.0	5	broker_selected_rank	0.7985427107278772
assessment_only	1.0	0.0	5	mean_degree	48.7576
assessment_only	1.0	0.0	5	net_output_per_requested_position	4.232473404704928
assessment_only	1.0	0.0	5	outsourcing_rate	0.4591166426492944
assessment_only	1.0	0.0	5	q_gap	-1.0059477305626503
assessment_only	1.0	0.0	5	rank_gap	0.2198575984990619
assessment_only	1.0	0.0	5	self_fill_rate	1.0
assessment_only	1.0	0.0	5	self_net_output_per_requested_position	4.696983240989379
assessment_only	1.0	0.0	6	access_fraction	0.0009028195297899608
assessment_only	1.0	0.0	6	agent_holdout_rank	0.7110740150093808
assessment_only	1.0	0.0	6	betweenness	0.03227846531789292
assessment_only	1.0	0.0	6	broker_fill_rate	1.0
assessment_only	1.0	0.0	6	broker_holdout_rank	0.9405427767354594
assessment_only	1.0	0.0	6	broker_net_output_per_requested_position	3.742922460548378
assessment_only	1.0	0.0	6	broker_selected_rank	0.7987187689063999
assessment_only	1.0	0.0	6	mean_degree	52.820449999999994
assessment_only	1.0	0.0	6	net_output_per_requested_position	4.317087091555688
assessment_only	1.0	0.0	6	outsourcing_rate	0.4236106257556324
assessment_only	1.0	0.0	6	q_gap	-0.9870200740126396
assessment_only	1.0	0.0	6	rank_gap	0.2294687617260788
assessment_only	1.0	0.0	6	self_fill_rate	0.9999654696132596
assessment_only	1.0	0.0	6	self_net_output_per_requested_position	4.7390375944920935
assessment_only	1.0	0.0	7	access_fraction	0.0007777869474651011
assessment_only	1.0	0.0	7	agent_holdout_rank	0.8063551594746716
assessment_only	1.0	0.0	7	betweenness	0.036343716093690574
assessment_only	1.0	0.0	7	broker_fill_rate	1.0
assessment_only	1.0	0.0	7	broker_holdout_rank	0.9719982176360222
assessment_only	1.0	0.0	7	broker_net_output_per_requested_position	3.6163758656020177
assessment_only	1.0	0.0	7	broker_selected_rank	0.7868955968811198
assessment_only	1.0	0.0	7	mean_degree	54.27149999999999
assessment_only	1.0	0.0	7	net_output_per_requested_position	4.338956544166166
assessment_only	1.0	0.0	7	outsourcing_rate	0.4389136031983951
assessment_only	1.0	0.0	7	q_gap	-1.2825546397706244
assessment_only	1.0	0.0	7	rank_gap	0.16564305816135066
assessment_only	1.0	0.0	7	self_fill_rate	0.9999646142958245
assessment_only	1.0	0.0	7	self_net_output_per_requested_position	4.9041693275949765
assessment_only	1.0	0.0	8	access_fraction	0.0011140718903258698
assessment_only	1.0	0.0	8	agent_holdout_rank	0.8000881801125704
assessment_only	1.0	0.0	8	betweenness	0.03768740092353847
assessment_only	1.0	0.0	8	broker_fill_rate	1.0
assessment_only	1.0	0.0	8	broker_holdout_rank	0.9575146341463412
assessment_only	1.0	0.0	8	broker_net_output_per_requested_position	3.5289222819111155
assessment_only	1.0	0.0	8	broker_selected_rank	0.8548515590914961
assessment_only	1.0	0.0	8	mean_degree	52.11945000000001
assessment_only	1.0	0.0	8	net_output_per_requested_position	4.211910476555737
assessment_only	1.0	0.0	8	outsourcing_rate	0.46526296440906306
assessment_only	1.0	0.0	8	q_gap	-1.2713241331064635
assessment_only	1.0	0.0	8	rank_gap	0.15742645403377103
assessment_only	1.0	0.0	8	self_fill_rate	0.9998878810659353
assessment_only	1.0	0.0	8	self_net_output_per_requested_position	4.806167632105329
assessment_only	1.0	0.0	9	access_fraction	0.0008913799914318881
assessment_only	1.0	0.0	9	agent_holdout_rank	0.7110895872420263
assessment_only	1.0	0.0	9	betweenness	0.04437203282681931
assessment_only	1.0	0.0	9	broker_fill_rate	1.0
assessment_only	1.0	0.0	9	broker_holdout_rank	0.9226191369606005
assessment_only	1.0	0.0	9	broker_net_output_per_requested_position	3.760846598934127
assessment_only	1.0	0.0	9	broker_selected_rank	0.826659816363067
assessment_only	1.0	0.0	9	mean_degree	51.46695
assessment_only	1.0	0.0	9	net_output_per_requested_position	4.268329636401852
assessment_only	1.0	0.0	9	outsourcing_rate	0.5175229701472606
assessment_only	1.0	0.0	9	q_gap	-1.0446170060609172
assessment_only	1.0	0.0	9	rank_gap	0.21152954971857413
assessment_only	1.0	0.0	9	self_fill_rate	0.9998335044442891
assessment_only	1.0	0.0	9	self_net_output_per_requested_position	4.8126153179056725
assessment_only	1.0	0.01	1	access_fraction	0.06185019844077969
assessment_only	1.0	0.01	1	agent_holdout_rank	0.7499409943714822
assessment_only	1.0	0.01	1	betweenness	0.4852360046728094
assessment_only	1.0	0.01	1	broker_fill_rate	0.9999784668389319
assessment_only	1.0	0.01	1	broker_holdout_rank	0.9589825515947469
assessment_only	1.0	0.01	1	broker_net_output_per_requested_position	4.190016149027228
assessment_only	1.0	0.01	1	broker_selected_rank	0.9338793100032661
assessment_only	1.0	0.01	1	mean_degree	18.8953
assessment_only	1.0	0.01	1	net_output_per_requested_position	4.130303347104618
assessment_only	1.0	0.01	1	outsourcing_rate	0.9054410464080217
assessment_only	1.0	0.01	1	q_gap	0.6318106331203225
assessment_only	1.0	0.01	1	rank_gap	0.20904155722326453
assessment_only	1.0	0.01	1	self_fill_rate	0.998504319507111
assessment_only	1.0	0.01	1	self_net_output_per_requested_position	3.5601001553186493
assessment_only	1.0	0.01	10	access_fraction	0.05866948392971426
assessment_only	1.0	0.01	10	agent_holdout_rank	0.756465009380863
assessment_only	1.0	0.01	10	betweenness	0.45921999509526445
assessment_only	1.0	0.01	10	broker_fill_rate	0.9996794288788935
assessment_only	1.0	0.01	10	broker_holdout_rank	0.9708435272045028
assessment_only	1.0	0.01	10	broker_net_output_per_requested_position	4.2382066461959615
assessment_only	1.0	0.01	10	broker_selected_rank	0.9292850181853346
assessment_only	1.0	0.01	10	mean_degree	19.68085
assessment_only	1.0	0.01	10	net_output_per_requested_position	4.262924007963498
assessment_only	1.0	0.01	10	outsourcing_rate	0.8697219418688535
assessment_only	1.0	0.01	10	q_gap	-0.12018976729988742
assessment_only	1.0	0.01	10	rank_gap	0.21437851782363976
assessment_only	1.0	0.01	10	self_fill_rate	0.9995487005639883
assessment_only	1.0	0.01	10	self_net_output_per_requested_position	4.429037272545974
assessment_only	1.0	0.01	11	access_fraction	0.06345532097989491
assessment_only	1.0	0.01	11	agent_holdout_rank	0.7869084427767356
assessment_only	1.0	0.01	11	betweenness	0.40924968530823397
assessment_only	1.0	0.01	11	broker_fill_rate	0.9996511267237329
assessment_only	1.0	0.01	11	broker_holdout_rank	0.982280487804878
assessment_only	1.0	0.01	11	broker_net_output_per_requested_position	4.413589396864882
assessment_only	1.0	0.01	11	broker_selected_rank	0.9178152344831444
assessment_only	1.0	0.01	11	mean_degree	19.36065
assessment_only	1.0	0.01	11	net_output_per_requested_position	4.243676066525818
assessment_only	1.0	0.01	11	outsourcing_rate	0.8101231673139806
assessment_only	1.0	0.01	11	q_gap	0.8900482869659483
assessment_only	1.0	0.01	11	rank_gap	0.19537204502814257
assessment_only	1.0	0.01	11	self_fill_rate	0.9990331909425303
assessment_only	1.0	0.01	11	self_net_output_per_requested_position	3.519660096787014
assessment_only	1.0	0.01	12	access_fraction	0.058487821481772936
assessment_only	1.0	0.01	12	agent_holdout_rank	0.7104984052532833
assessment_only	1.0	0.01	12	betweenness	0.47220266112432024
assessment_only	1.0	0.01	12	broker_fill_rate	0.999891493562372
assessment_only	1.0	0.01	12	broker_holdout_rank	0.9466703564727954
assessment_only	1.0	0.01	12	broker_net_output_per_requested_position	4.22051958489963
assessment_only	1.0	0.01	12	broker_selected_rank	0.9134381906331169
assessment_only	1.0	0.01	12	mean_degree	19.948999999999998
assessment_only	1.0	0.01	12	net_output_per_requested_position	4.162861493599534
assessment_only	1.0	0.01	12	outsourcing_rate	0.9245643868797897
assessment_only	1.0	0.01	12	q_gap	0.7723570991508264
assessment_only	1.0	0.01	12	rank_gap	0.23617195121951223
assessment_only	1.0	0.01	12	self_fill_rate	0.999746192893401
assessment_only	1.0	0.01	12	self_net_output_per_requested_position	3.4577123471761118
assessment_only	1.0	0.01	13	access_fraction	0.0682517798161695
assessment_only	1.0	0.01	13	agent_holdout_rank	0.7856635084427767
assessment_only	1.0	0.01	13	betweenness	0.4930517294299378
assessment_only	1.0	0.01	13	broker_fill_rate	0.9997069471845614
assessment_only	1.0	0.01	13	broker_holdout_rank	0.9825418386491558
assessment_only	1.0	0.01	13	broker_net_output_per_requested_position	4.209301063607555
assessment_only	1.0	0.01	13	broker_selected_rank	0.9401129344066534
assessment_only	1.0	0.01	13	mean_degree	18.6721
assessment_only	1.0	0.01	13	net_output_per_requested_position	4.173960231053034
assessment_only	1.0	0.01	13	outsourcing_rate	0.8860458911709186
assessment_only	1.0	0.01	13	q_gap	0.32420335301228215
assessment_only	1.0	0.01	13	rank_gap	0.196878330206379
assessment_only	1.0	0.01	13	self_fill_rate	0.9975000009086095
assessment_only	1.0	0.01	13	self_net_output_per_requested_position	3.9011089969986634
assessment_only	1.0	0.01	14	access_fraction	0.06605778346489782
assessment_only	1.0	0.01	14	agent_holdout_rank	0.7923031894934334
assessment_only	1.0	0.01	14	betweenness	0.37647597687160234
assessment_only	1.0	0.01	14	broker_fill_rate	0.9995191535359973
assessment_only	1.0	0.01	14	broker_holdout_rank	0.9798045028142589
assessment_only	1.0	0.01	14	broker_net_output_per_requested_position	4.435807038579226
assessment_only	1.0	0.01	14	broker_selected_rank	0.9106566041535717
assessment_only	1.0	0.01	14	mean_degree	19.0911
assessment_only	1.0	0.01	14	net_output_per_requested_position	4.226905462936026
assessment_only	1.0	0.01	14	outsourcing_rate	0.7918321714914432
assessment_only	1.0	0.01	14	q_gap	1.0253521787670956
assessment_only	1.0	0.01	14	rank_gap	0.18750131332082556
assessment_only	1.0	0.01	14	self_fill_rate	0.9988433092411455
assessment_only	1.0	0.01	14	self_net_output_per_requested_position	3.4325340369289554
assessment_only	1.0	0.01	15	access_fraction	0.06842508448295789
assessment_only	1.0	0.01	15	agent_holdout_rank	0.7046017823639774
assessment_only	1.0	0.01	15	betweenness	0.4524862564343037
assessment_only	1.0	0.01	15	broker_fill_rate	0.9998158551487311
assessment_only	1.0	0.01	15	broker_holdout_rank	0.9618964352720448
assessment_only	1.0	0.01	15	broker_net_output_per_requested_position	4.258555556577123
assessment_only	1.0	0.01	15	broker_selected_rank	0.897050154655561
assessment_only	1.0	0.01	15	mean_degree	19.129250000000003
assessment_only	1.0	0.01	15	net_output_per_requested_position	4.180712362085383
assessment_only	1.0	0.01	15	outsourcing_rate	0.8703053109048285
assessment_only	1.0	0.01	15	q_gap	0.5929239743250333
assessment_only	1.0	0.01	15	rank_gap	0.2572946529080675
assessment_only	1.0	0.01	15	self_fill_rate	0.9996845238095238
assessment_only	1.0	0.01	15	self_net_output_per_requested_position	3.6592296861014355
assessment_only	1.0	0.01	16	access_fraction	0.06488398895255171
assessment_only	1.0	0.01	16	agent_holdout_rank	0.7467998123827392
assessment_only	1.0	0.01	16	betweenness	0.48178131049615647
assessment_only	1.0	0.01	16	broker_fill_rate	0.9999328679451217
assessment_only	1.0	0.01	16	broker_holdout_rank	0.9649018761726081
assessment_only	1.0	0.01	16	broker_net_output_per_requested_position	4.207060638942604
assessment_only	1.0	0.01	16	broker_selected_rank	0.9050800940058785
assessment_only	1.0	0.01	16	mean_degree	19.633450000000003
assessment_only	1.0	0.01	16	net_output_per_requested_position	4.123915607277392
assessment_only	1.0	0.01	16	outsourcing_rate	0.8988029677701602
assessment_only	1.0	0.01	16	q_gap	0.8101972147109151
assessment_only	1.0	0.01	16	rank_gap	0.21810206378986874
assessment_only	1.0	0.01	16	self_fill_rate	0.999027025692204
assessment_only	1.0	0.01	16	self_net_output_per_requested_position	3.386734455964791
assessment_only	1.0	0.01	17	access_fraction	0.07993640153602546
assessment_only	1.0	0.01	17	agent_holdout_rank	0.7654455909943716
assessment_only	1.0	0.01	17	betweenness	0.3948719061682165
assessment_only	1.0	0.01	17	broker_fill_rate	0.9998967709923827
assessment_only	1.0	0.01	17	broker_holdout_rank	0.9742681050656662
assessment_only	1.0	0.01	17	broker_net_output_per_requested_position	4.346848282377233
assessment_only	1.0	0.01	17	broker_selected_rank	0.8846808730001652
assessment_only	1.0	0.01	17	mean_degree	19.656399999999998
assessment_only	1.0	0.01	17	net_output_per_requested_position	4.13200132990695
assessment_only	1.0	0.01	17	outsourcing_rate	0.748198900771454
assessment_only	1.0	0.01	17	q_gap	0.8414248972913676
assessment_only	1.0	0.01	17	rank_gap	0.20882251407129465
assessment_only	1.0	0.01	17	self_fill_rate	0.999749834508416
assessment_only	1.0	0.01	17	self_net_output_per_requested_position	3.494873614040093
assessment_only	1.0	0.01	18	access_fraction	0.07336708108030751
assessment_only	1.0	0.01	18	agent_holdout_rank	0.799057598499062
assessment_only	1.0	0.01	18	betweenness	0.46375993487185474
assessment_only	1.0	0.01	18	broker_fill_rate	0.9943202713238053
assessment_only	1.0	0.01	18	broker_holdout_rank	0.9453307692307691
assessment_only	1.0	0.01	18	broker_net_output_per_requested_position	4.324842149610677
assessment_only	1.0	0.01	18	broker_selected_rank	0.9024136105615413
assessment_only	1.0	0.01	18	mean_degree	19.655700000000003
assessment_only	1.0	0.01	18	net_output_per_requested_position	4.208107689657
assessment_only	1.0	0.01	18	outsourcing_rate	0.8741978921268764
assessment_only	1.0	0.01	18	q_gap	0.7898320628088439
assessment_only	1.0	0.01	18	rank_gap	0.14627317073170723
assessment_only	1.0	0.01	18	self_fill_rate	0.9993441993707929
assessment_only	1.0	0.01	18	self_net_output_per_requested_position	3.5628478385433255
assessment_only	1.0	0.01	19	access_fraction	0.061572239991080704
assessment_only	1.0	0.01	19	agent_holdout_rank	0.7663962476547842
assessment_only	1.0	0.01	19	betweenness	0.4991461235416527
assessment_only	1.0	0.01	19	broker_fill_rate	0.9997651802619979
assessment_only	1.0	0.01	19	broker_holdout_rank	0.9793913696060039
assessment_only	1.0	0.01	19	broker_net_output_per_requested_position	4.1919815091026384
assessment_only	1.0	0.01	19	broker_selected_rank	0.9249759012683109
assessment_only	1.0	0.01	19	mean_degree	18.92525
assessment_only	1.0	0.01	19	net_output_per_requested_position	4.131289686031522
assessment_only	1.0	0.01	19	outsourcing_rate	0.9378953379794815
assessment_only	1.0	0.01	19	q_gap	0.9645291473489757
assessment_only	1.0	0.01	19	rank_gap	0.21299512195121953
assessment_only	1.0	0.01	19	self_fill_rate	0.9969554710675265
assessment_only	1.0	0.01	19	self_net_output_per_requested_position	3.215287086309142
assessment_only	1.0	0.01	2	access_fraction	0.05636182801437829
assessment_only	1.0	0.01	2	agent_holdout_rank	0.7738746716697936
assessment_only	1.0	0.01	2	betweenness	0.43477826077221826
assessment_only	1.0	0.01	2	broker_fill_rate	0.9998142014762962
assessment_only	1.0	0.01	2	broker_holdout_rank	0.9683375234521574
assessment_only	1.0	0.01	2	broker_net_output_per_requested_position	4.352640737053757
assessment_only	1.0	0.01	2	broker_selected_rank	0.9317559613419141
assessment_only	1.0	0.01	2	mean_degree	20.488450000000004
assessment_only	1.0	0.01	2	net_output_per_requested_position	4.259021670737053
assessment_only	1.0	0.01	2	outsourcing_rate	0.8614876066817215
assessment_only	1.0	0.01	2	q_gap	0.7105714169298779
assessment_only	1.0	0.01	2	rank_gap	0.19446285178236405
assessment_only	1.0	0.01	2	self_fill_rate	1.0
assessment_only	1.0	0.01	2	self_net_output_per_requested_position	3.676246215453793
assessment_only	1.0	0.01	20	access_fraction	0.06596414103087447
assessment_only	1.0	0.01	20	agent_holdout_rank	0.6736579737335835
assessment_only	1.0	0.01	20	betweenness	0.4921793401739575
assessment_only	1.0	0.01	20	broker_fill_rate	0.9998750106653663
assessment_only	1.0	0.01	20	broker_holdout_rank	0.9484986866791745
assessment_only	1.0	0.01	20	broker_net_output_per_requested_position	4.257400184414626
assessment_only	1.0	0.01	20	broker_selected_rank	0.8886923195870493
assessment_only	1.0	0.01	20	mean_degree	17.267200000000003
assessment_only	1.0	0.01	20	net_output_per_requested_position	4.216546702997223
assessment_only	1.0	0.01	20	outsourcing_rate	0.9512182410476161
assessment_only	1.0	0.01	20	q_gap	0.8298114809757806
assessment_only	1.0	0.01	20	rank_gap	0.2748407129455911
assessment_only	1.0	0.01	20	self_fill_rate	0.9995535714285714
assessment_only	1.0	0.01	20	self_net_output_per_requested_position	3.4196855353513675
assessment_only	1.0	0.01	3	access_fraction	0.07560801223573313
assessment_only	1.0	0.01	3	agent_holdout_rank	0.8150404315196997
assessment_only	1.0	0.01	3	betweenness	0.368093144839425
assessment_only	1.0	0.01	3	broker_fill_rate	0.9942138300815287
assessment_only	1.0	0.01	3	broker_holdout_rank	0.9504236397748592
assessment_only	1.0	0.01	3	broker_net_output_per_requested_position	3.917271492112273
assessment_only	1.0	0.01	3	broker_selected_rank	0.9136264841896862
assessment_only	1.0	0.01	3	mean_degree	20.417949999999998
assessment_only	1.0	0.01	3	net_output_per_requested_position	4.142427381560687
assessment_only	1.0	0.01	3	outsourcing_rate	0.6235257197071918
assessment_only	1.0	0.01	3	q_gap	-0.6083404772079705
assessment_only	1.0	0.01	3	rank_gap	0.13538320825515954
assessment_only	1.0	0.01	3	self_fill_rate	0.9986627166428527
assessment_only	1.0	0.01	3	self_net_output_per_requested_position	4.573083583169665
assessment_only	1.0	0.01	4	access_fraction	0.07304838976734514
assessment_only	1.0	0.01	4	agent_holdout_rank	0.8355610694183865
assessment_only	1.0	0.01	4	betweenness	0.42003013256002014
assessment_only	1.0	0.01	4	broker_fill_rate	0.9956456677762769
assessment_only	1.0	0.01	4	broker_holdout_rank	0.9591850844277673
assessment_only	1.0	0.01	4	broker_net_output_per_requested_position	4.336274720110245
assessment_only	1.0	0.01	4	broker_selected_rank	0.9395144983362325
assessment_only	1.0	0.01	4	mean_degree	20.8203
assessment_only	1.0	0.01	4	net_output_per_requested_position	4.260593028962364
assessment_only	1.0	0.01	4	outsourcing_rate	0.6899717736367896
assessment_only	1.0	0.01	4	q_gap	0.26293217491975407
assessment_only	1.0	0.01	4	rank_gap	0.12362401500938085
assessment_only	1.0	0.01	4	self_fill_rate	0.998707184280035
assessment_only	1.0	0.01	4	self_net_output_per_requested_position	4.1099156688751
assessment_only	1.0	0.01	5	access_fraction	0.06285638687941392
assessment_only	1.0	0.01	5	agent_holdout_rank	0.7487748592870545
assessment_only	1.0	0.01	5	betweenness	0.4691980170108992
assessment_only	1.0	0.01	5	broker_fill_rate	0.9997131364845993
assessment_only	1.0	0.01	5	broker_holdout_rank	0.9619432457786117
assessment_only	1.0	0.01	5	broker_net_output_per_requested_position	4.2627694043942
assessment_only	1.0	0.01	5	broker_selected_rank	0.9158911592305564
assessment_only	1.0	0.01	5	mean_degree	19.447449999999996
assessment_only	1.0	0.01	5	net_output_per_requested_position	4.201975266025186
assessment_only	1.0	0.01	5	outsourcing_rate	0.9148895549815593
assessment_only	1.0	0.01	5	q_gap	0.7113612073149216
assessment_only	1.0	0.01	5	rank_gap	0.21316838649155723
assessment_only	1.0	0.01	5	self_fill_rate	0.9990788312743394
assessment_only	1.0	0.01	5	self_net_output_per_requested_position	3.5487764470186596
assessment_only	1.0	0.01	6	access_fraction	0.0637969424332677
assessment_only	1.0	0.01	6	agent_holdout_rank	0.7533886491557223
assessment_only	1.0	0.01	6	betweenness	0.41714007604756465
assessment_only	1.0	0.01	6	broker_fill_rate	0.9996088620134259
assessment_only	1.0	0.01	6	broker_holdout_rank	0.9701824577861163
assessment_only	1.0	0.01	6	broker_net_output_per_requested_position	4.371062582319306
assessment_only	1.0	0.01	6	broker_selected_rank	0.8994478759544335
assessment_only	1.0	0.01	6	mean_degree	19.905600000000003
assessment_only	1.0	0.01	6	net_output_per_requested_position	4.237820341293761
assessment_only	1.0	0.01	6	outsourcing_rate	0.8175012227766512
assessment_only	1.0	0.01	6	q_gap	0.7254169595418318
assessment_only	1.0	0.01	6	rank_gap	0.21679380863039385
assessment_only	1.0	0.01	6	self_fill_rate	0.9991258611180474
assessment_only	1.0	0.01	6	self_net_output_per_requested_position	3.6422734244641553
assessment_only	1.0	0.01	7	access_fraction	0.06678059858886123
assessment_only	1.0	0.01	7	agent_holdout_rank	0.7832245778611633
assessment_only	1.0	0.01	7	betweenness	0.3805683180121415
assessment_only	1.0	0.01	7	broker_fill_rate	0.9995996716531244
assessment_only	1.0	0.01	7	broker_holdout_rank	0.9754369606003754
assessment_only	1.0	0.01	7	broker_net_output_per_requested_position	4.124383192292776
assessment_only	1.0	0.01	7	broker_selected_rank	0.9315468743733961
assessment_only	1.0	0.01	7	mean_degree	20.360300000000002
assessment_only	1.0	0.01	7	net_output_per_requested_position	4.165518130678876
assessment_only	1.0	0.01	7	outsourcing_rate	0.7042584132694505
assessment_only	1.0	0.01	7	q_gap	-0.11160124629070993
assessment_only	1.0	0.01	7	rank_gap	0.19221238273921207
assessment_only	1.0	0.01	7	self_fill_rate	0.9986417637677889
assessment_only	1.0	0.01	7	self_net_output_per_requested_position	4.264792048584612
assessment_only	1.0	0.01	8	access_fraction	0.06561134519531761
assessment_only	1.0	0.01	8	agent_holdout_rank	0.8170818011257037
assessment_only	1.0	0.01	8	betweenness	0.43374143303667995
assessment_only	1.0	0.01	8	broker_fill_rate	0.9996844111242107
assessment_only	1.0	0.01	8	broker_holdout_rank	0.9751128517823642
assessment_only	1.0	0.01	8	broker_net_output_per_requested_position	4.312165984566586
assessment_only	1.0	0.01	8	broker_selected_rank	0.9300366298020961
assessment_only	1.0	0.01	8	mean_degree	19.9932
assessment_only	1.0	0.01	8	net_output_per_requested_position	4.1163506725066155
assessment_only	1.0	0.01	8	outsourcing_rate	0.8246559003416991
assessment_only	1.0	0.01	8	q_gap	1.1052285960313817
assessment_only	1.0	0.01	8	rank_gap	0.15803105065666045
assessment_only	1.0	0.01	8	self_fill_rate	0.9971279662054465
assessment_only	1.0	0.01	8	self_net_output_per_requested_position	3.196449700850767
assessment_only	1.0	0.01	9	access_fraction	0.06005111365926151
assessment_only	1.0	0.01	9	agent_holdout_rank	0.7617984052532834
assessment_only	1.0	0.01	9	betweenness	0.4541739979187879
assessment_only	1.0	0.01	9	broker_fill_rate	0.9999085144663553
assessment_only	1.0	0.01	9	broker_holdout_rank	0.9795711069418387
assessment_only	1.0	0.01	9	broker_net_output_per_requested_position	4.334600416516421
assessment_only	1.0	0.01	9	broker_selected_rank	0.9282579971759578
assessment_only	1.0	0.01	9	mean_degree	18.8007
assessment_only	1.0	0.01	9	net_output_per_requested_position	4.226650146181411
assessment_only	1.0	0.01	9	outsourcing_rate	0.873989115036118
assessment_only	1.0	0.01	9	q_gap	0.8729843632422064
assessment_only	1.0	0.01	9	rank_gap	0.21777270168855528
assessment_only	1.0	0.01	9	self_fill_rate	0.99968337968428
assessment_only	1.0	0.01	9	self_net_output_per_requested_position	3.478341839029188
assessment_only	1.0	0.03	1	access_fraction	0.14279371066913038
assessment_only	1.0	0.03	1	agent_holdout_rank	0.7385569418386492
assessment_only	1.0	0.03	1	betweenness	0.6910996278436091
assessment_only	1.0	0.03	1	broker_fill_rate	0.9995891295832561
assessment_only	1.0	0.03	1	broker_holdout_rank	0.974843621013133
assessment_only	1.0	0.03	1	broker_net_output_per_requested_position	4.164963347910032
assessment_only	1.0	0.03	1	broker_selected_rank	0.9378527540385203
assessment_only	1.0	0.03	1	mean_degree	16.09785
assessment_only	1.0	0.03	1	net_output_per_requested_position	4.091880010790488
assessment_only	1.0	0.03	1	outsourcing_rate	0.9286188905656738
assessment_only	1.0	0.03	1	q_gap	1.007795694073803
assessment_only	1.0	0.03	1	rank_gap	0.2362866791744839
assessment_only	1.0	0.03	1	self_fill_rate	0.9971030201042484
assessment_only	1.0	0.03	1	self_net_output_per_requested_position	3.138218491624853
assessment_only	1.0	0.03	10	access_fraction	0.13622469209473406
assessment_only	1.0	0.03	10	agent_holdout_rank	0.712845966228893
assessment_only	1.0	0.03	10	betweenness	0.7074802894654966
assessment_only	1.0	0.03	10	broker_fill_rate	0.9992786009741852
assessment_only	1.0	0.03	10	broker_holdout_rank	0.9710940900562852
assessment_only	1.0	0.03	10	broker_net_output_per_requested_position	4.178791949055912
assessment_only	1.0	0.03	10	broker_selected_rank	0.9406836772891045
assessment_only	1.0	0.03	10	mean_degree	15.689849999999998
assessment_only	1.0	0.03	10	net_output_per_requested_position	4.145098063376035
assessment_only	1.0	0.03	10	outsourcing_rate	0.9722659841420139
assessment_only	1.0	0.03	10	q_gap	1.1851734617181529
assessment_only	1.0	0.03	10	rank_gap	0.2582481238273922
assessment_only	1.0	0.03	10	self_fill_rate	0.9964168376096246
assessment_only	1.0	0.03	10	self_net_output_per_requested_position	2.9711983746615074
assessment_only	1.0	0.03	11	access_fraction	0.1276109771763579
assessment_only	1.0	0.03	11	agent_holdout_rank	0.7386661350844277
assessment_only	1.0	0.03	11	betweenness	0.7002166052353471
assessment_only	1.0	0.03	11	broker_fill_rate	0.999748480321301
assessment_only	1.0	0.03	11	broker_holdout_rank	0.9836115384615383
assessment_only	1.0	0.03	11	broker_net_output_per_requested_position	4.234426064190278
assessment_only	1.0	0.03	11	broker_selected_rank	0.9240266913683263
assessment_only	1.0	0.03	11	mean_degree	16.156699999999997
assessment_only	1.0	0.03	11	net_output_per_requested_position	4.177650192214843
assessment_only	1.0	0.03	11	outsourcing_rate	0.9526981661354487
assessment_only	1.0	0.03	11	q_gap	1.1900350007130007
assessment_only	1.0	0.03	11	rank_gap	0.2449454033771107
assessment_only	1.0	0.03	11	self_fill_rate	0.9987777428756811
assessment_only	1.0	0.03	11	self_net_output_per_requested_position	3.032008256226826
assessment_only	1.0	0.03	12	access_fraction	0.13407348030398974
assessment_only	1.0	0.03	12	agent_holdout_rank	0.7207017823639774
assessment_only	1.0	0.03	12	betweenness	0.6949864305750322
assessment_only	1.0	0.03	12	broker_fill_rate	0.999937254400221
assessment_only	1.0	0.03	12	broker_holdout_rank	0.9757697936210132
assessment_only	1.0	0.03	12	broker_net_output_per_requested_position	4.16393923039766
assessment_only	1.0	0.03	12	broker_selected_rank	0.9160151159294152
assessment_only	1.0	0.03	12	mean_degree	15.388750000000002
assessment_only	1.0	0.03	12	net_output_per_requested_position	4.118502806884849
assessment_only	1.0	0.03	12	outsourcing_rate	0.9548213408099044
assessment_only	1.0	0.03	12	q_gap	0.991733688479792
assessment_only	1.0	0.03	12	rank_gap	0.25506801125703576
assessment_only	1.0	0.03	12	self_fill_rate	0.999390243902439
assessment_only	1.0	0.03	12	self_net_output_per_requested_position	3.1600203460177383
assessment_only	1.0	0.03	13	access_fraction	0.14539210851142204
assessment_only	1.0	0.03	13	agent_holdout_rank	0.7586873358348968
assessment_only	1.0	0.03	13	betweenness	0.6784700197765885
assessment_only	1.0	0.03	13	broker_fill_rate	0.9992901329821826
assessment_only	1.0	0.03	13	broker_holdout_rank	0.9804740150093808
assessment_only	1.0	0.03	13	broker_net_output_per_requested_position	4.12764844610818
assessment_only	1.0	0.03	13	broker_selected_rank	0.9432467430862568
assessment_only	1.0	0.03	13	mean_degree	15.259350000000001
assessment_only	1.0	0.03	13	net_output_per_requested_position	4.024196259616746
assessment_only	1.0	0.03	13	outsourcing_rate	0.9209283626064287
assessment_only	1.0	0.03	13	q_gap	1.279631431301112
assessment_only	1.0	0.03	13	rank_gap	0.2217866791744841
assessment_only	1.0	0.03	13	self_fill_rate	0.9939256921034515
assessment_only	1.0	0.03	13	self_net_output_per_requested_position	2.820690408607383
assessment_only	1.0	0.03	14	access_fraction	0.14385259512788456
assessment_only	1.0	0.03	14	agent_holdout_rank	0.7587122889305817
assessment_only	1.0	0.03	14	betweenness	0.7298143901160606
assessment_only	1.0	0.03	14	broker_fill_rate	0.999498982129855
assessment_only	1.0	0.03	14	broker_holdout_rank	0.9839690431519701
assessment_only	1.0	0.03	14	broker_net_output_per_requested_position	4.21577545307297
assessment_only	1.0	0.03	14	broker_selected_rank	0.9368015601008803
assessment_only	1.0	0.03	14	mean_degree	15.58505
assessment_only	1.0	0.03	14	net_output_per_requested_position	4.1661834741243755
assessment_only	1.0	0.03	14	outsourcing_rate	0.9625049232701294
assessment_only	1.0	0.03	14	q_gap	1.2975569006999517
assessment_only	1.0	0.03	14	rank_gap	0.2252567542213883
assessment_only	1.0	0.03	14	self_fill_rate	0.9957019827007295
assessment_only	1.0	0.03	14	self_net_output_per_requested_position	2.8957913389495213
assessment_only	1.0	0.03	15	access_fraction	0.14105536372577393
assessment_only	1.0	0.03	15	agent_holdout_rank	0.6673781425891182
assessment_only	1.0	0.03	15	betweenness	0.7418208607887694
assessment_only	1.0	0.03	15	broker_fill_rate	0.999795348157466
assessment_only	1.0	0.03	15	broker_holdout_rank	0.9734042213883678
assessment_only	1.0	0.03	15	broker_net_output_per_requested_position	4.122189966848849
assessment_only	1.0	0.03	15	broker_selected_rank	0.9064710818255737
assessment_only	1.0	0.03	15	mean_degree	15.5127
assessment_only	1.0	0.03	15	net_output_per_requested_position	4.108695639446106
assessment_only	1.0	0.03	15	outsourcing_rate	0.9881822359270098
assessment_only	1.0	0.03	15	q_gap	1.0983698053405426
assessment_only	1.0	0.03	15	rank_gap	0.3060260787992494
assessment_only	1.0	0.03	15	self_fill_rate	0.9943531958237841
assessment_only	1.0	0.03	15	self_net_output_per_requested_position	2.9951210148419127
assessment_only	1.0	0.03	16	access_fraction	0.13633671914850165
assessment_only	1.0	0.03	16	agent_holdout_rank	0.6943777673545966
assessment_only	1.0	0.03	16	betweenness	0.739332517702874
assessment_only	1.0	0.03	16	broker_fill_rate	0.9998410563249471
assessment_only	1.0	0.03	16	broker_holdout_rank	0.9725453095684802
assessment_only	1.0	0.03	16	broker_net_output_per_requested_position	4.067896566842855
assessment_only	1.0	0.03	16	broker_selected_rank	0.9113158421572034
assessment_only	1.0	0.03	16	mean_degree	15.383750000000001
assessment_only	1.0	0.03	16	net_output_per_requested_position	4.055506028286889
assessment_only	1.0	0.03	16	outsourcing_rate	0.9883633727608909
assessment_only	1.0	0.03	16	q_gap	1.0373286328911426
assessment_only	1.0	0.03	16	rank_gap	0.27816754221388373
assessment_only	1.0	0.03	16	self_fill_rate	0.9984375
assessment_only	1.0	0.03	16	self_net_output_per_requested_position	3.0145821315193855
assessment_only	1.0	0.03	17	access_fraction	0.1460444452219784
assessment_only	1.0	0.03	17	agent_holdout_rank	0.7307626641651032
assessment_only	1.0	0.03	17	betweenness	0.7408355823607526
assessment_only	1.0	0.03	17	broker_fill_rate	0.9986552869598888
assessment_only	1.0	0.03	17	broker_holdout_rank	0.9583893058161351
assessment_only	1.0	0.03	17	broker_net_output_per_requested_position	4.138879449325494
assessment_only	1.0	0.03	17	broker_selected_rank	0.8962474306364696
assessment_only	1.0	0.03	17	mean_degree	15.632249999999999
assessment_only	1.0	0.03	17	net_output_per_requested_position	4.067417682486253
assessment_only	1.0	0.03	17	outsourcing_rate	0.9328699280713251
assessment_only	1.0	0.03	17	q_gap	1.055374049547092
assessment_only	1.0	0.03	17	rank_gap	0.2276266416510319
assessment_only	1.0	0.03	17	self_fill_rate	0.9961465388831119
assessment_only	1.0	0.03	17	self_net_output_per_requested_position	3.066730079119717
assessment_only	1.0	0.03	18	access_fraction	0.14094272761368104
assessment_only	1.0	0.03	18	agent_holdout_rank	0.7473710131332083
assessment_only	1.0	0.03	18	betweenness	0.756937624770162
assessment_only	1.0	0.03	18	broker_fill_rate	0.9994510137743389
assessment_only	1.0	0.03	18	broker_holdout_rank	0.9857775797373358
assessment_only	1.0	0.03	18	broker_net_output_per_requested_position	4.200732831818071
assessment_only	1.0	0.03	18	broker_selected_rank	0.9391156758715186
assessment_only	1.0	0.03	18	mean_degree	15.373550000000003
assessment_only	1.0	0.03	18	net_output_per_requested_position	4.173964730467043
assessment_only	1.0	0.03	18	outsourcing_rate	0.9797537192865325
assessment_only	1.0	0.03	18	q_gap	1.28977116982169
assessment_only	1.0	0.03	18	rank_gap	0.23840656660412757
assessment_only	1.0	0.03	18	self_fill_rate	0.9944410951777064
assessment_only	1.0	0.03	18	self_net_output_per_requested_position	2.883880347181385
assessment_only	1.0	0.03	19	access_fraction	0.1346933512790746
assessment_only	1.0	0.03	19	agent_holdout_rank	0.732680675422139
assessment_only	1.0	0.03	19	betweenness	0.6975172653971717
assessment_only	1.0	0.03	19	broker_fill_rate	0.9998956865416698
assessment_only	1.0	0.03	19	broker_holdout_rank	0.982297373358349
assessment_only	1.0	0.03	19	broker_net_output_per_requested_position	4.1441457941893525
assessment_only	1.0	0.03	19	broker_selected_rank	0.9292422785432823
assessment_only	1.0	0.03	19	mean_degree	15.453899999999999
assessment_only	1.0	0.03	19	net_output_per_requested_position	4.105378306883955
assessment_only	1.0	0.03	19	outsourcing_rate	0.9689302980226528
assessment_only	1.0	0.03	19	q_gap	1.2250111409158193
assessment_only	1.0	0.03	19	rank_gap	0.24961669793621014
assessment_only	1.0	0.03	19	self_fill_rate	0.997272328889976
assessment_only	1.0	0.03	19	self_net_output_per_requested_position	2.901018709668169
assessment_only	1.0	0.03	2	access_fraction	0.15075393918801383
assessment_only	1.0	0.03	2	agent_holdout_rank	0.7688471857410881
assessment_only	1.0	0.03	2	betweenness	0.7082167929533569
assessment_only	1.0	0.03	2	broker_fill_rate	0.9961477051134555
assessment_only	1.0	0.03	2	broker_holdout_rank	0.9454848030018763
assessment_only	1.0	0.03	2	broker_net_output_per_requested_position	4.302500092058326
assessment_only	1.0	0.03	2	broker_selected_rank	0.8798498417374236
assessment_only	1.0	0.03	2	mean_degree	16.343750000000004
assessment_only	1.0	0.03	2	net_output_per_requested_position	4.179850546213153
assessment_only	1.0	0.03	2	outsourcing_rate	0.8881637532710368
assessment_only	1.0	0.03	2	q_gap	1.117646475615801
assessment_only	1.0	0.03	2	rank_gap	0.17663761726078817
assessment_only	1.0	0.03	2	self_fill_rate	0.9974709256162215
assessment_only	1.0	0.03	2	self_net_output_per_requested_position	3.1814046280666957
assessment_only	1.0	0.03	20	access_fraction	0.1339560536398567
assessment_only	1.0	0.03	20	agent_holdout_rank	0.663940712945591
assessment_only	1.0	0.03	20	betweenness	0.7392672293501228
assessment_only	1.0	0.03	20	broker_fill_rate	0.9998988946449302
assessment_only	1.0	0.03	20	broker_holdout_rank	0.9645413696060038
assessment_only	1.0	0.03	20	broker_net_output_per_requested_position	4.200290665028378
assessment_only	1.0	0.03	20	broker_selected_rank	0.9081436100960187
assessment_only	1.0	0.03	20	mean_degree	15.301450000000003
assessment_only	1.0	0.03	20	net_output_per_requested_position	4.188773699760984
assessment_only	1.0	0.03	20	outsourcing_rate	0.989127395043943
assessment_only	1.0	0.03	20	q_gap	1.0502033597704872
assessment_only	1.0	0.03	20	rank_gap	0.3006006566604128
assessment_only	1.0	0.03	20	self_fill_rate	1.0
assessment_only	1.0	0.03	20	self_net_output_per_requested_position	3.1395547336730134
assessment_only	1.0	0.03	3	access_fraction	0.14990290036482484
assessment_only	1.0	0.03	3	agent_holdout_rank	0.8036569418386493
assessment_only	1.0	0.03	3	betweenness	0.5639435105823478
assessment_only	1.0	0.03	3	broker_fill_rate	0.9993333519630282
assessment_only	1.0	0.03	3	broker_holdout_rank	0.9943465290806754
assessment_only	1.0	0.03	3	broker_net_output_per_requested_position	4.024460402417044
assessment_only	1.0	0.03	3	broker_selected_rank	0.9469203677520255
assessment_only	1.0	0.03	3	mean_degree	17.06765
assessment_only	1.0	0.03	3	net_output_per_requested_position	4.148141814474349
assessment_only	1.0	0.03	3	outsourcing_rate	0.6657249593178751
assessment_only	1.0	0.03	3	q_gap	-0.33460132385416236
assessment_only	1.0	0.03	3	rank_gap	0.19068958724202606
assessment_only	1.0	0.03	3	self_fill_rate	0.9968421309980882
assessment_only	1.0	0.03	3	self_net_output_per_requested_position	4.396077429323821
assessment_only	1.0	0.03	4	access_fraction	0.13945322764576656
assessment_only	1.0	0.03	4	agent_holdout_rank	0.780512851782364
assessment_only	1.0	0.03	4	betweenness	0.7072234077814226
assessment_only	1.0	0.03	4	broker_fill_rate	0.999617538075747
assessment_only	1.0	0.03	4	broker_holdout_rank	0.9863895872420263
assessment_only	1.0	0.03	4	broker_net_output_per_requested_position	4.331876873282776
assessment_only	1.0	0.03	4	broker_selected_rank	0.9533389382865141
assessment_only	1.0	0.03	4	mean_degree	15.779750000000002
assessment_only	1.0	0.03	4	net_output_per_requested_position	4.2644421813399775
assessment_only	1.0	0.03	4	outsourcing_rate	0.9437188905736994
assessment_only	1.0	0.03	4	q_gap	1.1759647204104364
assessment_only	1.0	0.03	4	rank_gap	0.20587673545966217
assessment_only	1.0	0.03	4	self_fill_rate	0.9960134660640978
assessment_only	1.0	0.03	4	self_net_output_per_requested_position	3.1320668130355136
assessment_only	1.0	0.03	5	access_fraction	0.13561253809208967
assessment_only	1.0	0.03	5	agent_holdout_rank	0.6956135084427768
assessment_only	1.0	0.03	5	betweenness	0.7590830801565851
assessment_only	1.0	0.03	5	broker_fill_rate	0.9998153270869166
assessment_only	1.0	0.03	5	broker_holdout_rank	0.9845238273921199
assessment_only	1.0	0.03	5	broker_net_output_per_requested_position	4.084598328871648
assessment_only	1.0	0.03	5	broker_selected_rank	0.920696956978935
assessment_only	1.0	0.03	5	mean_degree	15.295399999999997
assessment_only	1.0	0.03	5	net_output_per_requested_position	4.058148949676701
assessment_only	1.0	0.03	5	outsourcing_rate	0.9765183601088371
assessment_only	1.0	0.03	5	q_gap	1.1142651898507172
assessment_only	1.0	0.03	5	rank_gap	0.2889103189493433
assessment_only	1.0	0.03	5	self_fill_rate	0.9991525423728813
assessment_only	1.0	0.03	5	self_net_output_per_requested_position	2.9585206724401454
assessment_only	1.0	0.03	6	access_fraction	0.1267585225477311
assessment_only	1.0	0.03	6	agent_holdout_rank	0.682442120075047
assessment_only	1.0	0.03	6	betweenness	0.7091572587378714
assessment_only	1.0	0.03	6	broker_fill_rate	0.9998980738637566
assessment_only	1.0	0.03	6	broker_holdout_rank	0.9783872420262663
assessment_only	1.0	0.03	6	broker_net_output_per_requested_position	4.196034397213843
assessment_only	1.0	0.03	6	broker_selected_rank	0.91433400300496
assessment_only	1.0	0.03	6	mean_degree	15.85845
assessment_only	1.0	0.03	6	net_output_per_requested_position	4.173731470270343
assessment_only	1.0	0.03	6	outsourcing_rate	0.9808764093637683
assessment_only	1.0	0.03	6	q_gap	1.1482751933940505
assessment_only	1.0	0.03	6	rank_gap	0.29594512195121936
assessment_only	1.0	0.03	6	self_fill_rate	0.997593026281551
assessment_only	1.0	0.03	6	self_net_output_per_requested_position	3.0307841019411854
assessment_only	1.0	0.03	7	access_fraction	0.13552270143283401
assessment_only	1.0	0.03	7	agent_holdout_rank	0.7645353658536586
assessment_only	1.0	0.03	7	betweenness	0.6726623926270054
assessment_only	1.0	0.03	7	broker_fill_rate	0.9997043128123055
assessment_only	1.0	0.03	7	broker_holdout_rank	0.9803244840525327
assessment_only	1.0	0.03	7	broker_net_output_per_requested_position	4.270354062999508
assessment_only	1.0	0.03	7	broker_selected_rank	0.95046252921149
assessment_only	1.0	0.03	7	mean_degree	15.754699999999996
assessment_only	1.0	0.03	7	net_output_per_requested_position	4.211659269546258
assessment_only	1.0	0.03	7	outsourcing_rate	0.9498894193945258
assessment_only	1.0	0.03	7	q_gap	1.1529901156567268
assessment_only	1.0	0.03	7	rank_gap	0.21578911819887425
assessment_only	1.0	0.03	7	self_fill_rate	0.997937736306184
assessment_only	1.0	0.03	7	self_net_output_per_requested_position	3.101177225829261
assessment_only	1.0	0.03	8	access_fraction	0.1415818401208341
assessment_only	1.0	0.03	8	agent_holdout_rank	0.7256981238273921
assessment_only	1.0	0.03	8	betweenness	0.7175001828815061
assessment_only	1.0	0.03	8	broker_fill_rate	0.9993846703847391
assessment_only	1.0	0.03	8	broker_holdout_rank	0.9879636022514072
assessment_only	1.0	0.03	8	broker_net_output_per_requested_position	4.096445238806983
assessment_only	1.0	0.03	8	broker_selected_rank	0.9436823279367272
assessment_only	1.0	0.03	8	mean_degree	14.857999999999999
assessment_only	1.0	0.03	8	net_output_per_requested_position	4.030744441264217
assessment_only	1.0	0.03	8	outsourcing_rate	0.9480567474967684
assessment_only	1.0	0.03	8	q_gap	1.2314565881841735
assessment_only	1.0	0.03	8	rank_gap	0.2622654784240151
assessment_only	1.0	0.03	8	self_fill_rate	0.9920077588883558
assessment_only	1.0	0.03	8	self_net_output_per_requested_position	2.8319101339002377
assessment_only	1.0	0.03	9	access_fraction	0.14779930931404817
assessment_only	1.0	0.03	9	agent_holdout_rank	0.7447180112570357
assessment_only	1.0	0.03	9	betweenness	0.7371951150927601
assessment_only	1.0	0.03	9	broker_fill_rate	0.9996986052561259
assessment_only	1.0	0.03	9	broker_holdout_rank	0.979862382739212
assessment_only	1.0	0.03	9	broker_net_output_per_requested_position	4.257498720760079
assessment_only	1.0	0.03	9	broker_selected_rank	0.9173698798893895
assessment_only	1.0	0.03	9	mean_degree	16.04185
assessment_only	1.0	0.03	9	net_output_per_requested_position	4.161778438776049
assessment_only	1.0	0.03	9	outsourcing_rate	0.9199456405978225
assessment_only	1.0	0.03	9	q_gap	1.1717221719481028
assessment_only	1.0	0.03	9	rank_gap	0.2351443714821763
assessment_only	1.0	0.03	9	self_fill_rate	0.9972541259643958
assessment_only	1.0	0.03	9	self_net_output_per_requested_position	3.0643563557885547
full	0.0	0.0	1	access_fraction	0.011859771104015796
full	0.0	0.0	1	agent_holdout_rank	0.6516818011257035
full	0.0	0.0	1	betweenness	0.1336081551881666
full	0.0	0.0	1	broker_fill_rate	0.9975591280529091
full	0.0	0.0	1	broker_holdout_rank	0.8490664165103189
full	0.0	0.0	1	broker_net_output_per_requested_position	5.487764177743131
full	0.0	0.0	1	broker_selected_rank	0.9427825423018955
full	0.0	0.0	1	mean_degree	75.66655
full	0.0	0.0	1	net_output_per_requested_position	5.4334241759376996
full	0.0	0.0	1	outsourcing_rate	0.6485293747992505
full	0.0	0.0	1	q_gap	0.15531023443406672
full	0.0	0.0	1	rank_gap	0.19738461538461538
full	0.0	0.0	1	self_fill_rate	0.9995467576722019
full	0.0	0.0	1	self_net_output_per_requested_position	5.3332120833328975
full	0.0	0.0	10	access_fraction	0.0008100525784144484
full	0.0	0.0	10	agent_holdout_rank	0.6690782363977485
full	0.0	0.0	10	betweenness	0.23712584533898054
full	0.0	0.0	10	broker_fill_rate	0.9999135157742621
full	0.0	0.0	10	broker_holdout_rank	0.882684990619137
full	0.0	0.0	10	broker_net_output_per_requested_position	5.113077515015933
full	0.0	0.0	10	broker_selected_rank	0.9312536181868099
full	0.0	0.0	10	mean_degree	62.046499999999995
full	0.0	0.0	10	net_output_per_requested_position	5.1600398343917
full	0.0	0.0	10	outsourcing_rate	0.6971959125191539
full	0.0	0.0	10	q_gap	-0.15299439382012414
full	0.0	0.0	10	rank_gap	0.21360675422138833
full	0.0	0.0	10	self_fill_rate	0.9999357326478149
full	0.0	0.0	10	self_net_output_per_requested_position	5.268237721976104
full	0.0	0.0	11	access_fraction	0.0012820738038519324
full	0.0	0.0	11	agent_holdout_rank	0.696431425891182
full	0.0	0.0	11	betweenness	0.24044823231652862
full	0.0	0.0	11	broker_fill_rate	0.9996065526087202
full	0.0	0.0	11	broker_holdout_rank	0.8488019699812384
full	0.0	0.0	11	broker_net_output_per_requested_position	5.490417476611986
full	0.0	0.0	11	broker_selected_rank	0.9726459969909845
full	0.0	0.0	11	mean_degree	53.005349999999986
full	0.0	0.0	11	net_output_per_requested_position	5.64126659176654
full	0.0	0.0	11	outsourcing_rate	0.6588136992745255
full	0.0	0.0	11	q_gap	-0.44327150460870524
full	0.0	0.0	11	rank_gap	0.15237054409005618
full	0.0	0.0	11	self_fill_rate	0.9998819084267471
full	0.0	0.0	11	self_net_output_per_requested_position	5.932306521767405
full	0.0	0.0	12	access_fraction	0.0016308752580734154
full	0.0	0.0	12	agent_holdout_rank	0.6217935272045028
full	0.0	0.0	12	betweenness	0.2556434434531827
full	0.0	0.0	12	broker_fill_rate	0.9999716392512763
full	0.0	0.0	12	broker_holdout_rank	0.6127693245778613
full	0.0	0.0	12	broker_net_output_per_requested_position	5.413963987188812
full	0.0	0.0	12	broker_selected_rank	0.9597044466209514
full	0.0	0.0	12	mean_degree	56.7284
full	0.0	0.0	12	net_output_per_requested_position	5.452063058039583
full	0.0	0.0	12	outsourcing_rate	0.6856810288302138
full	0.0	0.0	12	q_gap	-0.1366853915341435
full	0.0	0.0	12	rank_gap	-0.009024202626641564
full	0.0	0.0	12	self_fill_rate	0.9998125749023876
full	0.0	0.0	12	self_net_output_per_requested_position	5.535280851082387
full	0.0	0.0	13	access_fraction	0.001622933785583482
full	0.0	0.0	13	agent_holdout_rank	0.6865761726078798
full	0.0	0.0	13	betweenness	0.21144175228420586
full	0.0	0.0	13	broker_fill_rate	0.9999064122108969
full	0.0	0.0	13	broker_holdout_rank	0.8398064727954972
full	0.0	0.0	13	broker_net_output_per_requested_position	5.615870683141682
full	0.0	0.0	13	broker_selected_rank	0.962233221347509
full	0.0	0.0	13	mean_degree	60.57090000000001
full	0.0	0.0	13	net_output_per_requested_position	5.792521072462339
full	0.0	0.0	13	outsourcing_rate	0.6432214262671516
full	0.0	0.0	13	q_gap	-0.4957678536737616
full	0.0	0.0	13	rank_gap	0.15323030018761724
full	0.0	0.0	13	self_fill_rate	0.9996061085277199
full	0.0	0.0	13	self_net_output_per_requested_position	6.11131364761812
full	0.0	0.0	14	access_fraction	0.000829546987193965
full	0.0	0.0	14	agent_holdout_rank	0.6033015947467166
full	0.0	0.0	14	betweenness	0.17918972367736427
full	0.0	0.0	14	broker_fill_rate	0.9998348910098089
full	0.0	0.0	14	broker_holdout_rank	0.8485003752345215
full	0.0	0.0	14	broker_net_output_per_requested_position	4.718980813538109
full	0.0	0.0	14	broker_selected_rank	0.8869500047699528
full	0.0	0.0	14	mean_degree	72.0178
full	0.0	0.0	14	net_output_per_requested_position	4.678919881969145
full	0.0	0.0	14	outsourcing_rate	0.7188656953644924
full	0.0	0.0	14	q_gap	0.14377647096382834
full	0.0	0.0	14	rank_gap	0.2451987804878048
full	0.0	0.0	14	self_fill_rate	0.9997132569045032
full	0.0	0.0	14	self_net_output_per_requested_position	4.576415415019897
full	0.0	0.0	15	access_fraction	0.0045179195937183995
full	0.0	0.0	15	agent_holdout_rank	0.579277392120075
full	0.0	0.0	15	betweenness	0.2655390975997074
full	0.0	0.0	15	broker_fill_rate	0.999689398138148
full	0.0	0.0	15	broker_holdout_rank	0.7425272045028144
full	0.0	0.0	15	broker_net_output_per_requested_position	4.82547594071374
full	0.0	0.0	15	broker_selected_rank	0.8892343727981137
full	0.0	0.0	15	mean_degree	56.33415
full	0.0	0.0	15	net_output_per_requested_position	4.880306245054863
full	0.0	0.0	15	outsourcing_rate	0.6480797239273511
full	0.0	0.0	15	q_gap	-0.1657802249891535
full	0.0	0.0	15	rank_gap	0.16324981238273933
full	0.0	0.0	15	self_fill_rate	0.999768785781647
full	0.0	0.0	15	self_net_output_per_requested_position	4.981151141400668
full	0.0	0.0	16	access_fraction	0.011162234231298338
full	0.0	0.0	16	agent_holdout_rank	0.5486046904315196
full	0.0	0.0	16	betweenness	0.11503567063076674
full	0.0	0.0	16	broker_fill_rate	0.9986357065532946
full	0.0	0.0	16	broker_holdout_rank	0.8520713883677298
full	0.0	0.0	16	broker_net_output_per_requested_position	4.774443395650442
full	0.0	0.0	16	broker_selected_rank	0.9271535427720874
full	0.0	0.0	16	mean_degree	81.20790000000001
full	0.0	0.0	16	net_output_per_requested_position	4.807917137259232
full	0.0	0.0	16	outsourcing_rate	0.6871798291710806
full	0.0	0.0	16	q_gap	-0.0960864880001167
full	0.0	0.0	16	rank_gap	0.30346669793621
full	0.0	0.0	16	self_fill_rate	0.9998070899807068
full	0.0	0.0	16	self_net_output_per_requested_position	4.881732479582088
full	0.0	0.0	17	access_fraction	0.0009310665655473886
full	0.0	0.0	17	agent_holdout_rank	0.6281201688555347
full	0.0	0.0	17	betweenness	0.2423304838897807
full	0.0	0.0	17	broker_fill_rate	0.9997755281314127
full	0.0	0.0	17	broker_holdout_rank	0.5145326454033772
full	0.0	0.0	17	broker_net_output_per_requested_position	5.357187805297979
full	0.0	0.0	17	broker_selected_rank	0.9513186715720371
full	0.0	0.0	17	mean_degree	52.870999999999995
full	0.0	0.0	17	net_output_per_requested_position	5.37217363308053
full	0.0	0.0	17	outsourcing_rate	0.6237710987978521
full	0.0	0.0	17	q_gap	-0.07131784536049963
full	0.0	0.0	17	rank_gap	-0.11358752345215757
full	0.0	0.0	17	self_fill_rate	0.9996283366771461
full	0.0	0.0	17	self_net_output_per_requested_position	5.3967750077075625
full	0.0	0.0	18	access_fraction	0.0019807782014578455
full	0.0	0.0	18	agent_holdout_rank	0.6279913696060038
full	0.0	0.0	18	betweenness	0.2306413911869624
full	0.0	0.0	18	broker_fill_rate	0.9995298633765988
full	0.0	0.0	18	broker_holdout_rank	0.8551406191369606
full	0.0	0.0	18	broker_net_output_per_requested_position	5.079948070961751
full	0.0	0.0	18	broker_selected_rank	0.9406499238448737
full	0.0	0.0	18	mean_degree	63.655449999999995
full	0.0	0.0	18	net_output_per_requested_position	5.240999112159548
full	0.0	0.0	18	outsourcing_rate	0.678179448459574
full	0.0	0.0	18	q_gap	-0.47508575395365293
full	0.0	0.0	18	rank_gap	0.22714924953095697
full	0.0	0.0	18	self_fill_rate	0.9996856477775016
full	0.0	0.0	18	self_net_output_per_requested_position	5.580363638149771
full	0.0	0.0	19	access_fraction	0.0011506180055452027
full	0.0	0.0	19	agent_holdout_rank	0.627755722326454
full	0.0	0.0	19	betweenness	0.32306394476389233
full	0.0	0.0	19	broker_fill_rate	1.0
full	0.0	0.0	19	broker_holdout_rank	0.7992555347091933
full	0.0	0.0	19	broker_net_output_per_requested_position	5.041795509816607
full	0.0	0.0	19	broker_selected_rank	0.9156206327547449
full	0.0	0.0	19	mean_degree	50.705
full	0.0	0.0	19	net_output_per_requested_position	5.1178316537401995
full	0.0	0.0	19	outsourcing_rate	0.7140354276328036
full	0.0	0.0	19	q_gap	-0.2734384508138136
full	0.0	0.0	19	rank_gap	0.1714998123827392
full	0.0	0.0	19	self_fill_rate	0.9997217976543243
full	0.0	0.0	19	self_net_output_per_requested_position	5.3077613079851105
full	0.0	0.0	2	access_fraction	0.0022437357831904233
full	0.0	0.0	2	agent_holdout_rank	0.6324367729831144
full	0.0	0.0	2	betweenness	0.2235717003077109
full	0.0	0.0	2	broker_fill_rate	0.9986414441959415
full	0.0	0.0	2	broker_holdout_rank	0.8076048780487806
full	0.0	0.0	2	broker_net_output_per_requested_position	4.868746045940204
full	0.0	0.0	2	broker_selected_rank	0.9338143691732631
full	0.0	0.0	2	mean_degree	56.62955000000001
full	0.0	0.0	2	net_output_per_requested_position	5.02735103689332
full	0.0	0.0	2	outsourcing_rate	0.5997455365342284
full	0.0	0.0	2	q_gap	-0.3854991858035361
full	0.0	0.0	2	rank_gap	0.17516810506566607
full	0.0	0.0	2	self_fill_rate	0.9996988312207911
full	0.0	0.0	2	self_net_output_per_requested_position	5.265125670172706
full	0.0	0.0	20	access_fraction	0.0010313785330824982
full	0.0	0.0	20	agent_holdout_rank	0.6370412757973732
full	0.0	0.0	20	betweenness	0.34209575601953157
full	0.0	0.0	20	broker_fill_rate	0.9997133719133995
full	0.0	0.0	20	broker_holdout_rank	0.8711257035647281
full	0.0	0.0	20	broker_net_output_per_requested_position	5.096623329494852
full	0.0	0.0	20	broker_selected_rank	0.9258007611111181
full	0.0	0.0	20	mean_degree	47.2291
full	0.0	0.0	20	net_output_per_requested_position	5.1484629430824675
full	0.0	0.0	20	outsourcing_rate	0.6977931619399905
full	0.0	0.0	20	q_gap	-0.1520040661268783
full	0.0	0.0	20	rank_gap	0.23408442776735475
full	0.0	0.0	20	self_fill_rate	0.9999348109517602
full	0.0	0.0	20	self_net_output_per_requested_position	5.268053541010927
full	0.0	0.0	3	access_fraction	0.004193313632878112
full	0.0	0.0	3	agent_holdout_rank	0.6973364915572233
full	0.0	0.0	3	betweenness	0.16875384087811518
full	0.0	0.0	3	broker_fill_rate	0.9996075418904933
full	0.0	0.0	3	broker_holdout_rank	0.8838242026266416
full	0.0	0.0	3	broker_net_output_per_requested_position	4.735436932474082
full	0.0	0.0	3	broker_selected_rank	0.9161355881068871
full	0.0	0.0	3	mean_degree	58.57370000000001
full	0.0	0.0	3	net_output_per_requested_position	4.912646391916059
full	0.0	0.0	3	outsourcing_rate	0.5125550474475483
full	0.0	0.0	3	q_gap	-0.3750469219507776
full	0.0	0.0	3	rank_gap	0.18648771106941828
full	0.0	0.0	3	self_fill_rate	0.9995872622592262
full	0.0	0.0	3	self_net_output_per_requested_position	5.099060380490445
full	0.0	0.0	4	access_fraction	0.009452795524240613
full	0.0	0.0	4	agent_holdout_rank	0.7143700750469043
full	0.0	0.0	4	betweenness	0.10863428324790896
full	0.0	0.0	4	broker_fill_rate	0.9967950726918897
full	0.0	0.0	4	broker_holdout_rank	0.8490692307692308
full	0.0	0.0	4	broker_net_output_per_requested_position	6.033491025555215
full	0.0	0.0	4	broker_selected_rank	0.9311856887682435
full	0.0	0.0	4	mean_degree	60.88555
full	0.0	0.0	4	net_output_per_requested_position	5.996776653692227
full	0.0	0.0	4	outsourcing_rate	0.38133897022178054
full	0.0	0.0	4	q_gap	0.0709579717171371
full	0.0	0.0	4	rank_gap	0.1346991557223265
full	0.0	0.0	4	self_fill_rate	0.9998040880795646
full	0.0	0.0	4	self_net_output_per_requested_position	5.973974176552177
full	0.0	0.0	5	access_fraction	0.0012715405752349615
full	0.0	0.0	5	agent_holdout_rank	0.6349893996247654
full	0.0	0.0	5	betweenness	0.15191301733351054
full	0.0	0.0	5	broker_fill_rate	0.9998541189192995
full	0.0	0.0	5	broker_holdout_rank	0.8752333958724202
full	0.0	0.0	5	broker_net_output_per_requested_position	5.152410821099427
full	0.0	0.0	5	broker_selected_rank	0.9605734026196894
full	0.0	0.0	5	mean_degree	59.26219999999999
full	0.0	0.0	5	net_output_per_requested_position	5.263520279128512
full	0.0	0.0	5	outsourcing_rate	0.5495140422805658
full	0.0	0.0	5	q_gap	-0.25882154203278585
full	0.0	0.0	5	rank_gap	0.24024399624765486
full	0.0	0.0	5	self_fill_rate	0.9997797708929339
full	0.0	0.0	5	self_net_output_per_requested_position	5.3990860309825885
full	0.0	0.0	6	access_fraction	0.013139567780632055
full	0.0	0.0	6	agent_holdout_rank	0.6321959662288931
full	0.0	0.0	6	betweenness	0.12088633251983909
full	0.0	0.0	6	broker_fill_rate	0.9963796890281023
full	0.0	0.0	6	broker_holdout_rank	0.8658659474671669
full	0.0	0.0	6	broker_net_output_per_requested_position	5.513869031490573
full	0.0	0.0	6	broker_selected_rank	0.9237312304521119
full	0.0	0.0	6	mean_degree	75.6262
full	0.0	0.0	6	net_output_per_requested_position	5.457784991023835
full	0.0	0.0	6	outsourcing_rate	0.6201932941629129
full	0.0	0.0	6	q_gap	0.15025134492260897
full	0.0	0.0	6	rank_gap	0.23366998123827387
full	0.0	0.0	6	self_fill_rate	0.9996828329549172
full	0.0	0.0	6	self_net_output_per_requested_position	5.366622223256013
full	0.0	0.0	7	access_fraction	0.0014153818680686264
full	0.0	0.0	7	agent_holdout_rank	0.6027941838649157
full	0.0	0.0	7	betweenness	0.25029112305697615
full	0.0	0.0	7	broker_fill_rate	0.9996945268370624
full	0.0	0.0	7	broker_holdout_rank	0.7901842401500937
full	0.0	0.0	7	broker_net_output_per_requested_position	4.7419302656548545
full	0.0	0.0	7	broker_selected_rank	0.8912322765255591
full	0.0	0.0	7	mean_degree	54.86709999999999
full	0.0	0.0	7	net_output_per_requested_position	4.819819708664432
full	0.0	0.0	7	outsourcing_rate	0.6503003388195984
full	0.0	0.0	7	q_gap	-0.21296503519186522
full	0.0	0.0	7	rank_gap	0.18739005628517807
full	0.0	0.0	7	self_fill_rate	0.9998860798090086
full	0.0	0.0	7	self_net_output_per_requested_position	4.964506382387581
full	0.0	0.0	8	access_fraction	0.004025669710646868
full	0.0	0.0	8	agent_holdout_rank	0.5564115384615385
full	0.0	0.0	8	betweenness	0.21785363197675559
full	0.0	0.0	8	broker_fill_rate	0.9995897135875749
full	0.0	0.0	8	broker_holdout_rank	0.8108754221388368
full	0.0	0.0	8	broker_net_output_per_requested_position	4.610133553122852
full	0.0	0.0	8	broker_selected_rank	0.9040579579623544
full	0.0	0.0	8	mean_degree	63.43885
full	0.0	0.0	8	net_output_per_requested_position	4.681125155972873
full	0.0	0.0	8	outsourcing_rate	0.6845778852705757
full	0.0	0.0	8	q_gap	-0.2331000680481765
full	0.0	0.0	8	rank_gap	0.2544638836772984
full	0.0	0.0	8	self_fill_rate	0.9998084111517466
full	0.0	0.0	8	self_net_output_per_requested_position	4.835459281733779
full	0.0	0.0	9	access_fraction	0.004830866834501662
full	0.0	0.0	9	agent_holdout_rank	0.6338481238273921
full	0.0	0.0	9	betweenness	0.16262735711813497
full	0.0	0.0	9	broker_fill_rate	0.9980661495162895
full	0.0	0.0	9	broker_holdout_rank	0.811051407129456
full	0.0	0.0	9	broker_net_output_per_requested_position	5.259299940759863
full	0.0	0.0	9	broker_selected_rank	0.9352494144980243
full	0.0	0.0	9	mean_degree	65.29870000000001
full	0.0	0.0	9	net_output_per_requested_position	5.345262920578623
full	0.0	0.0	9	outsourcing_rate	0.5556878970102332
full	0.0	0.0	9	q_gap	-0.18049890297449972
full	0.0	0.0	9	rank_gap	0.17720328330206392
full	0.0	0.0	9	self_fill_rate	0.9997300117869166
full	0.0	0.0	9	self_net_output_per_requested_position	5.45283354824845
full	0.0	0.01	1	access_fraction	0.08607938545866153
full	0.0	0.01	1	agent_holdout_rank	0.6205954033771108
full	0.0	0.01	1	betweenness	0.691899830383424
full	0.0	0.01	1	broker_fill_rate	0.997723200716042
full	0.0	0.01	1	broker_holdout_rank	0.8444410881801125
full	0.0	0.01	1	broker_net_output_per_requested_position	5.70415942271149
full	0.0	0.01	1	broker_selected_rank	0.9393935124197347
full	0.0	0.01	1	mean_degree	22.5835
full	0.0	0.01	1	net_output_per_requested_position	5.4677931024481605
full	0.0	0.01	1	outsourcing_rate	0.8711491830225337
full	0.0	0.01	1	q_gap	1.8190705124608926
full	0.0	0.01	1	rank_gap	0.22384568480300193
full	0.0	0.01	1	self_fill_rate	0.9991081444986477
full	0.0	0.01	1	self_net_output_per_requested_position	3.8708404330511677
full	0.0	0.01	10	access_fraction	0.08504087759759547
full	0.0	0.01	10	agent_holdout_rank	0.6163147914416207
full	0.0	0.01	10	betweenness	0.7297242120341558
full	0.0	0.01	10	broker_fill_rate	0.9976735600418205
full	0.0	0.01	10	broker_holdout_rank	0.8915046762180909
full	0.0	0.01	10	broker_net_output_per_requested_position	5.195076314809976
full	0.0	0.01	10	broker_selected_rank	0.9066679805505071
full	0.0	0.01	10	mean_degree	23.125800000000005
full	0.0	0.01	10	net_output_per_requested_position	5.093286715236459
full	0.0	0.01	10	outsourcing_rate	0.9243398777950608
full	0.0	0.01	10	q_gap	1.323781399443469
full	0.0	0.01	10	rank_gap	0.27518988477647005
full	0.0	0.01	10	self_fill_rate	0.9965751601782828
full	0.0	0.01	10	self_net_output_per_requested_position	3.850479419845013
full	0.0	0.01	11	access_fraction	0.06322461013854405
full	0.0	0.01	11	agent_holdout_rank	0.6719025868440502
full	0.0	0.01	11	betweenness	0.7824508607685725
full	0.0	0.01	11	broker_fill_rate	0.9998754093137647
full	0.0	0.01	11	broker_holdout_rank	0.8411310951920707
full	0.0	0.01	11	broker_net_output_per_requested_position	5.787844014051146
full	0.0	0.01	11	broker_selected_rank	0.9711564220025544
full	0.0	0.01	11	mean_degree	17.797050000000002
full	0.0	0.01	11	net_output_per_requested_position	5.7265142833791725
full	0.0	0.01	11	outsourcing_rate	0.9678021884739193
full	0.0	0.01	11	q_gap	1.8704525779283163
full	0.0	0.01	11	rank_gap	0.16922850834802056
full	0.0	0.01	11	self_fill_rate	0.9988504228329809
full	0.0	0.01	11	self_net_output_per_requested_position	3.8904327267485654
full	0.0	0.01	12	access_fraction	0.067381777994578
full	0.0	0.01	12	agent_holdout_rank	0.621454033771107
full	0.0	0.01	12	betweenness	0.7994801936410427
full	0.0	0.01	12	broker_fill_rate	0.9999379567248677
full	0.0	0.01	12	broker_holdout_rank	0.6891911819887429
full	0.0	0.01	12	broker_net_output_per_requested_position	5.591052571575622
full	0.0	0.01	12	broker_selected_rank	0.9629088973165368
full	0.0	0.01	12	mean_degree	21.96425
full	0.0	0.01	12	net_output_per_requested_position	5.541716298864919
full	0.0	0.01	12	outsourcing_rate	0.9715573957957252
full	0.0	0.01	12	q_gap	1.7014774476481485
full	0.0	0.01	12	rank_gap	0.06773714821763596
full	0.0	0.01	12	self_fill_rate	0.9979893899204244
full	0.0	0.01	12	self_net_output_per_requested_position	3.8558762334675505
full	0.0	0.01	13	access_fraction	0.05478473319153965
full	0.0	0.01	13	agent_holdout_rank	0.6692846153846154
full	0.0	0.01	13	betweenness	0.8087388242392096
full	0.0	0.01	13	broker_fill_rate	0.9997524716670124
full	0.0	0.01	13	broker_holdout_rank	0.8396060037523453
full	0.0	0.01	13	broker_net_output_per_requested_position	5.824244839700894
full	0.0	0.01	13	broker_selected_rank	0.9696652689423854
full	0.0	0.01	13	mean_degree	17.4483
full	0.0	0.01	13	net_output_per_requested_position	5.762932456178573
full	0.0	0.01	13	outsourcing_rate	0.9692431507194698
full	0.0	0.01	13	q_gap	1.9675220798397965
full	0.0	0.01	13	rank_gap	0.17032138836772992
full	0.0	0.01	13	self_fill_rate	1.0
full	0.0	0.01	13	self_net_output_per_requested_position	3.833791578652523
full	0.0	0.01	14	access_fraction	0.05567697238668644
full	0.0	0.01	14	agent_holdout_rank	0.6054425891181989
full	0.0	0.01	14	betweenness	0.8647273190516847
full	0.0	0.01	14	broker_fill_rate	0.9999801271860095
full	0.0	0.01	14	broker_holdout_rank	0.8129971857410883
full	0.0	0.01	14	broker_net_output_per_requested_position	4.77775418790358
full	0.0	0.01	14	broker_selected_rank	0.9143688687444342
full	0.0	0.01	14	mean_degree	17.0477
full	0.0	0.01	14	net_output_per_requested_position	4.768330573477812
full	0.0	0.01	14	outsourcing_rate	0.9932236516629123
full	0.0	0.01	14	q_gap	1.3598720475302317
full	0.0	0.01	14	rank_gap	0.20755459662288928
full	0.0	0.01	14	self_fill_rate	1.0
full	0.0	0.01	14	self_net_output_per_requested_position	3.388883849451306
full	0.0	0.01	15	access_fraction	0.08145454564405759
full	0.0	0.01	15	agent_holdout_rank	0.5621067542213883
full	0.0	0.01	15	betweenness	0.8270869190416903
full	0.0	0.01	15	broker_fill_rate	0.999793151883871
full	0.0	0.01	15	broker_holdout_rank	0.7793416510318949
full	0.0	0.01	15	broker_net_output_per_requested_position	4.95985048914204
full	0.0	0.01	15	broker_selected_rank	0.880927083323806
full	0.0	0.01	15	mean_degree	21.6022
full	0.0	0.01	15	net_output_per_requested_position	4.925181417721048
full	0.0	0.01	15	outsourcing_rate	0.9702050949331467
full	0.0	0.01	15	q_gap	1.1446118644611958
full	0.0	0.01	15	rank_gap	0.2172348968105066
full	0.0	0.01	15	self_fill_rate	0.9993243243243242
full	0.0	0.01	15	self_net_output_per_requested_position	3.795044632607066
full	0.0	0.01	16	access_fraction	0.05742657546593227
full	0.0	0.01	16	agent_holdout_rank	0.5382677298311445
full	0.0	0.01	16	betweenness	0.8319523322397986
full	0.0	0.01	16	broker_fill_rate	0.9999186891804264
full	0.0	0.01	16	broker_holdout_rank	0.8273891181988743
full	0.0	0.01	16	broker_net_output_per_requested_position	4.850748408454811
full	0.0	0.01	16	broker_selected_rank	0.9476848129355426
full	0.0	0.01	16	mean_degree	17.238599999999998
full	0.0	0.01	16	net_output_per_requested_position	4.831939890132709
full	0.0	0.01	16	outsourcing_rate	0.9820406233733256
full	0.0	0.01	16	q_gap	1.0186364804752799
full	0.0	0.01	16	rank_gap	0.2891213883677298
full	0.0	0.01	16	self_fill_rate	1.0
full	0.0	0.01	16	self_net_output_per_requested_position	3.8116606077493516
full	0.0	0.01	17	access_fraction	0.054949476952529455
full	0.0	0.01	17	agent_holdout_rank	0.6209788930581612
full	0.0	0.01	17	betweenness	0.8399755766378627
full	0.0	0.01	17	broker_fill_rate	1.0
full	0.0	0.01	17	broker_holdout_rank	0.6197237335834896
full	0.0	0.01	17	broker_net_output_per_requested_position	5.408720304099536
full	0.0	0.01	17	broker_selected_rank	0.9449616724274046
full	0.0	0.01	17	mean_degree	17.25575
full	0.0	0.01	17	net_output_per_requested_position	5.375116259448905
full	0.0	0.01	17	outsourcing_rate	0.9818733140911873
full	0.0	0.01	17	q_gap	1.804756643870558
full	0.0	0.01	17	rank_gap	-0.001255159474671652
full	0.0	0.01	17	self_fill_rate	0.9967610288262463
full	0.0	0.01	17	self_net_output_per_requested_position	3.554422713492259
full	0.0	0.01	18	access_fraction	0.061405566758305205
full	0.0	0.01	18	agent_holdout_rank	0.6005926829268292
full	0.0	0.01	18	betweenness	0.8062377402711032
full	0.0	0.01	18	broker_fill_rate	0.9998568329789546
full	0.0	0.01	18	broker_holdout_rank	0.8265497185741089
full	0.0	0.01	18	broker_net_output_per_requested_position	5.424704079133667
full	0.0	0.01	18	broker_selected_rank	0.9545178585317091
full	0.0	0.01	18	mean_degree	18.5566
full	0.0	0.01	18	net_output_per_requested_position	5.38202122471466
full	0.0	0.01	18	outsourcing_rate	0.9754417174911165
full	0.0	0.01	18	q_gap	1.7143253104472893
full	0.0	0.01	18	rank_gap	0.22595703564727948
full	0.0	0.01	18	self_fill_rate	0.99921875
full	0.0	0.01	18	self_net_output_per_requested_position	3.6911922934494514
full	0.0	0.01	19	access_fraction	0.04499359243456569
full	0.0	0.01	19	agent_holdout_rank	0.6182852720450281
full	0.0	0.01	19	betweenness	0.8576203901037747
full	0.0	0.01	19	broker_fill_rate	0.9999799116110888
full	0.0	0.01	19	broker_holdout_rank	0.8471184803001878
full	0.0	0.01	19	broker_net_output_per_requested_position	5.187233755224655
full	0.0	0.01	19	broker_selected_rank	0.928542864530737
full	0.0	0.01	19	mean_degree	17.043550000000003
full	0.0	0.01	19	net_output_per_requested_position	5.179738408776404
full	0.0	0.01	19	outsourcing_rate	0.9944407364825121
full	0.0	0.01	19	q_gap	1.3246598613393026
full	0.0	0.01	19	rank_gap	0.22883320825515954
full	0.0	0.01	19	self_fill_rate	1.0
full	0.0	0.01	19	self_net_output_per_requested_position	3.8406770476747676
full	0.0	0.01	2	access_fraction	0.055105850066314244
full	0.0	0.01	2	agent_holdout_rank	0.6044655722326454
full	0.0	0.01	2	betweenness	0.8559138782254225
full	0.0	0.01	2	broker_fill_rate	0.9998371335504885
full	0.0	0.01	2	broker_holdout_rank	0.8501970919324577
full	0.0	0.01	2	broker_net_output_per_requested_position	5.126663662627097
full	0.0	0.01	2	broker_selected_rank	0.9397325515010213
full	0.0	0.01	2	mean_degree	17.41895
full	0.0	0.01	2	net_output_per_requested_position	5.099902253939661
full	0.0	0.01	2	outsourcing_rate	0.9803292842646675
full	0.0	0.01	2	q_gap	1.3747893677620158
full	0.0	0.01	2	rank_gap	0.24573151969981236
full	0.0	0.01	2	self_fill_rate	0.9968960437710436
full	0.0	0.01	2	self_net_output_per_requested_position	3.763402640671405
full	0.0	0.01	20	access_fraction	0.047723003418182516
full	0.0	0.01	20	agent_holdout_rank	0.6026753283302064
full	0.0	0.01	20	betweenness	0.8718092885165085
full	0.0	0.01	20	broker_fill_rate	1.0
full	0.0	0.01	20	broker_holdout_rank	0.821706191369606
full	0.0	0.01	20	broker_net_output_per_requested_position	5.168397084582688
full	0.0	0.01	20	broker_selected_rank	0.9219952383807704
full	0.0	0.01	20	mean_degree	16.842549999999996
full	0.0	0.01	20	net_output_per_requested_position	5.157514442022738
full	0.0	0.01	20	outsourcing_rate	0.9919292998599529
full	0.0	0.01	20	q_gap	1.3261057940939676
full	0.0	0.01	20	rank_gap	0.21903086303939964
full	0.0	0.01	20	self_fill_rate	1.0
full	0.0	0.01	20	self_net_output_per_requested_position	3.8115449567086337
full	0.0	0.01	3	access_fraction	0.04467498289271531
full	0.0	0.01	3	agent_holdout_rank	0.6339882739212008
full	0.0	0.01	3	betweenness	0.8288923575148882
full	0.0	0.01	3	broker_fill_rate	1.0
full	0.0	0.01	3	broker_holdout_rank	0.8421985928705439
full	0.0	0.01	3	broker_net_output_per_requested_position	4.973613983784549
full	0.0	0.01	3	broker_selected_rank	0.9273137659535303
full	0.0	0.01	3	mean_degree	17.478249999999996
full	0.0	0.01	3	net_output_per_requested_position	4.953714516288739
full	0.0	0.01	3	outsourcing_rate	0.9845528987839861
full	0.0	0.01	3	q_gap	1.2594330310443818
full	0.0	0.01	3	rank_gap	0.20821031894934316
full	0.0	0.01	3	self_fill_rate	0.9967396714783474
full	0.0	0.01	3	self_net_output_per_requested_position	3.6918315048979444
full	0.0	0.01	4	access_fraction	0.05386242901317886
full	0.0	0.01	4	agent_holdout_rank	0.7315081613508443
full	0.0	0.01	4	betweenness	0.8563038649781894
full	0.0	0.01	4	broker_fill_rate	1.0
full	0.0	0.01	4	broker_holdout_rank	0.8616443714821761
full	0.0	0.01	4	broker_net_output_per_requested_position	6.096116689863316
full	0.0	0.01	4	broker_selected_rank	0.932626062839512
full	0.0	0.01	4	mean_degree	16.985400000000002
full	0.0	0.01	4	net_output_per_requested_position	6.08007841874984
full	0.0	0.01	4	outsourcing_rate	0.9847933061528631
full	0.0	0.01	4	q_gap	1.033750329237194
full	0.0	0.01	4	rank_gap	0.13013621013133203
full	0.0	0.01	4	self_fill_rate	1.0
full	0.0	0.01	4	self_net_output_per_requested_position	5.0481004781920165
full	0.0	0.01	5	access_fraction	0.05919060124122951
full	0.0	0.01	5	agent_holdout_rank	0.6146963414634146
full	0.0	0.01	5	betweenness	0.8198251768166351
full	0.0	0.01	5	broker_fill_rate	0.9996944717634566
full	0.0	0.01	5	broker_holdout_rank	0.8006517823639774
full	0.0	0.01	5	broker_net_output_per_requested_position	5.433849062913746
full	0.0	0.01	5	broker_selected_rank	0.963120860826438
full	0.0	0.01	5	mean_degree	17.642450000000004
full	0.0	0.01	5	net_output_per_requested_position	5.385568105315646
full	0.0	0.01	5	outsourcing_rate	0.9743805643968114
full	0.0	0.01	5	q_gap	1.8473769855164384
full	0.0	0.01	5	rank_gap	0.1859554409005629
full	0.0	0.01	5	self_fill_rate	0.9971793858710509
full	0.0	0.01	5	self_net_output_per_requested_position	3.5535878426043417
full	0.0	0.01	6	access_fraction	0.04845483906822036
full	0.0	0.01	6	agent_holdout_rank	0.6288359287054408
full	0.0	0.01	6	betweenness	0.8512166698906185
full	0.0	0.01	6	broker_fill_rate	0.9998781168044157
full	0.0	0.01	6	broker_holdout_rank	0.8244195121951219
full	0.0	0.01	6	broker_net_output_per_requested_position	5.516130969941479
full	0.0	0.01	6	broker_selected_rank	0.9554271703752922
full	0.0	0.01	6	mean_degree	17.208000000000002
full	0.0	0.01	6	net_output_per_requested_position	5.5019877257180525
full	0.0	0.01	6	outsourcing_rate	0.9883636031487333
full	0.0	0.01	6	q_gap	1.2576203334056228
full	0.0	0.01	6	rank_gap	0.195583583489681
full	0.0	0.01	6	self_fill_rate	1.0
full	0.0	0.01	6	self_net_output_per_requested_position	4.308189452613635
full	0.0	0.01	7	access_fraction	0.04641960055154863
full	0.0	0.01	7	agent_holdout_rank	0.5863727016885554
full	0.0	0.01	7	betweenness	0.8665013374050934
full	0.0	0.01	7	broker_fill_rate	0.9998788024655039
full	0.0	0.01	7	broker_holdout_rank	0.8310820825515947
full	0.0	0.01	7	broker_net_output_per_requested_position	4.887115998057654
full	0.0	0.01	7	broker_selected_rank	0.914894049327712
full	0.0	0.01	7	mean_degree	16.444349999999996
full	0.0	0.01	7	net_output_per_requested_position	4.885995868068286
full	0.0	0.01	7	outsourcing_rate	0.9967843361363464
full	0.0	0.01	7	q_gap	0.19803524582280924
full	0.0	0.01	7	rank_gap	0.24470938086303934
full	0.0	0.01	7	self_fill_rate	1.0
full	0.0	0.01	7	self_net_output_per_requested_position	4.664260397590593
full	0.0	0.01	8	access_fraction	0.05367169642341398
full	0.0	0.01	8	agent_holdout_rank	0.5378358348968104
full	0.0	0.01	8	betweenness	0.8561814136335137
full	0.0	0.01	8	broker_fill_rate	0.9999799839871898
full	0.0	0.01	8	broker_holdout_rank	0.8172713883677298
full	0.0	0.01	8	broker_net_output_per_requested_position	4.753312401876888
full	0.0	0.01	8	broker_selected_rank	0.9250497215215508
full	0.0	0.01	8	mean_degree	17.267699999999998
full	0.0	0.01	8	net_output_per_requested_position	4.741459049543019
full	0.0	0.01	8	outsourcing_rate	0.9900985374696383
full	0.0	0.01	8	q_gap	1.1609347879632632
full	0.0	0.01	8	rank_gap	0.27943555347091925
full	0.0	0.01	8	self_fill_rate	1.0
full	0.0	0.01	8	self_net_output_per_requested_position	3.5722376405219123
full	0.0	0.01	9	access_fraction	0.06215354126820234
full	0.0	0.01	9	agent_holdout_rank	0.6331177298311444
full	0.0	0.01	9	betweenness	0.8232438824095512
full	0.0	0.01	9	broker_fill_rate	0.9996685684183519
full	0.0	0.01	9	broker_holdout_rank	0.8897275797373358
full	0.0	0.01	9	broker_net_output_per_requested_position	5.459789484897275
full	0.0	0.01	9	broker_selected_rank	0.9533155227383482
full	0.0	0.01	9	mean_degree	19.423450000000003
full	0.0	0.01	9	net_output_per_requested_position	5.403630606721551
full	0.0	0.01	9	outsourcing_rate	0.9627744811119403
full	0.0	0.01	9	q_gap	1.4808737001477152
full	0.0	0.01	9	rank_gap	0.2566098499061914
full	0.0	0.01	9	self_fill_rate	0.9973431291514853
full	0.0	0.01	9	self_net_output_per_requested_position	3.9508774266519646
full	0.0	0.03	1	access_fraction	0.1647428751590407
full	0.0	0.03	1	agent_holdout_rank	0.6154591932457786
full	0.0	0.03	1	betweenness	0.8190606331347918
full	0.0	0.03	1	broker_fill_rate	0.9990801682878043
full	0.0	0.03	1	broker_holdout_rank	0.84383095684803
full	0.0	0.03	1	broker_net_output_per_requested_position	5.471471838603367
full	0.0	0.03	1	broker_selected_rank	0.9532293658954416
full	0.0	0.03	1	mean_degree	16.5169
full	0.0	0.03	1	net_output_per_requested_position	5.395363963415357
full	0.0	0.03	1	outsourcing_rate	0.9633162672344833
full	0.0	0.03	1	q_gap	2.0501905909007263
full	0.0	0.03	1	rank_gap	0.2283717636022513
full	0.0	0.03	1	self_fill_rate	0.9978952130491857
full	0.0	0.03	1	self_net_output_per_requested_position	3.3954514234140363
full	0.0	0.03	10	access_fraction	0.15808128716897313
full	0.0	0.03	10	agent_holdout_rank	0.6256257035647279
full	0.0	0.03	10	betweenness	0.8442715436276111
full	0.0	0.03	10	broker_fill_rate	0.9997372932275788
full	0.0	0.03	10	broker_holdout_rank	0.8678611632270169
full	0.0	0.03	10	broker_net_output_per_requested_position	5.134883289352251
full	0.0	0.03	10	broker_selected_rank	0.9307480562808064
full	0.0	0.03	10	mean_degree	16.7648
full	0.0	0.03	10	net_output_per_requested_position	5.101100718659578
full	0.0	0.03	10	outsourcing_rate	0.9805103203944734
full	0.0	0.03	10	q_gap	1.7117023873927522
full	0.0	0.03	10	rank_gap	0.24223545966228896
full	0.0	0.03	10	self_fill_rate	1.0
full	0.0	0.03	10	self_net_output_per_requested_position	3.4025282789105695
full	0.0	0.03	11	access_fraction	0.13176925870110337
full	0.0	0.03	11	agent_holdout_rank	0.6904345405272234
full	0.0	0.03	11	betweenness	0.8110751379774245
full	0.0	0.03	11	broker_fill_rate	0.9999597088060284
full	0.0	0.03	11	broker_holdout_rank	0.8305626499516743
full	0.0	0.03	11	broker_net_output_per_requested_position	5.865411010474068
full	0.0	0.03	11	broker_selected_rank	0.9765574874369263
full	0.0	0.03	11	mean_degree	14.969599999999996
full	0.0	0.03	11	net_output_per_requested_position	5.848768236797084
full	0.0	0.03	11	outsourcing_rate	0.9937438989275705
full	0.0	0.03	11	q_gap	2.6107372276626544
full	0.0	0.03	11	rank_gap	0.1401281094244509
full	0.0	0.03	11	self_fill_rate	0.9935416666666667
full	0.0	0.03	11	self_net_output_per_requested_position	3.2118152468379195
full	0.0	0.03	12	access_fraction	0.13421781928305404
full	0.0	0.03	12	agent_holdout_rank	0.6362859287054409
full	0.0	0.03	12	betweenness	0.8806694412919814
full	0.0	0.03	12	broker_fill_rate	0.999899251915269
full	0.0	0.03	12	broker_holdout_rank	0.7837599437148217
full	0.0	0.03	12	broker_net_output_per_requested_position	5.498854168705638
full	0.0	0.03	12	broker_selected_rank	0.9656606704167711
full	0.0	0.03	12	mean_degree	14.969349999999997
full	0.0	0.03	12	net_output_per_requested_position	5.488199117806674
full	0.0	0.03	12	outsourcing_rate	0.9956202041437392
full	0.0	0.03	12	q_gap	2.3892316074162485
full	0.0	0.03	12	rank_gap	0.14747401500938082
full	0.0	0.03	12	self_fill_rate	0.9966666666666667
full	0.0	0.03	12	self_net_output_per_requested_position	3.073887140183932
full	0.0	0.03	13	access_fraction	0.12538292727663078
full	0.0	0.03	13	agent_holdout_rank	0.6985517823639774
full	0.0	0.03	13	betweenness	0.8541245257546553
full	0.0	0.03	13	broker_fill_rate	0.9999602911947518
full	0.0	0.03	13	broker_holdout_rank	0.854995497185741
full	0.0	0.03	13	broker_net_output_per_requested_position	5.845708170717292
full	0.0	0.03	13	broker_selected_rank	0.9672747211612144
full	0.0	0.03	13	mean_degree	14.744950000000003
full	0.0	0.03	13	net_output_per_requested_position	5.824784506164346
full	0.0	0.03	13	outsourcing_rate	0.9911412736931654
full	0.0	0.03	13	q_gap	2.3175427782470335
full	0.0	0.03	13	rank_gap	0.15644371482176364
full	0.0	0.03	13	self_fill_rate	1.0
full	0.0	0.03	13	self_net_output_per_requested_position	3.501516784281518
full	0.0	0.03	14	access_fraction	0.1197578992234479
full	0.0	0.03	14	agent_holdout_rank	0.6431992779578146
full	0.0	0.03	14	betweenness	0.88150131271625
full	0.0	0.03	14	broker_fill_rate	0.9999797160243407
full	0.0	0.03	14	broker_holdout_rank	0.8578830623306233
full	0.0	0.03	14	broker_net_output_per_requested_position	4.79127424556755
full	0.0	0.03	14	broker_selected_rank	0.9171660045691385
full	0.0	0.03	14	mean_degree	14.730349999999998
full	0.0	0.03	14	net_output_per_requested_position	4.787620502914916
full	0.0	0.03	14	outsourcing_rate	0.9978301288167915
full	0.0	0.03	14	q_gap	1.653370286993575
full	0.0	0.03	14	rank_gap	0.21468378437280866
full	0.0	0.03	14	self_fill_rate	1.0
full	0.0	0.03	14	self_net_output_per_requested_position	3.1152735665195803
full	0.0	0.03	15	access_fraction	0.16365375837675813
full	0.0	0.03	15	agent_holdout_rank	0.565259756097561
full	0.0	0.03	15	betweenness	0.8795970841633259
full	0.0	0.03	15	broker_fill_rate	0.9999800955414013
full	0.0	0.03	15	broker_holdout_rank	0.6593963414634146
full	0.0	0.03	15	broker_net_output_per_requested_position	4.920924276250384
full	0.0	0.03	15	broker_selected_rank	0.8874507238951399
full	0.0	0.03	15	mean_degree	17.185699999999997
full	0.0	0.03	15	net_output_per_requested_position	4.906921730388102
full	0.0	0.03	15	outsourcing_rate	0.9909733271533827
full	0.0	0.03	15	q_gap	1.509131594567747
full	0.0	0.03	15	rank_gap	0.09413658536585363
full	0.0	0.03	15	self_fill_rate	1.0
full	0.0	0.03	15	self_net_output_per_requested_position	3.3785877192419695
full	0.0	0.03	16	access_fraction	0.1218360944767197
full	0.0	0.03	16	agent_holdout_rank	0.5739456848030019
full	0.0	0.03	16	betweenness	0.8553880845420284
full	0.0	0.03	16	broker_fill_rate	0.9998805588976805
full	0.0	0.03	16	broker_holdout_rank	0.8936883677298312
full	0.0	0.03	16	broker_net_output_per_requested_position	4.886318100962336
full	0.0	0.03	16	broker_selected_rank	0.9467182086041932
full	0.0	0.03	16	mean_degree	15.444999999999999
full	0.0	0.03	16	net_output_per_requested_position	4.873070259147935
full	0.0	0.03	16	outsourcing_rate	0.9908014860013091
full	0.0	0.03	16	q_gap	1.4047325390576684
full	0.0	0.03	16	rank_gap	0.31974268292682917
full	0.0	0.03	16	self_fill_rate	1.0
full	0.0	0.03	16	self_net_output_per_requested_position	3.4614035230185083
full	0.0	0.03	17	access_fraction	0.12474342040704589
full	0.0	0.03	17	agent_holdout_rank	0.6533662288930582
full	0.0	0.03	17	betweenness	0.8707116934302258
full	0.0	0.03	17	broker_fill_rate	0.999939938841244
full	0.0	0.03	17	broker_holdout_rank	0.634246904315197
full	0.0	0.03	17	broker_net_output_per_requested_position	5.4174077451746445
full	0.0	0.03	17	broker_selected_rank	0.950054817551429
full	0.0	0.03	17	mean_degree	14.560000000000002
full	0.0	0.03	17	net_output_per_requested_position	5.409424338871579
full	0.0	0.03	17	outsourcing_rate	0.996375303429106
full	0.0	0.03	17	q_gap	2.145138919879518
full	0.0	0.03	17	rank_gap	-0.019119324577861176
full	0.0	0.03	17	self_fill_rate	1.0
full	0.0	0.03	17	self_net_output_per_requested_position	3.2363507210002838
full	0.0	0.03	18	access_fraction	0.12666627791478705
full	0.0	0.03	18	agent_holdout_rank	0.6418970919324578
full	0.0	0.03	18	betweenness	0.8564941900052256
full	0.0	0.03	18	broker_fill_rate	1.0
full	0.0	0.03	18	broker_holdout_rank	0.8634986866791745
full	0.0	0.03	18	broker_net_output_per_requested_position	5.428923769238134
full	0.0	0.03	18	broker_selected_rank	0.9551363245027717
full	0.0	0.03	18	mean_degree	14.999600000000001
full	0.0	0.03	18	net_output_per_requested_position	5.421424511077318
full	0.0	0.03	18	outsourcing_rate	0.9967149936588837
full	0.0	0.03	18	q_gap	2.2678422124648
full	0.0	0.03	18	rank_gap	0.22160159474671665
full	0.0	0.03	18	self_fill_rate	1.0
full	0.0	0.03	18	self_net_output_per_requested_position	3.1475794018116794
full	0.0	0.03	19	access_fraction	0.14215672735209445
full	0.0	0.03	19	agent_holdout_rank	0.6451342401500938
full	0.0	0.03	19	betweenness	0.8933271977201575
full	0.0	0.03	19	broker_fill_rate	1.0
full	0.0	0.03	19	broker_holdout_rank	0.8348411819887429
full	0.0	0.03	19	broker_net_output_per_requested_position	5.1143389798015475
full	0.0	0.03	19	broker_selected_rank	0.9175248400379296
full	0.0	0.03	19	mean_degree	14.0649
full	0.0	0.03	19	net_output_per_requested_position	5.113478094469761
full	0.0	0.03	19	outsourcing_rate	0.9994993194269025
full	0.0	0.03	19	q_gap	1.7128033620959784
full	0.0	0.03	19	rank_gap	0.18970694183864928
full	0.0	0.03	19	self_fill_rate	1.0
full	0.0	0.03	19	self_net_output_per_requested_position	3.3702090048797375
full	0.0	0.03	2	access_fraction	0.12623680661414455
full	0.0	0.03	2	agent_holdout_rank	0.6367314258911821
full	0.0	0.03	2	betweenness	0.8850862532928081
full	0.0	0.03	2	broker_fill_rate	1.0
full	0.0	0.03	2	broker_holdout_rank	0.8900489681050654
full	0.0	0.03	2	broker_net_output_per_requested_position	5.1588223026750235
full	0.0	0.03	2	broker_selected_rank	0.947383817221137
full	0.0	0.03	2	mean_degree	14.78555
full	0.0	0.03	2	net_output_per_requested_position	5.154231626560679
full	0.0	0.03	2	outsourcing_rate	0.9974624273263017
full	0.0	0.03	2	q_gap	1.7949594617024829
full	0.0	0.03	2	rank_gap	0.2533175422138835
full	0.0	0.03	2	self_fill_rate	1.0
full	0.0	0.03	2	self_net_output_per_requested_position	3.342338304341568
full	0.0	0.03	20	access_fraction	0.11152422141296234
full	0.0	0.03	20	agent_holdout_rank	0.662796929899369
full	0.0	0.03	20	betweenness	0.8956892234298117
full	0.0	0.03	20	broker_fill_rate	0.9999399682192271
full	0.0	0.03	20	broker_holdout_rank	0.825727294521197
full	0.0	0.03	20	broker_net_output_per_requested_position	5.197298864396333
full	0.0	0.03	20	broker_selected_rank	0.9200284019694125
full	0.0	0.03	20	mean_degree	14.4994
full	0.0	0.03	20	net_output_per_requested_position	5.195478666973984
full	0.0	0.03	20	outsourcing_rate	0.9989598367630697
full	0.0	0.03	20	q_gap	1.6437435975973473
full	0.0	0.03	20	rank_gap	0.16293036462182794
full	0.0	0.03	20	self_fill_rate	1.0
full	0.0	0.03	20	self_net_output_per_requested_position	3.5183823544067008
full	0.0	0.03	3	access_fraction	0.13514640320149002
full	0.0	0.03	3	agent_holdout_rank	0.6501647279549718
full	0.0	0.03	3	betweenness	0.8702067794940256
full	0.0	0.03	3	broker_fill_rate	1.0
full	0.0	0.03	3	broker_holdout_rank	0.8679146341463415
full	0.0	0.03	3	broker_net_output_per_requested_position	4.946311062260739
full	0.0	0.03	3	broker_selected_rank	0.9222174884645998
full	0.0	0.03	3	mean_degree	14.5271
full	0.0	0.03	3	net_output_per_requested_position	4.943729065264938
full	0.0	0.03	3	outsourcing_rate	0.9986259529475714
full	0.0	0.03	3	q_gap	1.8546295344643053
full	0.0	0.03	3	rank_gap	0.2177499061913696
full	0.0	0.03	3	self_fill_rate	1.0
full	0.0	0.03	3	self_net_output_per_requested_position	3.0733377750593425
full	0.0	0.03	4	access_fraction	0.13222118558813736
full	0.0	0.03	4	agent_holdout_rank	0.7676912757973733
full	0.0	0.03	4	betweenness	0.8861396152632803
full	0.0	0.03	4	broker_fill_rate	1.0
full	0.0	0.03	4	broker_holdout_rank	0.8395648217636023
full	0.0	0.03	4	broker_net_output_per_requested_position	6.131992191744072
full	0.0	0.03	4	broker_selected_rank	0.9349733558676521
full	0.0	0.03	4	mean_degree	14.621649999999999
full	0.0	0.03	4	net_output_per_requested_position	6.125911385893954
full	0.0	0.03	4	outsourcing_rate	0.9975193784963114
full	0.0	0.03	4	q_gap	2.452188607810661
full	0.0	0.03	4	rank_gap	0.0718735459662289
full	0.0	0.03	4	self_fill_rate	1.0
full	0.0	0.03	4	self_net_output_per_requested_position	3.657320596874445
full	0.0	0.03	5	access_fraction	0.12926607510205354
full	0.0	0.03	5	agent_holdout_rank	0.6372924953095684
full	0.0	0.03	5	betweenness	0.8617921479871977
full	0.0	0.03	5	broker_fill_rate	0.9998995821349773
full	0.0	0.03	5	broker_holdout_rank	0.8335890243902438
full	0.0	0.03	5	broker_net_output_per_requested_position	5.457489160768253
full	0.0	0.03	5	broker_selected_rank	0.967661003663834
full	0.0	0.03	5	mean_degree	15.283000000000001
full	0.0	0.03	5	net_output_per_requested_position	5.419479399819341
full	0.0	0.03	5	outsourcing_rate	0.9819123230066985
full	0.0	0.03	5	q_gap	2.0530647714491033
full	0.0	0.03	5	rank_gap	0.19629652908067552
full	0.0	0.03	5	self_fill_rate	0.9974747474747474
full	0.0	0.03	5	self_net_output_per_requested_position	3.3704873888632236
full	0.0	0.03	6	access_fraction	0.15828043899158242
full	0.0	0.03	6	agent_holdout_rank	0.6492226078799249
full	0.0	0.03	6	betweenness	0.835652252374101
full	0.0	0.03	6	broker_fill_rate	0.998097018862816
full	0.0	0.03	6	broker_holdout_rank	0.8615181988742965
full	0.0	0.03	6	broker_net_output_per_requested_position	5.588016481735238
full	0.0	0.03	6	broker_selected_rank	0.9276813366421661
full	0.0	0.03	6	mean_degree	16.412399999999998
full	0.0	0.03	6	net_output_per_requested_position	5.506326334260187
full	0.0	0.03	6	outsourcing_rate	0.9605059153655405
full	0.0	0.03	6	q_gap	2.0388862854927923
full	0.0	0.03	6	rank_gap	0.21229559099437165
full	0.0	0.03	6	self_fill_rate	0.9974260887424604
full	0.0	0.03	6	self_net_output_per_requested_position	3.5201848758939276
full	0.0	0.03	7	access_fraction	0.11361937526162572
full	0.0	0.03	7	agent_holdout_rank	0.6105489681050658
full	0.0	0.03	7	betweenness	0.8805373868926891
full	0.0	0.03	7	broker_fill_rate	1.0
full	0.0	0.03	7	broker_holdout_rank	0.8095625703564728
full	0.0	0.03	7	broker_net_output_per_requested_position	4.912210552979323
full	0.0	0.03	7	broker_selected_rank	0.9123902608992269
full	0.0	0.03	7	mean_degree	14.600200000000001
full	0.0	0.03	7	net_output_per_requested_position	4.910398873277732
full	0.0	0.03	7	outsourcing_rate	0.9990601579999948
full	0.0	0.03	7	q_gap	1.8949525234006797
full	0.0	0.03	7	rank_gap	0.19901360225140716
full	0.0	0.03	7	self_fill_rate	1.0
full	0.0	0.03	7	self_net_output_per_requested_position	2.9913702343720887
full	0.0	0.03	8	access_fraction	0.12514572243506264
full	0.0	0.03	8	agent_holdout_rank	0.5457484128337786
full	0.0	0.03	8	betweenness	0.8835627425733857
full	0.0	0.03	8	broker_fill_rate	0.9999795918367347
full	0.0	0.03	8	broker_holdout_rank	0.8296380398734058
full	0.0	0.03	8	broker_net_output_per_requested_position	4.69791465719395
full	0.0	0.03	8	broker_selected_rank	0.9237913370119324
full	0.0	0.03	8	mean_degree	15.078550000000002
full	0.0	0.03	8	net_output_per_requested_position	4.689470389472986
full	0.0	0.03	8	outsourcing_rate	0.994674681954826
full	0.0	0.03	8	q_gap	1.5512053211163979
full	0.0	0.03	8	rank_gap	0.28388962703962706
full	0.0	0.03	8	self_fill_rate	1.0
full	0.0	0.03	8	self_net_output_per_requested_position	3.117942634829619
full	0.0	0.03	9	access_fraction	0.13566261405451488
full	0.0	0.03	9	agent_holdout_rank	0.6560260787992497
full	0.0	0.03	9	betweenness	0.8716167152533008
full	0.0	0.03	9	broker_fill_rate	0.9998982837768065
full	0.0	0.03	9	broker_holdout_rank	0.8876062851782363
full	0.0	0.03	9	broker_net_output_per_requested_position	5.41565719661706
full	0.0	0.03	9	broker_selected_rank	0.9531338133868671
full	0.0	0.03	9	mean_degree	15.282049999999998
full	0.0	0.03	9	net_output_per_requested_position	5.403246073629157
full	0.0	0.03	9	outsourcing_rate	0.99330798590508
full	0.0	0.03	9	q_gap	1.8467637422811685
full	0.0	0.03	9	rank_gap	0.2315802063789869
full	0.0	0.03	9	self_fill_rate	1.0
full	0.0	0.03	9	self_net_output_per_requested_position	3.5550828173568876
full	0.5	0.0	1	access_fraction	0.0021838788951888456
full	0.5	0.0	1	agent_holdout_rank	0.6823489681050656
full	0.5	0.0	1	betweenness	0.1616130582654647
full	0.5	0.0	1	broker_fill_rate	1.0
full	0.5	0.0	1	broker_holdout_rank	0.9487550656660412
full	0.5	0.0	1	broker_net_output_per_requested_position	4.391811685573341
full	0.5	0.0	1	broker_selected_rank	0.9435860677976361
full	0.5	0.0	1	mean_degree	69.0681
full	0.5	0.0	1	net_output_per_requested_position	4.858262332923454
full	0.5	0.0	1	outsourcing_rate	0.5907681533047555
full	0.5	0.0	1	q_gap	-1.1335580172558852
full	0.5	0.0	1	rank_gap	0.26640609756097555
full	0.5	0.0	1	self_fill_rate	0.9996582642903752
full	0.5	0.0	1	self_net_output_per_requested_position	5.531706343193927
full	0.5	0.0	10	access_fraction	0.007918652260822837
full	0.5	0.0	10	agent_holdout_rank	0.675340243902439
full	0.5	0.0	10	betweenness	0.11883280760216457
full	0.5	0.0	10	broker_fill_rate	0.9993729039057925
full	0.5	0.0	10	broker_holdout_rank	0.9800666041275796
full	0.5	0.0	10	broker_net_output_per_requested_position	4.022280464054564
full	0.5	0.0	10	broker_selected_rank	0.9399127882231986
full	0.5	0.0	10	mean_degree	89.0678
full	0.5	0.0	10	net_output_per_requested_position	4.676900047349789
full	0.5	0.0	10	outsourcing_rate	0.6043478072481194
full	0.5	0.0	10	q_gap	-1.6447483526769993
full	0.5	0.0	10	rank_gap	0.30472636022514077
full	0.5	0.0	10	self_fill_rate	0.9997005438707675
full	0.5	0.0	10	self_net_output_per_requested_position	5.677091178625135
full	0.5	0.0	11	access_fraction	0.0021943121044678223
full	0.5	0.0	11	agent_holdout_rank	0.703998780487805
full	0.5	0.0	11	betweenness	0.15173727404794482
full	0.5	0.0	11	broker_fill_rate	0.9973243651481505
full	0.5	0.0	11	broker_holdout_rank	0.9433499061913697
full	0.5	0.0	11	broker_net_output_per_requested_position	4.583257174127603
full	0.5	0.0	11	broker_selected_rank	0.939114979469706
full	0.5	0.0	11	mean_degree	73.96085000000001
full	0.5	0.0	11	net_output_per_requested_position	4.945750416285823
full	0.5	0.0	11	outsourcing_rate	0.5535761341146891
full	0.5	0.0	11	q_gap	-0.7928219539831128
full	0.5	0.0	11	rank_gap	0.23935112570356476
full	0.5	0.0	11	self_fill_rate	0.9993295844720264
full	0.5	0.0	11	self_net_output_per_requested_position	5.3957983895571875
full	0.5	0.0	12	access_fraction	0.0011101586602062228
full	0.5	0.0	12	agent_holdout_rank	0.6284229831144466
full	0.5	0.0	12	betweenness	0.18372512093945131
full	0.5	0.0	12	broker_fill_rate	0.9999099683962939
full	0.5	0.0	12	broker_holdout_rank	0.9672541275797372
full	0.5	0.0	12	broker_net_output_per_requested_position	4.423491461523069
full	0.5	0.0	12	broker_selected_rank	0.9388121750619172
full	0.5	0.0	12	mean_degree	70.35470000000001
full	0.5	0.0	12	net_output_per_requested_position	4.832775318724712
full	0.5	0.0	12	outsourcing_rate	0.6631550367346388
full	0.5	0.0	12	q_gap	-1.2207473802614779
full	0.5	0.0	12	rank_gap	0.33883114446529067
full	0.5	0.0	12	self_fill_rate	0.9997064267531695
full	0.5	0.0	12	self_net_output_per_requested_position	5.638798062775931
full	0.5	0.0	13	access_fraction	0.004787193868018293
full	0.5	0.0	13	agent_holdout_rank	0.6847898686679175
full	0.5	0.0	13	betweenness	0.20483396312050103
full	0.5	0.0	13	broker_fill_rate	0.999605574310862
full	0.5	0.0	13	broker_holdout_rank	0.9388765478424015
full	0.5	0.0	13	broker_net_output_per_requested_position	4.57713302510785
full	0.5	0.0	13	broker_selected_rank	0.9518023805241265
full	0.5	0.0	13	mean_degree	63.96065
full	0.5	0.0	13	net_output_per_requested_position	5.116416295020448
full	0.5	0.0	13	outsourcing_rate	0.6111850766055745
full	0.5	0.0	13	q_gap	-1.3762223101847726
full	0.5	0.0	13	rank_gap	0.254086679174484
full	0.5	0.0	13	self_fill_rate	0.999743437068898
full	0.5	0.0	13	self_net_output_per_requested_position	5.9642469419783195
full	0.5	0.0	14	access_fraction	0.011995872833785066
full	0.5	0.0	14	agent_holdout_rank	0.6943694183864915
full	0.5	0.0	14	betweenness	0.06907168465231203
full	0.5	0.0	14	broker_fill_rate	0.9944283152822623
full	0.5	0.0	14	broker_holdout_rank	0.917067166979362
full	0.5	0.0	14	broker_net_output_per_requested_position	3.9987827084810563
full	0.5	0.0	14	broker_selected_rank	0.8921959103356067
full	0.5	0.0	14	mean_degree	92.16720000000001
full	0.5	0.0	14	net_output_per_requested_position	4.39976714818459
full	0.5	0.0	14	outsourcing_rate	0.44219128503171634
full	0.5	0.0	14	q_gap	-0.6678115178592223
full	0.5	0.0	14	rank_gap	0.22269774859287064
full	0.5	0.0	14	self_fill_rate	0.9993254599085795
full	0.5	0.0	14	self_net_output_per_requested_position	4.717430924910058
full	0.5	0.0	15	access_fraction	0.013826706325105015
full	0.5	0.0	15	agent_holdout_rank	0.6350028142589117
full	0.5	0.0	15	betweenness	0.08947331186427074
full	0.5	0.0	15	broker_fill_rate	0.9989934311367511
full	0.5	0.0	15	broker_holdout_rank	0.8825054409005629
full	0.5	0.0	15	broker_net_output_per_requested_position	3.9491507051290293
full	0.5	0.0	15	broker_selected_rank	0.8487547799718399
full	0.5	0.0	15	mean_degree	86.6121
full	0.5	0.0	15	net_output_per_requested_position	4.437962906102878
full	0.5	0.0	15	outsourcing_rate	0.5111730194223967
full	0.5	0.0	15	q_gap	-0.9745608120471779
full	0.5	0.0	15	rank_gap	0.24750262664165107
full	0.5	0.0	15	self_fill_rate	0.9996339745928529
full	0.5	0.0	15	self_net_output_per_requested_position	4.949122398290143
full	0.5	0.0	16	access_fraction	0.0014221550628858055
full	0.5	0.0	16	agent_holdout_rank	0.6380858348968106
full	0.5	0.0	16	betweenness	0.15202462054565963
full	0.5	0.0	16	broker_fill_rate	0.9998954159702971
full	0.5	0.0	16	broker_holdout_rank	0.9416487804878046
full	0.5	0.0	16	broker_net_output_per_requested_position	4.059186837642903
full	0.5	0.0	16	broker_selected_rank	0.9009548950609243
full	0.5	0.0	16	mean_degree	74.11475
full	0.5	0.0	16	net_output_per_requested_position	4.443878854869866
full	0.5	0.0	16	outsourcing_rate	0.5757054164876361
full	0.5	0.0	16	q_gap	-0.8993334206566719
full	0.5	0.0	16	rank_gap	0.3035629455909943
full	0.5	0.0	16	self_fill_rate	0.9997635063864628
full	0.5	0.0	16	self_net_output_per_requested_position	4.9658796041143605
full	0.5	0.0	17	access_fraction	0.006866840400101784
full	0.5	0.0	17	agent_holdout_rank	0.6468844277673547
full	0.5	0.0	17	betweenness	0.12881211123690625
full	0.5	0.0	17	broker_fill_rate	0.9993701091795103
full	0.5	0.0	17	broker_holdout_rank	0.9138551594746718
full	0.5	0.0	17	broker_net_output_per_requested_position	4.337756302315029
full	0.5	0.0	17	broker_selected_rank	0.9269877082101992
full	0.5	0.0	17	mean_degree	70.58835
full	0.5	0.0	17	net_output_per_requested_position	4.7658366092281055
full	0.5	0.0	17	outsourcing_rate	0.5077657432054536
full	0.5	0.0	17	q_gap	-0.859749695288588
full	0.5	0.0	17	rank_gap	0.26697073170731705
full	0.5	0.0	17	self_fill_rate	0.999878471074755
full	0.5	0.0	17	self_net_output_per_requested_position	5.207278920919018
full	0.5	0.0	18	access_fraction	0.004133436746716087
full	0.5	0.0	18	agent_holdout_rank	0.6873349906191368
full	0.5	0.0	18	betweenness	0.1557151955130715
full	0.5	0.0	18	broker_fill_rate	0.9996680650657078
full	0.5	0.0	18	broker_holdout_rank	0.960642120075047
full	0.5	0.0	18	broker_net_output_per_requested_position	4.326079746399186
full	0.5	0.0	18	broker_selected_rank	0.9286208411164292
full	0.5	0.0	18	mean_degree	75.97549999999998
full	0.5	0.0	18	net_output_per_requested_position	4.872077946249924
full	0.5	0.0	18	outsourcing_rate	0.6055214938128022
full	0.5	0.0	18	q_gap	-1.3795467568995414
full	0.5	0.0	18	rank_gap	0.2733071294559101
full	0.5	0.0	18	self_fill_rate	0.999949290060852
full	0.5	0.0	18	self_net_output_per_requested_position	5.710573382988819
full	0.5	0.0	19	access_fraction	0.00550907342586182
full	0.5	0.0	19	agent_holdout_rank	0.6325178236397748
full	0.5	0.0	19	betweenness	0.17766117094960418
full	0.5	0.0	19	broker_fill_rate	0.9989778128866629
full	0.5	0.0	19	broker_holdout_rank	0.9463617260787993
full	0.5	0.0	19	broker_net_output_per_requested_position	4.032064167756562
full	0.5	0.0	19	broker_selected_rank	0.8959319344203266
full	0.5	0.0	19	mean_degree	69.058
full	0.5	0.0	19	net_output_per_requested_position	4.595999507032035
full	0.5	0.0	19	outsourcing_rate	0.6291551231645381
full	0.5	0.0	19	q_gap	-1.5176028769725654
full	0.5	0.0	19	rank_gap	0.3138439024390244
full	0.5	0.0	19	self_fill_rate	1.0
full	0.5	0.0	19	self_net_output_per_requested_position	5.5528041372007175
full	0.5	0.0	2	access_fraction	0.005878705758485687
full	0.5	0.0	2	agent_holdout_rank	0.6980799249530957
full	0.5	0.0	2	betweenness	0.15252130742711748
full	0.5	0.0	2	broker_fill_rate	0.9934607371568187
full	0.5	0.0	2	broker_holdout_rank	0.9265835834896812
full	0.5	0.0	2	broker_net_output_per_requested_position	4.095200901602409
full	0.5	0.0	2	broker_selected_rank	0.9031801769458218
full	0.5	0.0	2	mean_degree	77.437
full	0.5	0.0	2	net_output_per_requested_position	4.544228137479036
full	0.5	0.0	2	outsourcing_rate	0.5867329321204189
full	0.5	0.0	2	q_gap	-1.0562202544797898
full	0.5	0.0	2	rank_gap	0.22850365853658533
full	0.5	0.0	2	self_fill_rate	0.9997080484454273
full	0.5	0.0	2	self_net_output_per_requested_position	5.18185089253827
full	0.5	0.0	20	access_fraction	0.01088964382451453
full	0.5	0.0	20	agent_holdout_rank	0.6211151031894935
full	0.5	0.0	20	betweenness	0.12645763748321626
full	0.5	0.0	20	broker_fill_rate	0.9976556310553819
full	0.5	0.0	20	broker_holdout_rank	0.858106191369606
full	0.5	0.0	20	broker_net_output_per_requested_position	4.401552141426234
full	0.5	0.0	20	broker_selected_rank	0.8590207438137012
full	0.5	0.0	20	mean_degree	83.6678
full	0.5	0.0	20	net_output_per_requested_position	4.575551863106275
full	0.5	0.0	20	outsourcing_rate	0.672671405222256
full	0.5	0.0	20	q_gap	-0.49719735110985813
full	0.5	0.0	20	rank_gap	0.2369910881801125
full	0.5	0.0	20	self_fill_rate	0.9996890538939945
full	0.5	0.0	20	self_net_output_per_requested_position	4.933103234674911
full	0.5	0.0	3	access_fraction	0.013024128684392613
full	0.5	0.0	3	agent_holdout_rank	0.730795684803002
full	0.5	0.0	3	betweenness	0.08381617330187381
full	0.5	0.0	3	broker_fill_rate	0.9943711320154891
full	0.5	0.0	3	broker_holdout_rank	0.901886397748593
full	0.5	0.0	3	broker_net_output_per_requested_position	3.5686738358585486
full	0.5	0.0	3	broker_selected_rank	0.9201531335445905
full	0.5	0.0	3	mean_degree	77.47545000000001
full	0.5	0.0	3	net_output_per_requested_position	4.463213506481192
full	0.5	0.0	3	outsourcing_rate	0.3849934392556528
full	0.5	0.0	3	q_gap	-1.4120437454655494
full	0.5	0.0	3	rank_gap	0.17109071294559092
full	0.5	0.0	3	self_fill_rate	0.9996364432888653
full	0.5	0.0	3	self_net_output_per_requested_position	5.023204496645797
full	0.5	0.0	4	access_fraction	0.01250989144920448
full	0.5	0.0	4	agent_holdout_rank	0.7150679174484054
full	0.5	0.0	4	betweenness	0.08480519678073331
full	0.5	0.0	4	broker_fill_rate	0.9974083283367579
full	0.5	0.0	4	broker_holdout_rank	0.868956191369606
full	0.5	0.0	4	broker_net_output_per_requested_position	4.53555929605646
full	0.5	0.0	4	broker_selected_rank	0.9233834926275388
full	0.5	0.0	4	mean_degree	72.06855000000002
full	0.5	0.0	4	net_output_per_requested_position	5.210078954435585
full	0.5	0.0	4	outsourcing_rate	0.36600324735144013
full	0.5	0.0	4	q_gap	-1.0543204063916756
full	0.5	0.0	4	rank_gap	0.15388827392120058
full	0.5	0.0	4	self_fill_rate	0.9998427727334986
full	0.5	0.0	4	self_net_output_per_requested_position	5.599423801221823
full	0.5	0.0	5	access_fraction	0.017181156055274392
full	0.5	0.0	5	agent_holdout_rank	0.7038933395872421
full	0.5	0.0	5	betweenness	0.0768923839469269
full	0.5	0.0	5	broker_fill_rate	0.9900121007747462
full	0.5	0.0	5	broker_holdout_rank	0.8778632270168856
full	0.5	0.0	5	broker_net_output_per_requested_position	4.311094066698531
full	0.5	0.0	5	broker_selected_rank	0.8825071891808177
full	0.5	0.0	5	mean_degree	85.4145
full	0.5	0.0	5	net_output_per_requested_position	4.6130407046053294
full	0.5	0.0	5	outsourcing_rate	0.4501740704832854
full	0.5	0.0	5	q_gap	-0.49593168309056884
full	0.5	0.0	5	rank_gap	0.17396988742964356
full	0.5	0.0	5	self_fill_rate	0.9997465020704654
full	0.5	0.0	5	self_net_output_per_requested_position	4.860347337727058
full	0.5	0.0	6	access_fraction	0.004862034821122517
full	0.5	0.0	6	agent_holdout_rank	0.6346405253283303
full	0.5	0.0	6	betweenness	0.11989888539661842
full	0.5	0.0	6	broker_fill_rate	0.999263642543022
full	0.5	0.0	6	broker_holdout_rank	0.9389552532833021
full	0.5	0.0	6	broker_net_output_per_requested_position	4.14212317514964
full	0.5	0.0	6	broker_selected_rank	0.9242691045627269
full	0.5	0.0	6	mean_degree	71.52985
full	0.5	0.0	6	net_output_per_requested_position	4.840722508326358
full	0.5	0.0	6	outsourcing_rate	0.48603826937293776
full	0.5	0.0	6	q_gap	-1.3532681736244196
full	0.5	0.0	6	rank_gap	0.30431472795497183
full	0.5	0.0	6	self_fill_rate	0.9998859005632543
full	0.5	0.0	6	self_net_output_per_requested_position	5.501345836994817
full	0.5	0.0	7	access_fraction	0.007016697934610988
full	0.5	0.0	7	agent_holdout_rank	0.7056466228893058
full	0.5	0.0	7	betweenness	0.09127261942101426
full	0.5	0.0	7	broker_fill_rate	0.9998144990075986
full	0.5	0.0	7	broker_holdout_rank	0.9127293621013134
full	0.5	0.0	7	broker_net_output_per_requested_position	3.718794380782152
full	0.5	0.0	7	broker_selected_rank	0.8724612627252029
full	0.5	0.0	7	mean_degree	78.0944
full	0.5	0.0	7	net_output_per_requested_position	4.470318808048184
full	0.5	0.0	7	outsourcing_rate	0.4306257447949937
full	0.5	0.0	7	q_gap	-1.3066080333916816
full	0.5	0.0	7	rank_gap	0.20708273921200765
full	0.5	0.0	7	self_fill_rate	0.9998599751729543
full	0.5	0.0	7	self_net_output_per_requested_position	5.038698725195067
full	0.5	0.0	8	access_fraction	0.007011171951267288
full	0.5	0.0	8	agent_holdout_rank	0.6960114446529081
full	0.5	0.0	8	betweenness	0.09059324828904566
full	0.5	0.0	8	broker_fill_rate	0.9995577230444945
full	0.5	0.0	8	broker_holdout_rank	0.9657505628517823
full	0.5	0.0	8	broker_net_output_per_requested_position	3.848696615837452
full	0.5	0.0	8	broker_selected_rank	0.9018982334064374
full	0.5	0.0	8	mean_degree	79.66925
full	0.5	0.0	8	net_output_per_requested_position	4.388394354371448
full	0.5	0.0	8	outsourcing_rate	0.49921210518020614
full	0.5	0.0	8	q_gap	-1.0749542745762966
full	0.5	0.0	8	rank_gap	0.26973911819887425
full	0.5	0.0	8	self_fill_rate	0.9997569850606254
full	0.5	0.0	8	self_net_output_per_requested_position	4.92634224572826
full	0.5	0.0	9	access_fraction	0.009106537797090216
full	0.5	0.0	9	agent_holdout_rank	0.638257879924953
full	0.5	0.0	9	betweenness	0.0854097936754655
full	0.5	0.0	9	broker_fill_rate	0.997430631234268
full	0.5	0.0	9	broker_holdout_rank	0.9379425891181988
full	0.5	0.0	9	broker_net_output_per_requested_position	3.9843958040233396
full	0.5	0.0	9	broker_selected_rank	0.9118372650327098
full	0.5	0.0	9	mean_degree	86.7944
full	0.5	0.0	9	net_output_per_requested_position	4.71335935330657
full	0.5	0.0	9	outsourcing_rate	0.49424855466707285
full	0.5	0.0	9	q_gap	-1.4120795913858832
full	0.5	0.0	9	rank_gap	0.29968470919324586
full	0.5	0.0	9	self_fill_rate	0.9994845921381346
full	0.5	0.0	9	self_net_output_per_requested_position	5.425926534141582
full	0.5	0.001	1	access_fraction	0.01246275441533998
full	0.5	0.001	1	agent_holdout_rank	0.6312409943714822
full	0.5	0.001	1	betweenness	0.3747287318654943
full	0.5	0.001	1	broker_fill_rate	0.9994566014582261
full	0.5	0.001	1	broker_holdout_rank	0.9406910881801126
full	0.5	0.001	1	broker_net_output_per_requested_position	4.596664724268913
full	0.5	0.001	1	broker_selected_rank	0.9540529794700092
full	0.5	0.001	1	mean_degree	43.2953
full	0.5	0.001	1	net_output_per_requested_position	4.869733316277608
full	0.5	0.001	1	outsourcing_rate	0.6989720525633845
full	0.5	0.001	1	q_gap	-0.8857813358086171
full	0.5	0.001	1	rank_gap	0.3094500938086303
full	0.5	0.001	1	self_fill_rate	0.9994005347418048
full	0.5	0.001	1	self_net_output_per_requested_position	5.504157683075203
full	0.5	0.001	10	access_fraction	0.019076743098160032
full	0.5	0.001	10	agent_holdout_rank	0.6502254221388368
full	0.5	0.001	10	betweenness	0.2348593766495556
full	0.5	0.001	10	broker_fill_rate	0.9992157866290956
full	0.5	0.001	10	broker_holdout_rank	0.9738703564727956
full	0.5	0.001	10	broker_net_output_per_requested_position	4.178975417926064
full	0.5	0.001	10	broker_selected_rank	0.9535528880556701
full	0.5	0.001	10	mean_degree	62.9034
full	0.5	0.001	10	net_output_per_requested_position	4.67828512732394
full	0.5	0.001	10	outsourcing_rate	0.6598408636352073
full	0.5	0.001	10	q_gap	-1.456453895685541
full	0.5	0.001	10	rank_gap	0.3236449343339587
full	0.5	0.001	10	self_fill_rate	0.9993450996222324
full	0.5	0.001	10	self_net_output_per_requested_position	5.646949976605878
full	0.5	0.001	11	access_fraction	0.014805465166163956
full	0.5	0.001	11	agent_holdout_rank	0.6780181988742966
full	0.5	0.001	11	betweenness	0.3126672988492045
full	0.5	0.001	11	broker_fill_rate	0.9999705188679245
full	0.5	0.001	11	broker_holdout_rank	0.9301607879924955
full	0.5	0.001	11	broker_net_output_per_requested_position	4.7837061100913125
full	0.5	0.001	11	broker_selected_rank	0.9495520470794114
full	0.5	0.001	11	mean_degree	52.62765
full	0.5	0.001	11	net_output_per_requested_position	4.999744237564327
full	0.5	0.001	11	outsourcing_rate	0.6863920130653526
full	0.5	0.001	11	q_gap	-0.6755559521917558
full	0.5	0.001	11	rank_gap	0.25214258911819887
full	0.5	0.001	11	self_fill_rate	0.999620232928254
full	0.5	0.001	11	self_net_output_per_requested_position	5.472639810027427
full	0.5	0.001	12	access_fraction	0.015275921851849996
full	0.5	0.001	12	agent_holdout_rank	0.594226923076923
full	0.5	0.001	12	betweenness	0.3362143958341126
full	0.5	0.001	12	broker_fill_rate	0.9995129367367757
full	0.5	0.001	12	broker_holdout_rank	0.9567356472795499
full	0.5	0.001	12	broker_net_output_per_requested_position	4.654183315782801
full	0.5	0.001	12	broker_selected_rank	0.9515475723010389
full	0.5	0.001	12	mean_degree	49.44695
full	0.5	0.001	12	net_output_per_requested_position	4.875252028069442
full	0.5	0.001	12	outsourcing_rate	0.7381936570762151
full	0.5	0.001	12	q_gap	-0.8490759563794047
full	0.5	0.001	12	rank_gap	0.3625087242026266
full	0.5	0.001	12	self_fill_rate	0.9993837745791762
full	0.5	0.001	12	self_net_output_per_requested_position	5.498240270740945
full	0.5	0.001	13	access_fraction	0.01454898953993854
full	0.5	0.001	13	agent_holdout_rank	0.6508953095684804
full	0.5	0.001	13	betweenness	0.3596564147926669
full	0.5	0.001	13	broker_fill_rate	0.9990614084158864
full	0.5	0.001	13	broker_holdout_rank	0.9504135084427769
full	0.5	0.001	13	broker_net_output_per_requested_position	4.790479766708527
full	0.5	0.001	13	broker_selected_rank	0.9593934644506188
full	0.5	0.001	13	mean_degree	43.793000000000006
full	0.5	0.001	13	net_output_per_requested_position	5.104896657477071
full	0.5	0.001	13	outsourcing_rate	0.6976441012247412
full	0.5	0.001	13	q_gap	-1.0250710972731274
full	0.5	0.001	13	rank_gap	0.2995181988742966
full	0.5	0.001	13	self_fill_rate	0.9992081662032568
full	0.5	0.001	13	self_net_output_per_requested_position	5.830362067859047
full	0.5	0.001	14	access_fraction	0.015850598879676665
full	0.5	0.001	14	agent_holdout_rank	0.6605449343339587
full	0.5	0.001	14	betweenness	0.23740954528196562
full	0.5	0.001	14	broker_fill_rate	0.9998703110675187
full	0.5	0.001	14	broker_holdout_rank	0.92083330206379
full	0.5	0.001	14	broker_net_output_per_requested_position	4.176149713157255
full	0.5	0.001	14	broker_selected_rank	0.9211021216788744
full	0.5	0.001	14	mean_degree	57.3143
full	0.5	0.001	14	net_output_per_requested_position	4.407559050866657
full	0.5	0.001	14	outsourcing_rate	0.613186088161702
full	0.5	0.001	14	q_gap	-0.573990112394168
full	0.5	0.001	14	rank_gap	0.2602883677298311
full	0.5	0.001	14	self_fill_rate	0.9994277481662696
full	0.5	0.001	14	self_net_output_per_requested_position	4.774150615536682
full	0.5	0.001	15	access_fraction	0.029466369590552717
full	0.5	0.001	15	agent_holdout_rank	0.606110412757974
full	0.5	0.001	15	betweenness	0.21291240076276816
full	0.5	0.001	15	broker_fill_rate	0.9995429059442718
full	0.5	0.001	15	broker_holdout_rank	0.9107797373358348
full	0.5	0.001	15	broker_net_output_per_requested_position	4.170632192542199
full	0.5	0.001	15	broker_selected_rank	0.8840100721067679
full	0.5	0.001	15	mean_degree	60.2933
full	0.5	0.001	15	net_output_per_requested_position	4.478949905650877
full	0.5	0.001	15	outsourcing_rate	0.6079948101820719
full	0.5	0.001	15	q_gap	-0.7765411218395419
full	0.5	0.001	15	rank_gap	0.30466932457786106
full	0.5	0.001	15	self_fill_rate	0.9991260064967324
full	0.5	0.001	15	self_net_output_per_requested_position	4.957192465913139
full	0.5	0.001	16	access_fraction	0.010561715089287296
full	0.5	0.001	16	agent_holdout_rank	0.6003133208255159
full	0.5	0.001	16	betweenness	0.2729218888727096
full	0.5	0.001	16	broker_fill_rate	0.9998222503663939
full	0.5	0.001	16	broker_holdout_rank	0.9424015009380862
full	0.5	0.001	16	broker_net_output_per_requested_position	4.266395399514943
full	0.5	0.001	16	broker_selected_rank	0.9231127289925067
full	0.5	0.001	16	mean_degree	51.247249999999994
full	0.5	0.001	16	net_output_per_requested_position	4.441887708896954
full	0.5	0.001	16	outsourcing_rate	0.6756651912806451
full	0.5	0.001	16	q_gap	-0.5309943294296031
full	0.5	0.001	16	rank_gap	0.34208818011257036
full	0.5	0.001	16	self_fill_rate	0.9995616093195974
full	0.5	0.001	16	self_net_output_per_requested_position	4.807194910590742
full	0.5	0.001	17	access_fraction	0.016805704181721455
full	0.5	0.001	17	agent_holdout_rank	0.6185100375234522
full	0.5	0.001	17	betweenness	0.30894872945122004
full	0.5	0.001	17	broker_fill_rate	0.9980402832700033
full	0.5	0.001	17	broker_holdout_rank	0.930903283302064
full	0.5	0.001	17	broker_net_output_per_requested_position	4.690263447089509
full	0.5	0.001	17	broker_selected_rank	0.9474191504288401
full	0.5	0.001	17	mean_degree	49.24205
full	0.5	0.001	17	net_output_per_requested_position	4.816524300825323
full	0.5	0.001	17	outsourcing_rate	0.6520464210578769
full	0.5	0.001	17	q_gap	-0.3702222014204399
full	0.5	0.001	17	rank_gap	0.3123932457786115
full	0.5	0.001	17	self_fill_rate	0.9991315870392272
full	0.5	0.001	17	self_net_output_per_requested_position	5.05365087365493
full	0.5	0.001	18	access_fraction	0.008130825376510394
full	0.5	0.001	18	agent_holdout_rank	0.650130018761726
full	0.5	0.001	18	betweenness	0.3443319603131947
full	0.5	0.001	18	broker_fill_rate	0.9998595908097357
full	0.5	0.001	18	broker_holdout_rank	0.9410696060037524
full	0.5	0.001	18	broker_net_output_per_requested_position	4.626760515893907
full	0.5	0.001	18	broker_selected_rank	0.9509332878094959
full	0.5	0.001	18	mean_degree	50.915
full	0.5	0.001	18	net_output_per_requested_position	4.901842635344944
full	0.5	0.001	18	outsourcing_rate	0.7123021723602034
full	0.5	0.001	18	q_gap	-0.9585602363518084
full	0.5	0.001	18	rank_gap	0.29093958724202634
full	0.5	0.001	18	self_fill_rate	0.9996497935488371
full	0.5	0.001	18	self_net_output_per_requested_position	5.583430310366623
full	0.5	0.001	19	access_fraction	0.01215433864706986
full	0.5	0.001	19	agent_holdout_rank	0.6104198874296436
full	0.5	0.001	19	betweenness	0.34564635629872875
full	0.5	0.001	19	broker_fill_rate	0.9992026305466194
full	0.5	0.001	19	broker_holdout_rank	0.9571802063789867
full	0.5	0.001	19	broker_net_output_per_requested_position	4.195218943254725
full	0.5	0.001	19	broker_selected_rank	0.9139864619910112
full	0.5	0.001	19	mean_degree	47.802800000000005
full	0.5	0.001	19	net_output_per_requested_position	4.577865913358891
full	0.5	0.001	19	outsourcing_rate	0.7070350630575182
full	0.5	0.001	19	q_gap	-1.282602771908042
full	0.5	0.001	19	rank_gap	0.34676031894934334
full	0.5	0.001	19	self_fill_rate	0.9997236392389478
full	0.5	0.001	19	self_net_output_per_requested_position	5.50151994129403
full	0.5	0.001	2	access_fraction	0.019774667223222
full	0.5	0.001	2	agent_holdout_rank	0.6573683864915572
full	0.5	0.001	2	betweenness	0.314266220554939
full	0.5	0.001	2	broker_fill_rate	0.9999705188679245
full	0.5	0.001	2	broker_holdout_rank	0.9258482176360225
full	0.5	0.001	2	broker_net_output_per_requested_position	4.41032132653946
full	0.5	0.001	2	broker_selected_rank	0.9257720866651529
full	0.5	0.001	2	mean_degree	51.87140000000001
full	0.5	0.001	2	net_output_per_requested_position	4.613523103798958
full	0.5	0.001	2	outsourcing_rate	0.6850071518911152
full	0.5	0.001	2	q_gap	-0.6394048239692859
full	0.5	0.001	2	rank_gap	0.26847983114446533
full	0.5	0.001	2	self_fill_rate	0.9998103666245258
full	0.5	0.001	2	self_net_output_per_requested_position	5.055338225433063
full	0.5	0.001	20	access_fraction	0.022844680261285024
full	0.5	0.001	20	agent_holdout_rank	0.6113055347091932
full	0.5	0.001	20	betweenness	0.27996373287785303
full	0.5	0.001	20	broker_fill_rate	0.9961653899926584
full	0.5	0.001	20	broker_holdout_rank	0.8687737335834896
full	0.5	0.001	20	broker_net_output_per_requested_position	4.510861485100302
full	0.5	0.001	20	broker_selected_rank	0.8838560133607848
full	0.5	0.001	20	mean_degree	58.69615
full	0.5	0.001	20	net_output_per_requested_position	4.589181062382973
full	0.5	0.001	20	outsourcing_rate	0.7669985842282256
full	0.5	0.001	20	q_gap	-0.3121030818960782
full	0.5	0.001	20	rank_gap	0.25746819887429645
full	0.5	0.001	20	self_fill_rate	0.9990466851173732
full	0.5	0.001	20	self_net_output_per_requested_position	4.847124678572583
full	0.5	0.001	3	access_fraction	0.01801381610241077
full	0.5	0.001	3	agent_holdout_rank	0.7021432457786116
full	0.5	0.001	3	betweenness	0.17444979528909904
full	0.5	0.001	3	broker_fill_rate	0.9973004957210041
full	0.5	0.001	3	broker_holdout_rank	0.8880044090056286
full	0.5	0.001	3	broker_net_output_per_requested_position	3.683953917072573
full	0.5	0.001	3	broker_selected_rank	0.9381016479038807
full	0.5	0.001	3	mean_degree	54.2658
full	0.5	0.001	3	net_output_per_requested_position	4.402012316636914
full	0.5	0.001	3	outsourcing_rate	0.44848754229750953
full	0.5	0.001	3	q_gap	-1.281797381645505
full	0.5	0.001	3	rank_gap	0.18586116322701698
full	0.5	0.001	3	self_fill_rate	0.9993797979726603
full	0.5	0.001	3	self_net_output_per_requested_position	4.985846041869815
full	0.5	0.001	4	access_fraction	0.04106539691102568
full	0.5	0.001	4	agent_holdout_rank	0.6890731707317073
full	0.5	0.001	4	betweenness	0.19787455444116103
full	0.5	0.001	4	broker_fill_rate	0.9947208008967264
full	0.5	0.001	4	broker_holdout_rank	0.8354903377110695
full	0.5	0.001	4	broker_net_output_per_requested_position	4.865549860367195
full	0.5	0.001	4	broker_selected_rank	0.929843048517364
full	0.5	0.001	4	mean_degree	50.686499999999995
full	0.5	0.001	4	net_output_per_requested_position	5.135593272809522
full	0.5	0.001	4	outsourcing_rate	0.4610473280399347
full	0.5	0.001	4	q_gap	-0.45814999608147977
full	0.5	0.001	4	rank_gap	0.1464171669793622
full	0.5	0.001	4	self_fill_rate	0.9988841656499545
full	0.5	0.001	4	self_net_output_per_requested_position	5.366665604143448
full	0.5	0.001	5	access_fraction	0.02710078353373735
full	0.5	0.001	5	agent_holdout_rank	0.650882645403377
full	0.5	0.001	5	betweenness	0.23831693172866206
full	0.5	0.001	5	broker_fill_rate	0.9994327061968942
full	0.5	0.001	5	broker_holdout_rank	0.9193537523452159
full	0.5	0.001	5	broker_net_output_per_requested_position	4.571296177468489
full	0.5	0.001	5	broker_selected_rank	0.9094526821843536
full	0.5	0.001	5	mean_degree	57.40665
full	0.5	0.001	5	net_output_per_requested_position	4.640395386330175
full	0.5	0.001	5	outsourcing_rate	0.6340731749612467
full	0.5	0.001	5	q_gap	-0.18658703780442476
full	0.5	0.001	5	rank_gap	0.26847110694183873
full	0.5	0.001	5	self_fill_rate	0.9997262551011243
full	0.5	0.001	5	self_net_output_per_requested_position	4.760136092869102
full	0.5	0.001	6	access_fraction	0.014482204686268155
full	0.5	0.001	6	agent_holdout_rank	0.6131629455909944
full	0.5	0.001	6	betweenness	0.2891569140648948
full	0.5	0.001	6	broker_fill_rate	0.9999023256454972
full	0.5	0.001	6	broker_holdout_rank	0.9336651969981238
full	0.5	0.001	6	broker_net_output_per_requested_position	4.4475687190851065
full	0.5	0.001	6	broker_selected_rank	0.9453912274813356
full	0.5	0.001	6	mean_degree	48.649
full	0.5	0.001	6	net_output_per_requested_position	4.855793164910282
full	0.5	0.001	6	outsourcing_rate	0.6156571541446269
full	0.5	0.001	6	q_gap	-1.0546672571400812
full	0.5	0.001	6	rank_gap	0.32050225140712946
full	0.5	0.001	6	self_fill_rate	0.9994279811219728
full	0.5	0.001	6	self_net_output_per_requested_position	5.509774599551971
full	0.5	0.001	7	access_fraction	0.02045621620652282
full	0.5	0.001	7	agent_holdout_rank	0.6785270168855535
full	0.5	0.001	7	betweenness	0.19379600488005297
full	0.5	0.001	7	broker_fill_rate	0.9989410616737565
full	0.5	0.001	7	broker_holdout_rank	0.9423469981238274
full	0.5	0.001	7	broker_net_output_per_requested_position	3.9071124619539157
full	0.5	0.001	7	broker_selected_rank	0.9050383732991074
full	0.5	0.001	7	mean_degree	52.05989999999999
full	0.5	0.001	7	net_output_per_requested_position	4.4446706084506875
full	0.5	0.001	7	outsourcing_rate	0.5123964918332179
full	0.5	0.001	7	q_gap	-1.0780872847234544
full	0.5	0.001	7	rank_gap	0.2638199812382737
full	0.5	0.001	7	self_fill_rate	0.9995067086965752
full	0.5	0.001	7	self_net_output_per_requested_position	5.009572515795921
full	0.5	0.001	8	access_fraction	0.022686397566058863
full	0.5	0.001	8	agent_holdout_rank	0.6585621013133208
full	0.5	0.001	8	betweenness	0.21807579599338983
full	0.5	0.001	8	broker_fill_rate	0.9972621561121541
full	0.5	0.001	8	broker_holdout_rank	0.9598835834896813
full	0.5	0.001	8	broker_net_output_per_requested_position	4.044450013430371
full	0.5	0.001	8	broker_selected_rank	0.9050606819702575
full	0.5	0.001	8	mean_degree	54.2214
full	0.5	0.001	8	net_output_per_requested_position	4.372189873326112
full	0.5	0.001	8	outsourcing_rate	0.6104519965891773
full	0.5	0.001	8	q_gap	-0.8204974684811533
full	0.5	0.001	8	rank_gap	0.30132148217636023
full	0.5	0.001	8	self_fill_rate	0.999283444007412
full	0.5	0.001	8	self_net_output_per_requested_position	4.885936975001787
full	0.5	0.001	9	access_fraction	0.029346965929932533
full	0.5	0.001	9	agent_holdout_rank	0.6329008442776736
full	0.5	0.001	9	betweenness	0.20164499724688217
full	0.5	0.001	9	broker_fill_rate	0.9974390508950932
full	0.5	0.001	9	broker_holdout_rank	0.9294426829268291
full	0.5	0.001	9	broker_net_output_per_requested_position	4.2706796905716775
full	0.5	0.001	9	broker_selected_rank	0.9373322876362753
full	0.5	0.001	9	mean_degree	61.12915
full	0.5	0.001	9	net_output_per_requested_position	4.715563392518556
full	0.5	0.001	9	outsourcing_rate	0.5940020766308242
full	0.5	0.001	9	q_gap	-1.06436756187149
full	0.5	0.001	9	rank_gap	0.2965418386491557
full	0.5	0.001	9	self_fill_rate	0.9986650759326215
full	0.5	0.001	9	self_net_output_per_requested_position	5.366006826207209
full	0.5	0.01	1	access_fraction	0.05362106170815119
full	0.5	0.01	1	agent_holdout_rank	0.6242609756097561
full	0.5	0.01	1	betweenness	0.76692172706593
full	0.5	0.01	1	broker_fill_rate	0.9999164554907853
full	0.5	0.01	1	broker_holdout_rank	0.9617014071294561
full	0.5	0.01	1	broker_net_output_per_requested_position	4.995994272903487
full	0.5	0.01	1	broker_selected_rank	0.9620236037211862
full	0.5	0.01	1	mean_degree	19.2851
full	0.5	0.01	1	net_output_per_requested_position	4.947946698875532
full	0.5	0.01	1	outsourcing_rate	0.9695892462881593
full	0.5	0.01	1	q_gap	1.5581652165069795
full	0.5	0.01	1	rank_gap	0.3374404315196998
full	0.5	0.01	1	self_fill_rate	0.9982647178576055
full	0.5	0.01	1	self_net_output_per_requested_position	3.419071895306575
full	0.5	0.01	10	access_fraction	0.07922531328498189
full	0.5	0.01	10	agent_holdout_rank	0.6537149155722326
full	0.5	0.01	10	betweenness	0.7255589308120116
full	0.5	0.01	10	broker_fill_rate	0.9999585222283697
full	0.5	0.01	10	broker_holdout_rank	0.9422594746716697
full	0.5	0.01	10	broker_net_output_per_requested_position	4.742562931398565
full	0.5	0.01	10	broker_selected_rank	0.9727205128014177
full	0.5	0.01	10	mean_degree	22.153950000000002
full	0.5	0.01	10	net_output_per_requested_position	4.666740956912983
full	0.5	0.01	10	outsourcing_rate	0.9489918967989812
full	0.5	0.01	10	q_gap	1.4565294780088591
full	0.5	0.01	10	rank_gap	0.2885445590994372
full	0.5	0.01	10	self_fill_rate	0.9936685970822777
full	0.5	0.01	10	self_net_output_per_requested_position	3.2560688416905896
full	0.5	0.01	11	access_fraction	0.07571848254412096
full	0.5	0.01	11	agent_holdout_rank	0.6717006566604128
full	0.5	0.01	11	betweenness	0.6809317098519457
full	0.5	0.01	11	broker_fill_rate	0.9997201617967428
full	0.5	0.01	11	broker_holdout_rank	0.9288822701688556
full	0.5	0.01	11	broker_net_output_per_requested_position	5.110006208305108
full	0.5	0.01	11	broker_selected_rank	0.9487305214786679
full	0.5	0.01	11	mean_degree	23.38915
full	0.5	0.01	11	net_output_per_requested_position	4.970332344287684
full	0.5	0.01	11	outsourcing_rate	0.919506396912805
full	0.5	0.01	11	q_gap	1.7135755501908907
full	0.5	0.01	11	rank_gap	0.25718161350844276
full	0.5	0.01	11	self_fill_rate	0.9983720524678062
full	0.5	0.01	11	self_net_output_per_requested_position	3.3760287386167853
full	0.5	0.01	12	access_fraction	0.05559197249731633
full	0.5	0.01	12	agent_holdout_rank	0.5928255159474672
full	0.5	0.01	12	betweenness	0.7573156508144295
full	0.5	0.01	12	broker_fill_rate	0.9999792531120331
full	0.5	0.01	12	broker_holdout_rank	0.9683418386491558
full	0.5	0.01	12	broker_net_output_per_requested_position	4.967778207437659
full	0.5	0.01	12	broker_selected_rank	0.9590465813933846
full	0.5	0.01	12	mean_degree	19.4617
full	0.5	0.01	12	net_output_per_requested_position	4.920926132502592
full	0.5	0.01	12	outsourcing_rate	0.9634483413430608
full	0.5	0.01	12	q_gap	1.2667383104941432
full	0.5	0.01	12	rank_gap	0.37551632270168855
full	0.5	0.01	12	self_fill_rate	1.0
full	0.5	0.01	12	self_net_output_per_requested_position	3.6823328043613754
full	0.5	0.01	13	access_fraction	0.048452619257535336
full	0.5	0.01	13	agent_holdout_rank	0.6460421200750469
full	0.5	0.01	13	betweenness	0.7306062489839137
full	0.5	0.01	13	broker_fill_rate	0.9997776922600705
full	0.5	0.01	13	broker_holdout_rank	0.9612932457786117
full	0.5	0.01	13	broker_net_output_per_requested_position	5.213703725595193
full	0.5	0.01	13	broker_selected_rank	0.9706807303541586
full	0.5	0.01	13	mean_degree	19.835200000000004
full	0.5	0.01	13	net_output_per_requested_position	5.0354768680350475
full	0.5	0.01	13	outsourcing_rate	0.891644044819991
full	0.5	0.01	13	q_gap	1.6172595569574768
full	0.5	0.01	13	rank_gap	0.31525112570356467
full	0.5	0.01	13	self_fill_rate	0.9978095744238324
full	0.5	0.01	13	self_net_output_per_requested_position	3.5702036174205034
full	0.5	0.01	14	access_fraction	0.061655728745106796
full	0.5	0.01	14	agent_holdout_rank	0.6525155722326454
full	0.5	0.01	14	betweenness	0.7602228678955564
full	0.5	0.01	14	broker_fill_rate	0.999894687121268
full	0.5	0.01	14	broker_holdout_rank	0.9446057223264539
full	0.5	0.01	14	broker_net_output_per_requested_position	4.544452051331416
full	0.5	0.01	14	broker_selected_rank	0.9234351443061861
full	0.5	0.01	14	mean_degree	20.65475
full	0.5	0.01	14	net_output_per_requested_position	4.476943098205515
full	0.5	0.01	14	outsourcing_rate	0.9530336726584526
full	0.5	0.01	14	q_gap	1.399164185507456
full	0.5	0.01	14	rank_gap	0.29209015009380856
full	0.5	0.01	14	self_fill_rate	0.9971301135811821
full	0.5	0.01	14	self_net_output_per_requested_position	3.109346026377143
full	0.5	0.01	15	access_fraction	0.07063026515985034
full	0.5	0.01	15	agent_holdout_rank	0.5708491557223265
full	0.5	0.01	15	betweenness	0.7201254635893835
full	0.5	0.01	15	broker_fill_rate	0.9999343120618832
full	0.5	0.01	15	broker_holdout_rank	0.9361153846153847
full	0.5	0.01	15	broker_net_output_per_requested_position	4.566131612914254
full	0.5	0.01	15	broker_selected_rank	0.9241724778797238
full	0.5	0.01	15	mean_degree	21.966600000000003
full	0.5	0.01	15	net_output_per_requested_position	4.460411824846469
full	0.5	0.01	15	outsourcing_rate	0.9146237775088977
full	0.5	0.01	15	q_gap	1.2123077764286376
full	0.5	0.01	15	rank_gap	0.36526622889305804
full	0.5	0.01	15	self_fill_rate	0.9981350852213697
full	0.5	0.01	15	self_net_output_per_requested_position	3.32910168688597
full	0.5	0.01	16	access_fraction	0.058790720154471975
full	0.5	0.01	16	agent_holdout_rank	0.5784551594746715
full	0.5	0.01	16	betweenness	0.762626872981932
full	0.5	0.01	16	broker_fill_rate	0.9998322165596397
full	0.5	0.01	16	broker_holdout_rank	0.9528747654784242
full	0.5	0.01	16	broker_net_output_per_requested_position	4.495304575434266
full	0.5	0.01	16	broker_selected_rank	0.9419997794405631
full	0.5	0.01	16	mean_degree	18.93855
full	0.5	0.01	16	net_output_per_requested_position	4.443985655410279
full	0.5	0.01	16	outsourcing_rate	0.9597537755638573
full	0.5	0.01	16	q_gap	1.2446962518962466
full	0.5	0.01	16	rank_gap	0.3744196060037524
full	0.5	0.01	16	self_fill_rate	0.9986756298136912
full	0.5	0.01	16	self_net_output_per_requested_position	3.225678097037948
full	0.5	0.01	17	access_fraction	0.05999888050443632
full	0.5	0.01	17	agent_holdout_rank	0.6447636022514072
full	0.5	0.01	17	betweenness	0.7859750878205087
full	0.5	0.01	17	broker_fill_rate	0.999627326822562
full	0.5	0.01	17	broker_holdout_rank	0.9427545028142589
full	0.5	0.01	17	broker_net_output_per_requested_position	4.963779311375218
full	0.5	0.01	17	broker_selected_rank	0.951771907721513
full	0.5	0.01	17	mean_degree	18.702549999999995
full	0.5	0.01	17	net_output_per_requested_position	4.892875680070562
full	0.5	0.01	17	outsourcing_rate	0.9511570593920539
full	0.5	0.01	17	q_gap	1.4293390479937786
full	0.5	0.01	17	rank_gap	0.2979909005628518
full	0.5	0.01	17	self_fill_rate	0.9980004390252267
full	0.5	0.01	17	self_net_output_per_requested_position	3.5240492924250595
full	0.5	0.01	18	access_fraction	0.0568212794837639
full	0.5	0.01	18	agent_holdout_rank	0.6594075984990619
full	0.5	0.01	18	betweenness	0.7893024522460063
full	0.5	0.01	18	broker_fill_rate	1.0
full	0.5	0.01	18	broker_holdout_rank	0.9461198874296436
full	0.5	0.01	18	broker_net_output_per_requested_position	5.027386955188922
full	0.5	0.01	18	broker_selected_rank	0.9657879584331214
full	0.5	0.01	18	mean_degree	19.48065
full	0.5	0.01	18	net_output_per_requested_position	4.985243614277673
full	0.5	0.01	18	outsourcing_rate	0.9691475717516186
full	0.5	0.01	18	q_gap	1.3431773836665744
full	0.5	0.01	18	rank_gap	0.28671228893058165
full	0.5	0.01	18	self_fill_rate	0.9969392689258594
full	0.5	0.01	18	self_net_output_per_requested_position	3.6613675459296444
full	0.5	0.01	19	access_fraction	0.05383504167868093
full	0.5	0.01	19	agent_holdout_rank	0.5912595684803001
full	0.5	0.01	19	betweenness	0.7880125080835076
full	0.5	0.01	19	broker_fill_rate	0.9998118682466888
full	0.5	0.01	19	broker_holdout_rank	0.9744318011257036
full	0.5	0.01	19	broker_net_output_per_requested_position	4.585312732429013
full	0.5	0.01	19	broker_selected_rank	0.9478072657350628
full	0.5	0.01	19	mean_degree	18.16715
full	0.5	0.01	19	net_output_per_requested_position	4.53976744514714
full	0.5	0.01	19	outsourcing_rate	0.9516936283011729
full	0.5	0.01	19	q_gap	0.9086451059078501
full	0.5	0.01	19	rank_gap	0.3831722326454034
full	0.5	0.01	19	self_fill_rate	0.9946516461735783
full	0.5	0.01	19	self_net_output_per_requested_position	3.641542394815467
full	0.5	0.01	2	access_fraction	0.060997297723929214
full	0.5	0.01	2	agent_holdout_rank	0.6620343339587242
full	0.5	0.01	2	betweenness	0.7461519101114925
full	0.5	0.01	2	broker_fill_rate	1.0
full	0.5	0.01	2	broker_holdout_rank	0.9718444652908067
full	0.5	0.01	2	broker_net_output_per_requested_position	4.698645596083327
full	0.5	0.01	2	broker_selected_rank	0.9266756635728941
full	0.5	0.01	2	mean_degree	20.42255
full	0.5	0.01	2	net_output_per_requested_position	4.6048879349179845
full	0.5	0.01	2	outsourcing_rate	0.9233768099443438
full	0.5	0.01	2	q_gap	1.2013951873441076
full	0.5	0.01	2	rank_gap	0.30981013133208246
full	0.5	0.01	2	self_fill_rate	0.9992123500505855
full	0.5	0.01	2	self_net_output_per_requested_position	3.4755776672971903
full	0.5	0.01	20	access_fraction	0.06029305763587243
full	0.5	0.01	20	agent_holdout_rank	0.586177861163227
full	0.5	0.01	20	betweenness	0.8252415252767994
full	0.5	0.01	20	broker_fill_rate	0.9999795751633986
full	0.5	0.01	20	broker_holdout_rank	0.9510294559099439
full	0.5	0.01	20	broker_net_output_per_requested_position	4.599729777513711
full	0.5	0.01	20	broker_selected_rank	0.8947485516293355
full	0.5	0.01	20	mean_degree	17.9293
full	0.5	0.01	20	net_output_per_requested_position	4.576397663267208
full	0.5	0.01	20	outsourcing_rate	0.9800273893224307
full	0.5	0.01	20	q_gap	1.131199475220623
full	0.5	0.01	20	rank_gap	0.36485159474671675
full	0.5	0.01	20	self_fill_rate	0.9973527568922306
full	0.5	0.01	20	self_net_output_per_requested_position	3.436318752909204
full	0.5	0.01	3	access_fraction	0.06805055809458678
full	0.5	0.01	3	agent_holdout_rank	0.6837598499061913
full	0.5	0.01	3	betweenness	0.7041203629344733
full	0.5	0.01	3	broker_fill_rate	0.9990441678036073
full	0.5	0.01	3	broker_holdout_rank	0.9386949343339588
full	0.5	0.01	3	broker_net_output_per_requested_position	4.63577387975244
full	0.5	0.01	3	broker_selected_rank	0.9681819058215517
full	0.5	0.01	3	mean_degree	20.0375
full	0.5	0.01	3	net_output_per_requested_position	4.5271914656504695
full	0.5	0.01	3	outsourcing_rate	0.8953032719713946
full	0.5	0.01	3	q_gap	1.0165633102431628
full	0.5	0.01	3	rank_gap	0.25493508442776736
full	0.5	0.01	3	self_fill_rate	0.9942408914727595
full	0.5	0.01	3	self_net_output_per_requested_position	3.5997357828318797
full	0.5	0.01	4	access_fraction	0.07153791977019985
full	0.5	0.01	4	agent_holdout_rank	0.6826789868667917
full	0.5	0.01	4	betweenness	0.7847431253176584
full	0.5	0.01	4	broker_fill_rate	0.9998260824443157
full	0.5	0.01	4	broker_holdout_rank	0.833989305816135
full	0.5	0.01	4	broker_net_output_per_requested_position	5.362445755239863
full	0.5	0.01	4	broker_selected_rank	0.9627196744083394
full	0.5	0.01	4	mean_degree	19.8642
full	0.5	0.01	4	net_output_per_requested_position	5.232988883281522
full	0.5	0.01	4	outsourcing_rate	0.924908991577249
full	0.5	0.01	4	q_gap	1.7074423680339144
full	0.5	0.01	4	rank_gap	0.15131031894934338
full	0.5	0.01	4	self_fill_rate	0.9980495245315838
full	0.5	0.01	4	self_net_output_per_requested_position	3.6364979229397534
full	0.5	0.01	5	access_fraction	0.059875382571430304
full	0.5	0.01	5	agent_holdout_rank	0.6030221388367729
full	0.5	0.01	5	betweenness	0.7620456330755733
full	0.5	0.01	5	broker_fill_rate	0.9999597332259336
full	0.5	0.01	5	broker_holdout_rank	0.9283083489681049
full	0.5	0.01	5	broker_net_output_per_requested_position	4.766699568662896
full	0.5	0.01	5	broker_selected_rank	0.9101532280369128
full	0.5	0.01	5	mean_degree	18.297850000000004
full	0.5	0.01	5	net_output_per_requested_position	4.753562880991327
full	0.5	0.01	5	outsourcing_rate	0.9848858810104739
full	0.5	0.01	5	q_gap	0.8979841067750011
full	0.5	0.01	5	rank_gap	0.3252862101313321
full	0.5	0.01	5	self_fill_rate	0.9978888888888889
full	0.5	0.01	5	self_net_output_per_requested_position	3.914206165876891
full	0.5	0.01	6	access_fraction	0.0635681922711745
full	0.5	0.01	6	agent_holdout_rank	0.6021719512195122
full	0.5	0.01	6	betweenness	0.7971672828225288
full	0.5	0.01	6	broker_fill_rate	0.9998971465864959
full	0.5	0.01	6	broker_holdout_rank	0.9487551594746717
full	0.5	0.01	6	broker_net_output_per_requested_position	4.974331771424876
full	0.5	0.01	6	broker_selected_rank	0.9632044258607703
full	0.5	0.01	6	mean_degree	19.551949999999998
full	0.5	0.01	6	net_output_per_requested_position	4.921702843875272
full	0.5	0.01	6	outsourcing_rate	0.9585420858308229
full	0.5	0.01	6	q_gap	1.2360957950264948
full	0.5	0.01	6	rank_gap	0.3465832082551595
full	0.5	0.01	6	self_fill_rate	0.9980885856057039
full	0.5	0.01	6	self_net_output_per_requested_position	3.7117516081158803
full	0.5	0.01	7	access_fraction	0.07548863139190896
full	0.5	0.01	7	agent_holdout_rank	0.6437990619136961
full	0.5	0.01	7	betweenness	0.7287079095867945
full	0.5	0.01	7	broker_fill_rate	0.9996991731658277
full	0.5	0.01	7	broker_holdout_rank	0.9438246716697936
full	0.5	0.01	7	broker_net_output_per_requested_position	4.579087565906557
full	0.5	0.01	7	broker_selected_rank	0.9532343490876511
full	0.5	0.01	7	mean_degree	20.762749999999997
full	0.5	0.01	7	net_output_per_requested_position	4.5159018458029925
full	0.5	0.01	7	outsourcing_rate	0.9081459780946496
full	0.5	0.01	7	q_gap	0.6709361973065675
full	0.5	0.01	7	rank_gap	0.3000256097560976
full	0.5	0.01	7	self_fill_rate	0.9956526828213879
full	0.5	0.01	7	self_net_output_per_requested_position	3.8938207131117304
full	0.5	0.01	8	access_fraction	0.06208833124388824
full	0.5	0.01	8	agent_holdout_rank	0.6936261726078798
full	0.5	0.01	8	betweenness	0.7292650577075424
full	0.5	0.01	8	broker_fill_rate	0.9998802772757257
full	0.5	0.01	8	broker_holdout_rank	0.9640126641651033
full	0.5	0.01	8	broker_net_output_per_requested_position	4.611588065336042
full	0.5	0.01	8	broker_selected_rank	0.8912343141366398
full	0.5	0.01	8	mean_degree	20.4116
full	0.5	0.01	8	net_output_per_requested_position	4.382263714586733
full	0.5	0.01	8	outsourcing_rate	0.8313634235514717
full	0.5	0.01	8	q_gap	1.3361541389998621
full	0.5	0.01	8	rank_gap	0.2703864915572233
full	0.5	0.01	8	self_fill_rate	0.9972547017838836
full	0.5	0.01	8	self_net_output_per_requested_position	3.253064473308924
full	0.5	0.01	9	access_fraction	0.10865456815427692
full	0.5	0.01	9	agent_holdout_rank	0.6336008442776736
full	0.5	0.01	9	betweenness	0.6493568124204143
full	0.5	0.01	9	broker_fill_rate	0.997419309500018
full	0.5	0.01	9	broker_holdout_rank	0.9129301125703565
full	0.5	0.01	9	broker_net_output_per_requested_position	5.039789189054163
full	0.5	0.01	9	broker_selected_rank	0.9659651028017675
full	0.5	0.01	9	mean_degree	25.989800000000002
full	0.5	0.01	9	net_output_per_requested_position	4.817586109945419
full	0.5	0.01	9	outsourcing_rate	0.8624879170927782
full	0.5	0.01	9	q_gap	1.586884628739416
full	0.5	0.01	9	rank_gap	0.2793292682926829
full	0.5	0.01	9	self_fill_rate	0.993938197550696
full	0.5	0.01	9	self_net_output_per_requested_position	3.428802443091101
full	0.5	0.02	1	access_fraction	0.10202860457993505
full	0.5	0.02	1	agent_holdout_rank	0.6529836772983114
full	0.5	0.02	1	betweenness	0.7981830442340747
full	0.5	0.02	1	broker_fill_rate	1.0
full	0.5	0.02	1	broker_holdout_rank	0.9544995309568481
full	0.5	0.02	1	broker_net_output_per_requested_position	5.048596724881725
full	0.5	0.02	1	broker_selected_rank	0.9616068894641028
full	0.5	0.02	1	mean_degree	16.9193
full	0.5	0.02	1	net_output_per_requested_position	4.9783592903163765
full	0.5	0.02	1	outsourcing_rate	0.9610571216352399
full	0.5	0.02	1	q_gap	1.782806872372531
full	0.5	0.02	1	rank_gap	0.30151585365853667
full	0.5	0.02	1	self_fill_rate	1.0
full	0.5	0.02	1	self_net_output_per_requested_position	3.246350095384458
full	0.5	0.02	10	access_fraction	0.11933565481768085
full	0.5	0.02	10	agent_holdout_rank	0.6505926829268293
full	0.5	0.02	10	betweenness	0.7719125856968929
full	0.5	0.02	10	broker_fill_rate	0.9998948515634101
full	0.5	0.02	10	broker_holdout_rank	0.9605416510318949
full	0.5	0.02	10	broker_net_output_per_requested_position	4.71094601884387
full	0.5	0.02	10	broker_selected_rank	0.9721577529288442
full	0.5	0.02	10	mean_degree	18.534349999999996
full	0.5	0.02	10	net_output_per_requested_position	4.632429619301889
full	0.5	0.02	10	outsourcing_rate	0.9598637974197916
full	0.5	0.02	10	q_gap	1.9247527061065728
full	0.5	0.02	10	rank_gap	0.30994896810506567
full	0.5	0.02	10	self_fill_rate	0.9952167845207235
full	0.5	0.02	10	self_net_output_per_requested_position	2.7556061139360954
full	0.5	0.02	11	access_fraction	0.11279325370444179
full	0.5	0.02	11	agent_holdout_rank	0.672245028142589
full	0.5	0.02	11	betweenness	0.7731711744728536
full	0.5	0.02	11	broker_fill_rate	0.9999391333873213
full	0.5	0.02	11	broker_holdout_rank	0.9492400562851783
full	0.5	0.02	11	broker_net_output_per_requested_position	5.079787716248301
full	0.5	0.02	11	broker_selected_rank	0.9626853466948593
full	0.5	0.02	11	mean_degree	17.07015
full	0.5	0.02	11	net_output_per_requested_position	5.024478153848493
full	0.5	0.02	11	outsourcing_rate	0.974523793482812
full	0.5	0.02	11	q_gap	2.1415968464239663
full	0.5	0.02	11	rank_gap	0.2769950281425892
full	0.5	0.02	11	self_fill_rate	0.9976152146464645
full	0.5	0.02	11	self_net_output_per_requested_position	2.9148449077780443
full	0.5	0.02	12	access_fraction	0.11218500973388482
full	0.5	0.02	12	agent_holdout_rank	0.6019986866791744
full	0.5	0.02	12	betweenness	0.819802502905387
full	0.5	0.02	12	broker_fill_rate	0.9997748072048193
full	0.5	0.02	12	broker_holdout_rank	0.9336226078799251
full	0.5	0.02	12	broker_net_output_per_requested_position	4.963037321845701
full	0.5	0.02	12	broker_selected_rank	0.962460500377024
full	0.5	0.02	12	mean_degree	17.373400000000004
full	0.5	0.02	12	net_output_per_requested_position	4.933844284296781
full	0.5	0.02	12	outsourcing_rate	0.9846089751921353
full	0.5	0.02	12	q_gap	1.8567732958821153
full	0.5	0.02	12	rank_gap	0.3316239212007505
full	0.5	0.02	12	self_fill_rate	0.9964187943839107
full	0.5	0.02	12	self_net_output_per_requested_position	3.0687962242224436
full	0.5	0.02	13	access_fraction	0.10627061975925337
full	0.5	0.02	13	agent_holdout_rank	0.6366958724202627
full	0.5	0.02	13	betweenness	0.8198729533176315
full	0.5	0.02	13	broker_fill_rate	0.9999381350648232
full	0.5	0.02	13	broker_holdout_rank	0.9520856472795499
full	0.5	0.02	13	broker_net_output_per_requested_position	5.1777552867952075
full	0.5	0.02	13	broker_selected_rank	0.9700891081593932
full	0.5	0.02	13	mean_degree	16.634000000000004
full	0.5	0.02	13	net_output_per_requested_position	5.1331355625060215
full	0.5	0.02	13	outsourcing_rate	0.9787113164878525
full	0.5	0.02	13	q_gap	2.0319133475223343
full	0.5	0.02	13	rank_gap	0.31538977485928704
full	0.5	0.02	13	self_fill_rate	0.9900826939471441
full	0.5	0.02	13	self_net_output_per_requested_position	3.0880446703528976
full	0.5	0.02	14	access_fraction	0.10451684419873182
full	0.5	0.02	14	agent_holdout_rank	0.6559887429643527
full	0.5	0.02	14	betweenness	0.8106725313930367
full	0.5	0.02	14	broker_fill_rate	0.9998346988707094
full	0.5	0.02	14	broker_holdout_rank	0.9576851782363975
full	0.5	0.02	14	broker_net_output_per_requested_position	4.525426809702485
full	0.5	0.02	14	broker_selected_rank	0.9276557411454899
full	0.5	0.02	14	mean_degree	17.80225
full	0.5	0.02	14	net_output_per_requested_position	4.47558403167646
full	0.5	0.02	14	outsourcing_rate	0.9704075521015808
full	0.5	0.02	14	q_gap	1.6430931702206641
full	0.5	0.02	14	rank_gap	0.3016964352720449
full	0.5	0.02	14	self_fill_rate	0.9954337032364631
full	0.5	0.02	14	self_net_output_per_requested_position	2.845364643557649
full	0.5	0.02	15	access_fraction	0.10419406788292
full	0.5	0.02	15	agent_holdout_rank	0.5844931519699813
full	0.5	0.02	15	betweenness	0.8155125355843591
full	0.5	0.02	15	broker_fill_rate	0.9999796001631986
full	0.5	0.02	15	broker_holdout_rank	0.9677787992495309
full	0.5	0.02	15	broker_net_output_per_requested_position	4.501663977835247
full	0.5	0.02	15	broker_selected_rank	0.9337437226120018
full	0.5	0.02	15	mean_degree	17.718
full	0.5	0.02	15	net_output_per_requested_position	4.469367930026559
full	0.5	0.02	15	outsourcing_rate	0.9740408258342118
full	0.5	0.02	15	q_gap	1.2206569249613053
full	0.5	0.02	15	rank_gap	0.3832856472795497
full	0.5	0.02	15	self_fill_rate	0.9985904308119913
full	0.5	0.02	15	self_net_output_per_requested_position	3.2566433742292276
full	0.5	0.02	16	access_fraction	0.10855183486399193
full	0.5	0.02	16	agent_holdout_rank	0.5569385553470919
full	0.5	0.02	16	betweenness	0.8077975082219947
full	0.5	0.02	16	broker_fill_rate	0.9999184960919004
full	0.5	0.02	16	broker_holdout_rank	0.9585054409005627
full	0.5	0.02	16	broker_net_output_per_requested_position	4.473768396749174
full	0.5	0.02	16	broker_selected_rank	0.9378281151460582
full	0.5	0.02	16	mean_degree	17.15045
full	0.5	0.02	16	net_output_per_requested_position	4.448125030569434
full	0.5	0.02	16	outsourcing_rate	0.9834895105709082
full	0.5	0.02	16	q_gap	1.517758371525823
full	0.5	0.02	16	rank_gap	0.40156688555347075
full	0.5	0.02	16	self_fill_rate	0.9966483516483517
full	0.5	0.02	16	self_net_output_per_requested_position	2.925512428288238
full	0.5	0.02	17	access_fraction	0.10259700201904302
full	0.5	0.02	17	agent_holdout_rank	0.6215530018761726
full	0.5	0.02	17	betweenness	0.8146970898062407
full	0.5	0.02	17	broker_fill_rate	0.9999593668391148
full	0.5	0.02	17	broker_holdout_rank	0.9483837711069418
full	0.5	0.02	17	broker_net_output_per_requested_position	4.913152281553958
full	0.5	0.02	17	broker_selected_rank	0.9564655673598079
full	0.5	0.02	17	mean_degree	16.7037
full	0.5	0.02	17	net_output_per_requested_position	4.889271501839665
full	0.5	0.02	17	outsourcing_rate	0.9867902719011852
full	0.5	0.02	17	q_gap	1.7643327562271947
full	0.5	0.02	17	rank_gap	0.3268307692307693
full	0.5	0.02	17	self_fill_rate	0.9966111111111111
full	0.5	0.02	17	self_net_output_per_requested_position	3.1115353484455444
full	0.5	0.02	18	access_fraction	0.10775222102946684
full	0.5	0.02	18	agent_holdout_rank	0.65654287054409
full	0.5	0.02	18	betweenness	0.8325839607952743
full	0.5	0.02	18	broker_fill_rate	0.9999592334831208
full	0.5	0.02	18	broker_holdout_rank	0.9678565666041277
full	0.5	0.02	18	broker_net_output_per_requested_position	5.00899849597442
full	0.5	0.02	18	broker_selected_rank	0.9653280872503498
full	0.5	0.02	18	mean_degree	16.77805
full	0.5	0.02	18	net_output_per_requested_position	4.99195507644475
full	0.5	0.02	18	outsourcing_rate	0.9916795794094778
full	0.5	0.02	18	q_gap	2.0082892831481147
full	0.5	0.02	18	rank_gap	0.3113136960600376
full	0.5	0.02	18	self_fill_rate	0.9956093189964157
full	0.5	0.02	18	self_net_output_per_requested_position	2.9777200594902795
full	0.5	0.02	19	access_fraction	0.1077544502149925
full	0.5	0.02	19	agent_holdout_rank	0.5865089118198873
full	0.5	0.02	19	betweenness	0.7975775574666201
full	0.5	0.02	19	broker_fill_rate	0.9999596774193549
full	0.5	0.02	19	broker_holdout_rank	0.9763898686679173
full	0.5	0.02	19	broker_net_output_per_requested_position	4.633375798569849
full	0.5	0.02	19	broker_selected_rank	0.9522730829854918
full	0.5	0.02	19	mean_degree	16.8991
full	0.5	0.02	19	net_output_per_requested_position	4.616519147887327
full	0.5	0.02	19	outsourcing_rate	0.9895102990388752
full	0.5	0.02	19	q_gap	1.5722864710232876
full	0.5	0.02	19	rank_gap	0.38988095684803004
full	0.5	0.02	19	self_fill_rate	0.9977272727272727
full	0.5	0.02	19	self_net_output_per_requested_position	3.043305331113257
full	0.5	0.02	2	access_fraction	0.10822041004424818
full	0.5	0.02	2	agent_holdout_rank	0.6918166979362101
full	0.5	0.02	2	betweenness	0.8223326027844381
full	0.5	0.02	2	broker_fill_rate	0.9999786689419796
full	0.5	0.02	2	broker_holdout_rank	0.9571823639774859
full	0.5	0.02	2	broker_net_output_per_requested_position	4.725103038827811
full	0.5	0.02	2	broker_selected_rank	0.9313554929574467
full	0.5	0.02	2	mean_degree	16.8842
full	0.5	0.02	2	net_output_per_requested_position	4.671970523640853
full	0.5	0.02	2	outsourcing_rate	0.9630308912186012
full	0.5	0.02	2	q_gap	1.4116503158919163
full	0.5	0.02	2	rank_gap	0.2653656660412758
full	0.5	0.02	2	self_fill_rate	0.9967682149889956
full	0.5	0.02	2	self_net_output_per_requested_position	3.2890973281811413
full	0.5	0.02	20	access_fraction	0.12729892808476279
full	0.5	0.02	20	agent_holdout_rank	0.6088417448405253
full	0.5	0.02	20	betweenness	0.7948786196221425
full	0.5	0.02	20	broker_fill_rate	0.9995673037364439
full	0.5	0.02	20	broker_holdout_rank	0.8800212007504691
full	0.5	0.02	20	broker_net_output_per_requested_position	4.614540266552944
full	0.5	0.02	20	broker_selected_rank	0.8963722192713787
full	0.5	0.02	20	mean_degree	19.378449999999997
full	0.5	0.02	20	net_output_per_requested_position	4.5894223348852545
full	0.5	0.02	20	outsourcing_rate	0.9811721959178836
full	0.5	0.02	20	q_gap	1.3100230349296815
full	0.5	0.02	20	rank_gap	0.2711794559099437
full	0.5	0.02	20	self_fill_rate	0.9989361702127659
full	0.5	0.02	20	self_net_output_per_requested_position	3.2812632361241234
full	0.5	0.02	21	access_fraction	0.14497509986547064
full	0.5	0.02	21	agent_holdout_rank	0.7149820825515947
full	0.5	0.02	21	betweenness	0.7442104696674442
full	0.5	0.02	21	broker_fill_rate	0.999722419385644
full	0.5	0.02	21	broker_holdout_rank	0.934252626641651
full	0.5	0.02	21	broker_net_output_per_requested_position	5.055967547154143
full	0.5	0.02	21	broker_selected_rank	0.9725407934584382
full	0.5	0.02	21	mean_degree	21.1491
full	0.5	0.02	21	net_output_per_requested_position	4.912922842680052
full	0.5	0.02	21	outsourcing_rate	0.9362593334898103
full	0.5	0.02	21	q_gap	2.2083588766605997
full	0.5	0.02	21	rank_gap	0.21927054409005628
full	0.5	0.02	21	self_fill_rate	0.9912024815578049
full	0.5	0.02	21	self_net_output_per_requested_position	2.811748724027885
full	0.5	0.02	22	access_fraction	0.10013018812662874
full	0.5	0.02	22	agent_holdout_rank	0.6628400562851783
full	0.5	0.02	22	betweenness	0.8209269640216919
full	0.5	0.02	22	broker_fill_rate	0.9999585145292944
full	0.5	0.02	22	broker_holdout_rank	0.9415536585365853
full	0.5	0.02	22	broker_net_output_per_requested_position	5.0526340202186235
full	0.5	0.02	22	broker_selected_rank	0.9608273354134115
full	0.5	0.02	22	mean_degree	16.95515
full	0.5	0.02	22	net_output_per_requested_position	4.992058056787206
full	0.5	0.02	22	outsourcing_rate	0.9662297826595452
full	0.5	0.02	22	q_gap	1.7639843275847937
full	0.5	0.02	22	rank_gap	0.27871360225140707
full	0.5	0.02	22	self_fill_rate	0.9975647742271168
full	0.5	0.02	22	self_net_output_per_requested_position	3.2590435038193
full	0.5	0.02	23	access_fraction	0.13441258420770247
full	0.5	0.02	23	agent_holdout_rank	0.594927861163227
full	0.5	0.02	23	betweenness	0.7391230742569866
full	0.5	0.02	23	broker_fill_rate	0.9996120878491404
full	0.5	0.02	23	broker_holdout_rank	0.905925984990619
full	0.5	0.02	23	broker_net_output_per_requested_position	4.55813910047024
full	0.5	0.02	23	broker_selected_rank	0.9220940499474896
full	0.5	0.02	23	mean_degree	19.377
full	0.5	0.02	23	net_output_per_requested_position	4.45434109399216
full	0.5	0.02	23	outsourcing_rate	0.9258890407766398
full	0.5	0.02	23	q_gap	1.3650726132531612
full	0.5	0.02	23	rank_gap	0.3109981238273922
full	0.5	0.02	23	self_fill_rate	0.9968155648884844
full	0.5	0.02	23	self_net_output_per_requested_position	3.159526430796041
full	0.5	0.02	24	access_fraction	0.10723643079790472
full	0.5	0.02	24	agent_holdout_rank	0.6022967166979363
full	0.5	0.02	24	betweenness	0.772342762595389
full	0.5	0.02	24	broker_fill_rate	0.9999596349401912
full	0.5	0.02	24	broker_holdout_rank	0.9659322701688557
full	0.5	0.02	24	broker_net_output_per_requested_position	5.040180882626751
full	0.5	0.02	24	broker_selected_rank	0.9630646014064957
full	0.5	0.02	24	mean_degree	15.849050000000002
full	0.5	0.02	24	net_output_per_requested_position	5.011582086050293
full	0.5	0.02	24	outsourcing_rate	0.9866037950957554
full	0.5	0.02	24	q_gap	2.0849310107391092
full	0.5	0.02	24	rank_gap	0.36363555347091936
full	0.5	0.02	24	self_fill_rate	0.9904159429280398
full	0.5	0.02	24	self_net_output_per_requested_position	2.907923043719885
full	0.5	0.02	25	access_fraction	0.11194124506212211
full	0.5	0.02	25	agent_holdout_rank	0.5847725140712946
full	0.5	0.02	25	betweenness	0.7846038477701853
full	0.5	0.02	25	broker_fill_rate	0.9999800876144962
full	0.5	0.02	25	broker_holdout_rank	0.9430912757973735
full	0.5	0.02	25	broker_net_output_per_requested_position	4.473646239210173
full	0.5	0.02	25	broker_selected_rank	0.9328542662655664
full	0.5	0.02	25	mean_degree	18.28785
full	0.5	0.02	25	net_output_per_requested_position	4.457906775365041
full	0.5	0.02	25	outsourcing_rate	0.989451373813039
full	0.5	0.02	25	q_gap	1.4646462956147634
full	0.5	0.02	25	rank_gap	0.35831876172607874
full	0.5	0.02	25	self_fill_rate	0.9982142857142857
full	0.5	0.02	25	self_net_output_per_requested_position	2.9920009644318775
full	0.5	0.02	26	access_fraction	0.11128172394462463
full	0.5	0.02	26	agent_holdout_rank	0.5716565666041277
full	0.5	0.02	26	betweenness	0.7768559632870805
full	0.5	0.02	26	broker_fill_rate	1.0
full	0.5	0.02	26	broker_holdout_rank	0.9496860225140713
full	0.5	0.02	26	broker_net_output_per_requested_position	4.51016797113647
full	0.5	0.02	26	broker_selected_rank	0.9183435875303079
full	0.5	0.02	26	mean_degree	16.714450000000003
full	0.5	0.02	26	net_output_per_requested_position	4.498820244433043
full	0.5	0.02	26	outsourcing_rate	0.9918752291383491
full	0.5	0.02	26	q_gap	1.3655083758315005
full	0.5	0.02	26	rank_gap	0.37802945590994363
full	0.5	0.02	26	self_fill_rate	0.9960061443932412
full	0.5	0.02	26	self_net_output_per_requested_position	3.1218414515153383
full	0.5	0.02	27	access_fraction	0.09291386530175612
full	0.5	0.02	27	agent_holdout_rank	0.5959266416510319
full	0.5	0.02	27	betweenness	0.834866848347976
full	0.5	0.02	27	broker_fill_rate	1.0
full	0.5	0.02	27	broker_holdout_rank	0.9319123827392118
full	0.5	0.02	27	broker_net_output_per_requested_position	4.584101937207312
full	0.5	0.02	27	broker_selected_rank	0.9188376269247561
full	0.5	0.02	27	mean_degree	16.6128
full	0.5	0.02	27	net_output_per_requested_position	4.576228477640305
full	0.5	0.02	27	outsourcing_rate	0.9946229845168497
full	0.5	0.02	27	q_gap	1.3994397198997224
full	0.5	0.02	27	rank_gap	0.3359857410881802
full	0.5	0.02	27	self_fill_rate	0.9890460030165913
full	0.5	0.02	27	self_net_output_per_requested_position	3.1256411459310613
full	0.5	0.02	28	access_fraction	0.12302065007436017
full	0.5	0.02	28	agent_holdout_rank	0.6348280487804878
full	0.5	0.02	28	betweenness	0.7638774691786512
full	0.5	0.02	28	broker_fill_rate	0.9998958703282759
full	0.5	0.02	28	broker_holdout_rank	0.966790712945591
full	0.5	0.02	28	broker_net_output_per_requested_position	4.669364621260024
full	0.5	0.02	28	broker_selected_rank	0.9672991316614998
full	0.5	0.02	28	mean_degree	17.7924
full	0.5	0.02	28	net_output_per_requested_position	4.602107515898202
full	0.5	0.02	28	outsourcing_rate	0.954805079416551
full	0.5	0.02	28	q_gap	1.4404904826040177
full	0.5	0.02	28	rank_gap	0.3319626641651032
full	0.5	0.02	28	self_fill_rate	0.9944848908093065
full	0.5	0.02	28	self_net_output_per_requested_position	3.1886446943125204
full	0.5	0.02	29	access_fraction	0.11282966126313418
full	0.5	0.02	29	agent_holdout_rank	0.654604033771107
full	0.5	0.02	29	betweenness	0.737881402624657
full	0.5	0.02	29	broker_fill_rate	1.0
full	0.5	0.02	29	broker_holdout_rank	0.9634171669793622
full	0.5	0.02	29	broker_net_output_per_requested_position	4.796895367995085
full	0.5	0.02	29	broker_selected_rank	0.960577217384014
full	0.5	0.02	29	mean_degree	17.869750000000003
full	0.5	0.02	29	net_output_per_requested_position	4.7079498402296815
full	0.5	0.02	29	outsourcing_rate	0.9489228349337842
full	0.5	0.02	29	q_gap	1.7162004417866505
full	0.5	0.02	29	rank_gap	0.308813133208255
full	0.5	0.02	29	self_fill_rate	0.9950917858417719
full	0.5	0.02	29	self_net_output_per_requested_position	3.0552944845477774
full	0.5	0.02	3	access_fraction	0.10155173223782128
full	0.5	0.02	3	agent_holdout_rank	0.6638383677298311
full	0.5	0.02	3	betweenness	0.7893640239041936
full	0.5	0.02	3	broker_fill_rate	0.9994838695860565
full	0.5	0.02	3	broker_holdout_rank	0.918265478424015
full	0.5	0.02	3	broker_net_output_per_requested_position	4.6019618769201855
full	0.5	0.02	3	broker_selected_rank	0.9731587931876694
full	0.5	0.02	3	mean_degree	17.940199999999997
full	0.5	0.02	3	net_output_per_requested_position	4.532936116239769
full	0.5	0.02	3	outsourcing_rate	0.9643787831447422
full	0.5	0.02	3	q_gap	1.897285839992854
full	0.5	0.02	3	rank_gap	0.2544271106941839
full	0.5	0.02	3	self_fill_rate	0.9907517298063748
full	0.5	0.02	3	self_net_output_per_requested_position	2.669600640428027
full	0.5	0.02	30	access_fraction	0.1063187145226377
full	0.5	0.02	30	agent_holdout_rank	0.6634040337711069
full	0.5	0.02	30	betweenness	0.7800892147595327
full	0.5	0.02	30	broker_fill_rate	0.999611865169489
full	0.5	0.02	30	broker_holdout_rank	0.9606437148217637
full	0.5	0.02	30	broker_net_output_per_requested_position	4.925123707612794
full	0.5	0.02	30	broker_selected_rank	0.9630810334210798
full	0.5	0.02	30	mean_degree	16.672150000000002
full	0.5	0.02	30	net_output_per_requested_position	4.87895551407303
full	0.5	0.02	30	outsourcing_rate	0.9797314680662209
full	0.5	0.02	30	q_gap	2.227724455351437
full	0.5	0.02	30	rank_gap	0.2972396810506567
full	0.5	0.02	30	self_fill_rate	0.989411816682282
full	0.5	0.02	30	self_net_output_per_requested_position	2.655224449414469
full	0.5	0.02	31	access_fraction	0.10195765309628417
full	0.5	0.02	31	agent_holdout_rank	0.6363631332082551
full	0.5	0.02	31	betweenness	0.8560880573280027
full	0.5	0.02	31	broker_fill_rate	0.9999795501022495
full	0.5	0.02	31	broker_holdout_rank	0.8839594746716697
full	0.5	0.02	31	broker_net_output_per_requested_position	4.800202152548495
full	0.5	0.02	31	broker_selected_rank	0.9425744570412418
full	0.5	0.02	31	mean_degree	16.410500000000003
full	0.5	0.02	31	net_output_per_requested_position	4.791223292475413
full	0.5	0.02	31	outsourcing_rate	0.9947900671271889
full	0.5	0.02	31	q_gap	1.681405775131676
full	0.5	0.02	31	rank_gap	0.24759634146341472
full	0.5	0.02	31	self_fill_rate	1.0
full	0.5	0.02	31	self_net_output_per_requested_position	3.0985158140125844
full	0.5	0.02	32	access_fraction	0.1020593218324312
full	0.5	0.02	32	agent_holdout_rank	0.6480848030018762
full	0.5	0.02	32	betweenness	0.8324979346967385
full	0.5	0.02	32	broker_fill_rate	0.9997584555043746
full	0.5	0.02	32	broker_holdout_rank	0.9390647279549718
full	0.5	0.02	32	broker_net_output_per_requested_position	4.8406088075283575
full	0.5	0.02	32	broker_selected_rank	0.9321899754606477
full	0.5	0.02	32	mean_degree	15.78055
full	0.5	0.02	32	net_output_per_requested_position	4.82591398950102
full	0.5	0.02	32	outsourcing_rate	0.9912582121333671
full	0.5	0.02	32	q_gap	1.6612969999724272
full	0.5	0.02	32	rank_gap	0.29097992495309566
full	0.5	0.02	32	self_fill_rate	0.9976190476190476
full	0.5	0.02	32	self_net_output_per_requested_position	3.1565164045269762
full	0.5	0.02	33	access_fraction	0.11032020491659669
full	0.5	0.02	33	agent_holdout_rank	0.6405832082551595
full	0.5	0.02	33	betweenness	0.7996339265307745
full	0.5	0.02	33	broker_fill_rate	0.9999598126820419
full	0.5	0.02	33	broker_holdout_rank	0.9785166979362103
full	0.5	0.02	33	broker_net_output_per_requested_position	4.882451529705053
full	0.5	0.02	33	broker_selected_rank	0.9664081063356125
full	0.5	0.02	33	mean_degree	18.718700000000002
full	0.5	0.02	33	net_output_per_requested_position	4.857302680095396
full	0.5	0.02	33	outsourcing_rate	0.9872562511265818
full	0.5	0.02	33	q_gap	1.939726450856659
full	0.5	0.02	33	rank_gap	0.3379334896810507
full	0.5	0.02	33	self_fill_rate	0.9955803571428572
full	0.5	0.02	33	self_net_output_per_requested_position	2.909226295769655
full	0.5	0.02	34	access_fraction	0.14493064813512527
full	0.5	0.02	34	agent_holdout_rank	0.6407261726078799
full	0.5	0.02	34	betweenness	0.7413603628458284
full	0.5	0.02	34	broker_fill_rate	0.9993035567245153
full	0.5	0.02	34	broker_holdout_rank	0.916218761726079
full	0.5	0.02	34	broker_net_output_per_requested_position	4.75902461016967
full	0.5	0.02	34	broker_selected_rank	0.9605449041043258
full	0.5	0.02	34	mean_degree	19.688800000000004
full	0.5	0.02	34	net_output_per_requested_position	4.649663310438653
full	0.5	0.02	34	outsourcing_rate	0.9436528091603602
full	0.5	0.02	34	q_gap	1.895639653871683
full	0.5	0.02	34	rank_gap	0.27549258911819885
full	0.5	0.02	34	self_fill_rate	0.9932504887059347
full	0.5	0.02	34	self_net_output_per_requested_position	2.820924833744949
full	0.5	0.02	35	access_fraction	0.1036274104586056
full	0.5	0.02	35	agent_holdout_rank	0.5984924953095685
full	0.5	0.02	35	betweenness	0.8096085703309625
full	0.5	0.02	35	broker_fill_rate	1.0
full	0.5	0.02	35	broker_holdout_rank	0.9610291744840527
full	0.5	0.02	35	broker_net_output_per_requested_position	4.646077235002812
full	0.5	0.02	35	broker_selected_rank	0.9149302953285077
full	0.5	0.02	35	mean_degree	17.0649
full	0.5	0.02	35	net_output_per_requested_position	4.6231308087613865
full	0.5	0.02	35	outsourcing_rate	0.9864521750982469
full	0.5	0.02	35	q_gap	1.6654996104838582
full	0.5	0.02	35	rank_gap	0.362536679174484
full	0.5	0.02	35	self_fill_rate	0.997017543859649
full	0.5	0.02	35	self_net_output_per_requested_position	2.951557833900604
full	0.5	0.02	36	access_fraction	0.10716691318255205
full	0.5	0.02	36	agent_holdout_rank	0.6230462476547841
full	0.5	0.02	36	betweenness	0.8243025895124918
full	0.5	0.02	36	broker_fill_rate	1.0
full	0.5	0.02	36	broker_holdout_rank	0.9436157598499063
full	0.5	0.02	36	broker_net_output_per_requested_position	4.679888450100927
full	0.5	0.02	36	broker_selected_rank	0.9050215146249918
full	0.5	0.02	36	mean_degree	16.560049999999997
full	0.5	0.02	36	net_output_per_requested_position	4.647174841382794
full	0.5	0.02	36	outsourcing_rate	0.9755403958322548
full	0.5	0.02	36	q_gap	1.3042484414346047
full	0.5	0.02	36	rank_gap	0.32056951219512203
full	0.5	0.02	36	self_fill_rate	0.9991525423728813
full	0.5	0.02	36	self_net_output_per_requested_position	3.34313235927893
full	0.5	0.02	37	access_fraction	0.11847095248307205
full	0.5	0.02	37	agent_holdout_rank	0.5887621951219513
full	0.5	0.02	37	betweenness	0.7906319124939553
full	0.5	0.02	37	broker_fill_rate	0.9998350180176386
full	0.5	0.02	37	broker_holdout_rank	0.9713397748592871
full	0.5	0.02	37	broker_net_output_per_requested_position	4.814694099006874
full	0.5	0.02	37	broker_selected_rank	0.959979125473587
full	0.5	0.02	37	mean_degree	17.709899999999998
full	0.5	0.02	37	net_output_per_requested_position	4.760760052043958
full	0.5	0.02	37	outsourcing_rate	0.9679322455056176
full	0.5	0.02	37	q_gap	1.6548783409255077
full	0.5	0.02	37	rank_gap	0.3825775797373358
full	0.5	0.02	37	self_fill_rate	0.994944676918049
full	0.5	0.02	37	self_net_output_per_requested_position	3.1381131679522425
full	0.5	0.02	38	access_fraction	0.11833957375702764
full	0.5	0.02	38	agent_holdout_rank	0.6382631332082551
full	0.5	0.02	38	betweenness	0.7893485103968307
full	0.5	0.02	38	broker_fill_rate	0.9997042312470757
full	0.5	0.02	38	broker_holdout_rank	0.963870919324578
full	0.5	0.02	38	broker_net_output_per_requested_position	4.687216048048253
full	0.5	0.02	38	broker_selected_rank	0.9404732826636822
full	0.5	0.02	38	mean_degree	18.6111
full	0.5	0.02	38	net_output_per_requested_position	4.6300265483850245
full	0.5	0.02	38	outsourcing_rate	0.959083099529184
full	0.5	0.02	38	q_gap	1.3860919640113507
full	0.5	0.02	38	rank_gap	0.3256077861163228
full	0.5	0.02	38	self_fill_rate	0.9981430545084496
full	0.5	0.02	38	self_net_output_per_requested_position	3.29475594249494
full	0.5	0.02	39	access_fraction	0.09616491705962579
full	0.5	0.02	39	agent_holdout_rank	0.6325098499061913
full	0.5	0.02	39	betweenness	0.7847499656409633
full	0.5	0.02	39	broker_fill_rate	0.9997918532383961
full	0.5	0.02	39	broker_holdout_rank	0.9623713883677298
full	0.5	0.02	39	broker_net_output_per_requested_position	4.850622243301137
full	0.5	0.02	39	broker_selected_rank	0.9430318063911753
full	0.5	0.02	39	mean_degree	18.482599999999998
full	0.5	0.02	39	net_output_per_requested_position	4.7785383996222075
full	0.5	0.02	39	outsourcing_rate	0.9592605386953114
full	0.5	0.02	39	q_gap	1.7495450436991167
full	0.5	0.02	39	rank_gap	0.32986153846153854
full	0.5	0.02	39	self_fill_rate	0.9970519753457889
full	0.5	0.02	39	self_net_output_per_requested_position	3.0817609483692388
full	0.5	0.02	4	access_fraction	0.1330554596287207
full	0.5	0.02	4	agent_holdout_rank	0.6899651031894934
full	0.5	0.02	4	betweenness	0.7525092266482412
full	0.5	0.02	4	broker_fill_rate	0.9993696483708225
full	0.5	0.02	4	broker_holdout_rank	0.923695966228893
full	0.5	0.02	4	broker_net_output_per_requested_position	5.475652115075321
full	0.5	0.02	4	broker_selected_rank	0.9440968372909238
full	0.5	0.02	4	mean_degree	18.601950000000002
full	0.5	0.02	4	net_output_per_requested_position	5.206924815927739
full	0.5	0.02	4	outsourcing_rate	0.8669856483494549
full	0.5	0.02	4	q_gap	1.9994950163049783
full	0.5	0.02	4	rank_gap	0.23373086303939963
full	0.5	0.02	4	self_fill_rate	0.9973478027769364
full	0.5	0.02	4	self_net_output_per_requested_position	3.4553494393218687
full	0.5	0.02	40	access_fraction	0.10555478406287788
full	0.5	0.02	40	agent_holdout_rank	0.5587560037523451
full	0.5	0.02	40	betweenness	0.8147988411039604
full	0.5	0.02	40	broker_fill_rate	0.9999187732352486
full	0.5	0.02	40	broker_holdout_rank	0.9616418386491556
full	0.5	0.02	40	broker_net_output_per_requested_position	4.590934867015664
full	0.5	0.02	40	broker_selected_rank	0.9589356161490518
full	0.5	0.02	40	mean_degree	17.1726
full	0.5	0.02	40	net_output_per_requested_position	4.56325546613674
full	0.5	0.02	40	outsourcing_rate	0.9824488003863262
full	0.5	0.02	40	q_gap	1.5512772691234764
full	0.5	0.02	40	rank_gap	0.40288583489681057
full	0.5	0.02	40	self_fill_rate	0.999056603773585
full	0.5	0.02	40	self_net_output_per_requested_position	3.0235674906548553
full	0.5	0.02	41	access_fraction	0.1368819796386743
full	0.5	0.02	41	agent_holdout_rank	0.6479202626641651
full	0.5	0.02	41	betweenness	0.7406426158957803
full	0.5	0.02	41	broker_fill_rate	0.999685050169961
full	0.5	0.02	41	broker_holdout_rank	0.9000535647279552
full	0.5	0.02	41	broker_net_output_per_requested_position	4.852903493450038
full	0.5	0.02	41	broker_selected_rank	0.9516820073007217
full	0.5	0.02	41	mean_degree	19.75435
full	0.5	0.02	41	net_output_per_requested_position	4.77914833941187
full	0.5	0.02	41	outsourcing_rate	0.959881328767537
full	0.5	0.02	41	q_gap	1.8048842967435959
full	0.5	0.02	41	rank_gap	0.25213330206378987
full	0.5	0.02	41	self_fill_rate	0.9951017980082308
full	0.5	0.02	41	self_net_output_per_requested_position	3.0191590501875796
full	0.5	0.02	42	access_fraction	0.11585905216560195
full	0.5	0.02	42	agent_holdout_rank	0.6275924953095685
full	0.5	0.02	42	betweenness	0.8285766559946561
full	0.5	0.02	42	broker_fill_rate	0.9974428167645174
full	0.5	0.02	42	broker_holdout_rank	0.9426743902439025
full	0.5	0.02	42	broker_net_output_per_requested_position	4.771498679246371
full	0.5	0.02	42	broker_selected_rank	0.9261796079557658
full	0.5	0.02	42	mean_degree	16.78315
full	0.5	0.02	42	net_output_per_requested_position	4.739443189505183
full	0.5	0.02	42	outsourcing_rate	0.9819984193925769
full	0.5	0.02	42	q_gap	1.7948453478254787
full	0.5	0.02	42	rank_gap	0.3150818949343339
full	0.5	0.02	42	self_fill_rate	0.9976682564917858
full	0.5	0.02	42	self_net_output_per_requested_position	2.9725400167693743
full	0.5	0.02	43	access_fraction	0.115953854754442
full	0.5	0.02	43	agent_holdout_rank	0.6287378986866791
full	0.5	0.02	43	betweenness	0.7840162649210715
full	0.5	0.02	43	broker_fill_rate	0.9999373799959166
full	0.5	0.02	43	broker_holdout_rank	0.9693597560975611
full	0.5	0.02	43	broker_net_output_per_requested_position	4.338344581158578
full	0.5	0.02	43	broker_selected_rank	0.928009873003621
full	0.5	0.02	43	mean_degree	17.6401
full	0.5	0.02	43	net_output_per_requested_position	4.282136310292114
full	0.5	0.02	43	outsourcing_rate	0.9635216032204148
full	0.5	0.02	43	q_gap	1.511419636670413
full	0.5	0.02	43	rank_gap	0.3406218574108818
full	0.5	0.02	43	self_fill_rate	0.9978982642994861
full	0.5	0.02	43	self_net_output_per_requested_position	2.7994265073563462
full	0.5	0.02	44	access_fraction	0.12211335209251237
full	0.5	0.02	44	agent_holdout_rank	0.6491198874296435
full	0.5	0.02	44	betweenness	0.8151919083598823
full	0.5	0.02	44	broker_fill_rate	0.9999582811848142
full	0.5	0.02	44	broker_holdout_rank	0.9628083489681052
full	0.5	0.02	44	broker_net_output_per_requested_position	4.834868220938926
full	0.5	0.02	44	broker_selected_rank	0.961650941031254
full	0.5	0.02	44	mean_degree	18.125000000000004
full	0.5	0.02	44	net_output_per_requested_position	4.779459873439293
full	0.5	0.02	44	outsourcing_rate	0.9706606206397174
full	0.5	0.02	44	q_gap	1.8478472237968646
full	0.5	0.02	44	rank_gap	0.3136884615384616
full	0.5	0.02	44	self_fill_rate	0.9961663986965934
full	0.5	0.02	44	self_net_output_per_requested_position	2.9492805552682033
full	0.5	0.02	45	access_fraction	0.10990961822748886
full	0.5	0.02	45	agent_holdout_rank	0.6269577861163228
full	0.5	0.02	45	betweenness	0.7681448719092693
full	0.5	0.02	45	broker_fill_rate	0.9999795501022495
full	0.5	0.02	45	broker_holdout_rank	0.9619705440900562
full	0.5	0.02	45	broker_net_output_per_requested_position	4.661140627235239
full	0.5	0.02	45	broker_selected_rank	0.9576176956248899
full	0.5	0.02	45	mean_degree	17.981699999999996
full	0.5	0.02	45	net_output_per_requested_position	4.626005934370678
full	0.5	0.02	45	outsourcing_rate	0.981703423823627
full	0.5	0.02	45	q_gap	1.887009629838388
full	0.5	0.02	45	rank_gap	0.3350127579737335
full	0.5	0.02	45	self_fill_rate	0.9970979473543522
full	0.5	0.02	45	self_net_output_per_requested_position	2.7444648007785943
full	0.5	0.02	46	access_fraction	0.1142263984316008
full	0.5	0.02	46	agent_holdout_rank	0.6490245778611632
full	0.5	0.02	46	betweenness	0.8070070472004348
full	0.5	0.02	46	broker_fill_rate	0.999874927909721
full	0.5	0.02	46	broker_holdout_rank	0.9747810506566605
full	0.5	0.02	46	broker_net_output_per_requested_position	4.825698565912625
full	0.5	0.02	46	broker_selected_rank	0.9737152158948914
full	0.5	0.02	46	mean_degree	17.6389
full	0.5	0.02	46	net_output_per_requested_position	4.746071940823386
full	0.5	0.02	46	outsourcing_rate	0.9604321826322046
full	0.5	0.02	46	q_gap	1.961875781280839
full	0.5	0.02	46	rank_gap	0.3257564727954972
full	0.5	0.02	46	self_fill_rate	0.9955634674187612
full	0.5	0.02	46	self_net_output_per_requested_position	2.819507730301315
full	0.5	0.02	47	access_fraction	0.09876326856153349
full	0.5	0.02	47	agent_holdout_rank	0.6454672607879924
full	0.5	0.02	47	betweenness	0.8315319895166287
full	0.5	0.02	47	broker_fill_rate	0.9999382799506604
full	0.5	0.02	47	broker_holdout_rank	0.9381363977485927
full	0.5	0.02	47	broker_net_output_per_requested_position	5.176885469810365
full	0.5	0.02	47	broker_selected_rank	0.9682372751798022
full	0.5	0.02	47	mean_degree	17.46435
full	0.5	0.02	47	net_output_per_requested_position	5.114846535426418
full	0.5	0.02	47	outsourcing_rate	0.9693135556350045
full	0.5	0.02	47	q_gap	1.9923013876507187
full	0.5	0.02	47	rank_gap	0.2926691369606004
full	0.5	0.02	47	self_fill_rate	0.9973883442732523
full	0.5	0.02	47	self_net_output_per_requested_position	3.158720787377136
full	0.5	0.02	48	access_fraction	0.09690805051098879
full	0.5	0.02	48	agent_holdout_rank	0.5790287992495309
full	0.5	0.02	48	betweenness	0.6896387589064492
full	0.5	0.02	48	broker_fill_rate	0.9999585062240663
full	0.5	0.02	48	broker_holdout_rank	0.9529820825515948
full	0.5	0.02	48	broker_net_output_per_requested_position	4.658012019632389
full	0.5	0.02	48	broker_selected_rank	0.9569147292686665
full	0.5	0.02	48	mean_degree	18.649449999999995
full	0.5	0.02	48	net_output_per_requested_position	4.612917897060958
full	0.5	0.02	48	outsourcing_rate	0.972353541453252
full	0.5	0.02	48	q_gap	1.6027613107149403
full	0.5	0.02	48	rank_gap	0.3739532833020639
full	0.5	0.02	48	self_fill_rate	0.9964481532302883
full	0.5	0.02	48	self_net_output_per_requested_position	3.0287072171159304
full	0.5	0.02	49	access_fraction	0.09906136660156038
full	0.5	0.02	49	agent_holdout_rank	0.5979106003752345
full	0.5	0.02	49	betweenness	0.8120066786636795
full	0.5	0.02	49	broker_fill_rate	0.99997947454844
full	0.5	0.02	49	broker_holdout_rank	0.9545353658536584
full	0.5	0.02	49	broker_net_output_per_requested_position	4.703664741494789
full	0.5	0.02	49	broker_selected_rank	0.9514934170037405
full	0.5	0.02	49	mean_degree	16.301000000000002
full	0.5	0.02	49	net_output_per_requested_position	4.6800824091802715
full	0.5	0.02	49	outsourcing_rate	0.9875228941442342
full	0.5	0.02	49	q_gap	1.8545773425283496
full	0.5	0.02	49	rank_gap	0.3566247654784238
full	0.5	0.02	49	self_fill_rate	0.9957263814616756
full	0.5	0.02	49	self_net_output_per_requested_position	2.819057712719269
full	0.5	0.02	5	access_fraction	0.08337731628394017
full	0.5	0.02	5	agent_holdout_rank	0.6161988742964353
full	0.5	0.02	5	betweenness	0.8103295673037574
full	0.5	0.02	5	broker_fill_rate	0.9999594407894736
full	0.5	0.02	5	broker_holdout_rank	0.9375156660412758
full	0.5	0.02	5	broker_net_output_per_requested_position	4.71692735677313
full	0.5	0.02	5	broker_selected_rank	0.9153720736459554
full	0.5	0.02	5	mean_degree	15.606100000000003
full	0.5	0.02	5	net_output_per_requested_position	4.7028757024517285
full	0.5	0.02	5	outsourcing_rate	0.9898416077501798
full	0.5	0.02	5	q_gap	1.3532074568102475
full	0.5	0.02	5	rank_gap	0.3213167917448406
full	0.5	0.02	5	self_fill_rate	0.9982142857142857
full	0.5	0.02	5	self_net_output_per_requested_position	3.3399604535274436
full	0.5	0.02	50	access_fraction	0.09598910832275906
full	0.5	0.02	50	agent_holdout_rank	0.6705861163227016
full	0.5	0.02	50	betweenness	0.7737078995588951
full	0.5	0.02	50	broker_fill_rate	0.9998139014240855
full	0.5	0.02	50	broker_holdout_rank	0.9541451219512194
full	0.5	0.02	50	broker_net_output_per_requested_position	5.049411059689618
full	0.5	0.02	50	broker_selected_rank	0.9574599860702518
full	0.5	0.02	50	mean_degree	18.145950000000003
full	0.5	0.02	50	net_output_per_requested_position	4.9549498267452945
full	0.5	0.02	50	outsourcing_rate	0.9502671230037872
full	0.5	0.02	50	q_gap	1.8802033733747106
full	0.5	0.02	50	rank_gap	0.28355900562851777
full	0.5	0.02	50	self_fill_rate	0.9970701110887956
full	0.5	0.02	50	self_net_output_per_requested_position	3.149118730546733
full	0.5	0.02	6	access_fraction	0.09822003864990614
full	0.5	0.02	6	agent_holdout_rank	0.602997842401501
full	0.5	0.02	6	betweenness	0.8450803515728706
full	0.5	0.02	6	broker_fill_rate	0.9999390716772243
full	0.5	0.02	6	broker_holdout_rank	0.9590697936210131
full	0.5	0.02	6	broker_net_output_per_requested_position	4.923230180073239
full	0.5	0.02	6	broker_selected_rank	0.9586089448450267
full	0.5	0.02	6	mean_degree	16.49355
full	0.5	0.02	6	net_output_per_requested_position	4.883567208577019
full	0.5	0.02	6	outsourcing_rate	0.9776904963340838
full	0.5	0.02	6	q_gap	1.7382345458345754
full	0.5	0.02	6	rank_gap	0.3560719512195122
full	0.5	0.02	6	self_fill_rate	0.9965317011927182
full	0.5	0.02	6	self_net_output_per_requested_position	3.1498576080081344
full	0.5	0.02	7	access_fraction	0.13021998916096705
full	0.5	0.02	7	agent_holdout_rank	0.6570936210131333
full	0.5	0.02	7	betweenness	0.7072052940983293
full	0.5	0.02	7	broker_fill_rate	0.9997856604361999
full	0.5	0.02	7	broker_holdout_rank	0.9326808630393995
full	0.5	0.02	7	broker_net_output_per_requested_position	4.58988542193571
full	0.5	0.02	7	broker_selected_rank	0.9489708941787871
full	0.5	0.02	7	mean_degree	20.402250000000002
full	0.5	0.02	7	net_output_per_requested_position	4.4909704748105375
full	0.5	0.02	7	outsourcing_rate	0.9350853577936518
full	0.5	0.02	7	q_gap	1.500592570490822
full	0.5	0.02	7	rank_gap	0.27558724202626644
full	0.5	0.02	7	self_fill_rate	0.9974044069780079
full	0.5	0.02	7	self_net_output_per_requested_position	3.068006634563267
full	0.5	0.02	8	access_fraction	0.10335688329311679
full	0.5	0.02	8	agent_holdout_rank	0.6807044090056286
full	0.5	0.02	8	betweenness	0.7375703484233614
full	0.5	0.02	8	broker_fill_rate	1.0
full	0.5	0.02	8	broker_holdout_rank	0.9788442776735458
full	0.5	0.02	8	broker_net_output_per_requested_position	4.577978252326689
full	0.5	0.02	8	broker_selected_rank	0.9240284240200992
full	0.5	0.02	8	mean_degree	17.732
full	0.5	0.02	8	net_output_per_requested_position	4.452233734293804
full	0.5	0.02	8	outsourcing_rate	0.907680634292953
full	0.5	0.02	8	q_gap	1.3445082180717098
full	0.5	0.02	8	rank_gap	0.2981398686679174
full	0.5	0.02	8	self_fill_rate	0.9993126428027418
full	0.5	0.02	8	self_net_output_per_requested_position	3.217126837708052
full	0.5	0.02	9	access_fraction	0.14997632825090496
full	0.5	0.02	9	agent_holdout_rank	0.616265947467167
full	0.5	0.02	9	betweenness	0.7417323864750954
full	0.5	0.02	9	broker_fill_rate	0.9994053353115031
full	0.5	0.02	9	broker_holdout_rank	0.9405998123827392
full	0.5	0.02	9	broker_net_output_per_requested_position	4.944914173726231
full	0.5	0.02	9	broker_selected_rank	0.9692326898904795
full	0.5	0.02	9	mean_degree	21.743149999999996
full	0.5	0.02	9	net_output_per_requested_position	4.822236605015139
full	0.5	0.02	9	outsourcing_rate	0.9383783839353338
full	0.5	0.02	9	q_gap	1.9775993413920052
full	0.5	0.02	9	rank_gap	0.32433386491557215
full	0.5	0.02	9	self_fill_rate	0.9972209734072376
full	0.5	0.02	9	self_net_output_per_requested_position	2.958278825536996
full	0.5	0.03	1	access_fraction	0.14014257368217403
full	0.5	0.03	1	agent_holdout_rank	0.639534990619137
full	0.5	0.03	1	betweenness	0.82029337037952
full	0.5	0.03	1	broker_fill_rate	0.9999178264147544
full	0.5	0.03	1	broker_holdout_rank	0.9551390243902439
full	0.5	0.03	1	broker_net_output_per_requested_position	4.978993611532563
full	0.5	0.03	1	broker_selected_rank	0.9636849185733922
full	0.5	0.03	1	mean_degree	15.08345
full	0.5	0.03	1	net_output_per_requested_position	4.950565810372781
full	0.5	0.03	1	outsourcing_rate	0.9861164778378948
full	0.5	0.03	1	q_gap	2.023100130531247
full	0.5	0.03	1	rank_gap	0.31560403377110696
full	0.5	0.03	1	self_fill_rate	1.0
full	0.5	0.03	1	self_net_output_per_requested_position	2.9306518117378504
full	0.5	0.03	10	access_fraction	0.16079961964262676
full	0.5	0.03	10	agent_holdout_rank	0.6285251407129455
full	0.5	0.03	10	betweenness	0.7946325037383498
full	0.5	0.03	10	broker_fill_rate	0.9996154688015011
full	0.5	0.03	10	broker_holdout_rank	0.9569848030018763
full	0.5	0.03	10	broker_net_output_per_requested_position	4.65683853735905
full	0.5	0.03	10	broker_selected_rank	0.9719270434362981
full	0.5	0.03	10	mean_degree	17.6642
full	0.5	0.03	10	net_output_per_requested_position	4.621774585959027
full	0.5	0.03	10	outsourcing_rate	0.9831234136638534
full	0.5	0.03	10	q_gap	2.0516762235109822
full	0.5	0.03	10	rank_gap	0.32845966228893053
full	0.5	0.03	10	self_fill_rate	0.9922574515699697
full	0.5	0.03	10	self_net_output_per_requested_position	2.5726559096827613
full	0.5	0.03	11	access_fraction	0.15391419011286783
full	0.5	0.03	11	agent_holdout_rank	0.6745084427767355
full	0.5	0.03	11	betweenness	0.8055277205443389
full	0.5	0.03	11	broker_fill_rate	0.9997982465731121
full	0.5	0.03	11	broker_holdout_rank	0.9592488742964351
full	0.5	0.03	11	broker_net_output_per_requested_position	5.084468549883105
full	0.5	0.03	11	broker_selected_rank	0.9601286293762474
full	0.5	0.03	11	mean_degree	15.157300000000001
full	0.5	0.03	11	net_output_per_requested_position	5.051435628169478
full	0.5	0.03	11	outsourcing_rate	0.985588017188989
full	0.5	0.03	11	q_gap	2.2672321943000306
full	0.5	0.03	11	rank_gap	0.28474043151969974
full	0.5	0.03	11	self_fill_rate	0.996514423076923
full	0.5	0.03	11	self_net_output_per_requested_position	2.791251998182977
full	0.5	0.03	12	access_fraction	0.14582140756380935
full	0.5	0.03	12	agent_holdout_rank	0.5985865853658537
full	0.5	0.03	12	betweenness	0.848745414895036
full	0.5	0.03	12	broker_fill_rate	1.0
full	0.5	0.03	12	broker_holdout_rank	0.9573718574108817
full	0.5	0.03	12	broker_net_output_per_requested_position	4.905700170604869
full	0.5	0.03	12	broker_selected_rank	0.9615689701288609
full	0.5	0.03	12	mean_degree	15.7685
full	0.5	0.03	12	net_output_per_requested_position	4.889178713339502
full	0.5	0.03	12	outsourcing_rate	0.9916631839265028
full	0.5	0.03	12	q_gap	1.9513179865742056
full	0.5	0.03	12	rank_gap	0.3587852720450281
full	0.5	0.03	12	self_fill_rate	1.0
full	0.5	0.03	12	self_net_output_per_requested_position	2.936438106135849
full	0.5	0.03	13	access_fraction	0.13715809510947047
full	0.5	0.03	13	agent_holdout_rank	0.6407631332082552
full	0.5	0.03	13	betweenness	0.8408086003498999
full	0.5	0.03	13	broker_fill_rate	0.9999183949114088
full	0.5	0.03	13	broker_holdout_rank	0.9621724202626643
full	0.5	0.03	13	broker_net_output_per_requested_position	5.14965062363545
full	0.5	0.03	13	broker_selected_rank	0.9725847917957313
full	0.5	0.03	13	mean_degree	15.97185
full	0.5	0.03	13	net_output_per_requested_position	5.12189523976369
full	0.5	0.03	13	outsourcing_rate	0.9875533702633043
full	0.5	0.03	13	q_gap	2.1837901667000685
full	0.5	0.03	13	rank_gap	0.321409287054409
full	0.5	0.03	13	self_fill_rate	0.9977777777777778
full	0.5	0.03	13	self_net_output_per_requested_position	2.9448158432624036
full	0.5	0.03	14	access_fraction	0.1463923997143439
full	0.5	0.03	14	agent_holdout_rank	0.6457409005628518
full	0.5	0.03	14	betweenness	0.836354490448732
full	0.5	0.03	14	broker_fill_rate	1.0
full	0.5	0.03	14	broker_holdout_rank	0.9522228893058159
full	0.5	0.03	14	broker_net_output_per_requested_position	4.465659411802429
full	0.5	0.03	14	broker_selected_rank	0.9363619970667377
full	0.5	0.03	14	mean_degree	16.58135
full	0.5	0.03	14	net_output_per_requested_position	4.438749240218093
full	0.5	0.03	14	outsourcing_rate	0.9853110067169503
full	0.5	0.03	14	q_gap	1.784529748505528
full	0.5	0.03	14	rank_gap	0.3064819887429643
full	0.5	0.03	14	self_fill_rate	0.9866536484957538
full	0.5	0.03	14	self_net_output_per_requested_position	2.619291147536011
full	0.5	0.03	15	access_fraction	0.1476756167061611
full	0.5	0.03	15	agent_holdout_rank	0.5792204502814259
full	0.5	0.03	15	betweenness	0.845887277285304
full	0.5	0.03	15	broker_fill_rate	0.9999602932607171
full	0.5	0.03	15	broker_holdout_rank	0.9638137898686681
full	0.5	0.03	15	broker_net_output_per_requested_position	4.518709513771456
full	0.5	0.03	15	broker_selected_rank	0.9358468954515653
full	0.5	0.03	15	mean_degree	15.989550000000003
full	0.5	0.03	15	net_output_per_requested_position	4.499572636588778
full	0.5	0.03	15	outsourcing_rate	0.9878409860272566
full	0.5	0.03	15	q_gap	1.5200781501147234
full	0.5	0.03	15	rank_gap	0.38459333958724196
full	0.5	0.03	15	self_fill_rate	0.9921147741147742
full	0.5	0.03	15	self_net_output_per_requested_position	2.9535614569732567
full	0.5	0.03	16	access_fraction	0.14588453169043486
full	0.5	0.03	16	agent_holdout_rank	0.5615662288930582
full	0.5	0.03	16	betweenness	0.7936885610255612
full	0.5	0.03	16	broker_fill_rate	0.9999592078994407
full	0.5	0.03	16	broker_holdout_rank	0.9580008442776737
full	0.5	0.03	16	broker_net_output_per_requested_position	4.479820197447018
full	0.5	0.03	16	broker_selected_rank	0.9373132605636736
full	0.5	0.03	16	mean_degree	16.141550000000002
full	0.5	0.03	16	net_output_per_requested_position	4.461243078915728
full	0.5	0.03	16	outsourcing_rate	0.9887569956290967
full	0.5	0.03	16	q_gap	1.633084815110894
full	0.5	0.03	16	rank_gap	0.39643461538461533
full	0.5	0.03	16	self_fill_rate	0.9984375
full	0.5	0.03	16	self_net_output_per_requested_position	2.8251465894122334
full	0.5	0.03	17	access_fraction	0.12655153038683303
full	0.5	0.03	17	agent_holdout_rank	0.6205612570356474
full	0.5	0.03	17	betweenness	0.8326301973090542
full	0.5	0.03	17	broker_fill_rate	1.0
full	0.5	0.03	17	broker_holdout_rank	0.9553696060037524
full	0.5	0.03	17	broker_net_output_per_requested_position	4.888567574609647
full	0.5	0.03	17	broker_selected_rank	0.9534456491264596
full	0.5	0.03	17	mean_degree	14.990100000000002
full	0.5	0.03	17	net_output_per_requested_position	4.8688897989854665
full	0.5	0.03	17	outsourcing_rate	0.9896927283254513
full	0.5	0.03	17	q_gap	1.8603625304447173
full	0.5	0.03	17	rank_gap	0.334808348968105
full	0.5	0.03	17	self_fill_rate	0.9961538461538462
full	0.5	0.03	17	self_net_output_per_requested_position	2.988412773546173
full	0.5	0.03	18	access_fraction	0.14043309164640688
full	0.5	0.03	18	agent_holdout_rank	0.6820379924953096
full	0.5	0.03	18	betweenness	0.8164198471726124
full	0.5	0.03	18	broker_fill_rate	0.9999801271860095
full	0.5	0.03	18	broker_holdout_rank	0.9617785178236398
full	0.5	0.03	18	broker_net_output_per_requested_position	5.035923745540277
full	0.5	0.03	18	broker_selected_rank	0.9648999694062278
full	0.5	0.03	18	mean_degree	15.814450000000003
full	0.5	0.03	18	net_output_per_requested_position	4.980247833387435
full	0.5	0.03	18	outsourcing_rate	0.9715278689517062
full	0.5	0.03	18	q_gap	1.9435188775811707
full	0.5	0.03	18	rank_gap	0.2797405253283301
full	0.5	0.03	18	self_fill_rate	0.9982076611056045
full	0.5	0.03	18	self_net_output_per_requested_position	3.0755243498877696
full	0.5	0.03	19	access_fraction	0.13191196900291433
full	0.5	0.03	19	agent_holdout_rank	0.5904168855534709
full	0.5	0.03	19	betweenness	0.8409323144230969
full	0.5	0.03	19	broker_fill_rate	1.0
full	0.5	0.03	19	broker_holdout_rank	0.9695277673545967
full	0.5	0.03	19	broker_net_output_per_requested_position	4.6390636536373
full	0.5	0.03	19	broker_selected_rank	0.9517852376270055
full	0.5	0.03	19	mean_degree	16.1844
full	0.5	0.03	19	net_output_per_requested_position	4.626369794889041
full	0.5	0.03	19	outsourcing_rate	0.9934482893045995
full	0.5	0.03	19	q_gap	1.9219564351641218
full	0.5	0.03	19	rank_gap	0.3791108818011257
full	0.5	0.03	19	self_fill_rate	0.9951945080091533
full	0.5	0.03	19	self_net_output_per_requested_position	2.694370632897423
full	0.5	0.03	2	access_fraction	0.1598180120393389
full	0.5	0.03	2	agent_holdout_rank	0.656188367729831
full	0.5	0.03	2	betweenness	0.8481173631790236
full	0.5	0.03	2	broker_fill_rate	1.0
full	0.5	0.03	2	broker_holdout_rank	0.9454938086303942
full	0.5	0.03	2	broker_net_output_per_requested_position	4.690867810812834
full	0.5	0.03	2	broker_selected_rank	0.9354997573879953
full	0.5	0.03	2	mean_degree	15.5875
full	0.5	0.03	2	net_output_per_requested_position	4.66840667822838
full	0.5	0.03	2	outsourcing_rate	0.9857304052648406
full	0.5	0.03	2	q_gap	1.552483354842881
full	0.5	0.03	2	rank_gap	0.289305440900563
full	0.5	0.03	2	self_fill_rate	1.0
full	0.5	0.03	2	self_net_output_per_requested_position	3.1221726743364977
full	0.5	0.03	20	access_fraction	0.12497285213505331
full	0.5	0.03	20	agent_holdout_rank	0.644684521575985
full	0.5	0.03	20	betweenness	0.8525733282479729
full	0.5	0.03	20	broker_fill_rate	0.9999596230484744
full	0.5	0.03	20	broker_holdout_rank	0.9458857410881801
full	0.5	0.03	20	broker_net_output_per_requested_position	4.6376113131456105
full	0.5	0.03	20	broker_selected_rank	0.9029652927484259
full	0.5	0.03	20	mean_degree	15.535950000000003
full	0.5	0.03	20	net_output_per_requested_position	4.6282394610542665
full	0.5	0.03	20	outsourcing_rate	0.993585062240961
full	0.5	0.03	20	q_gap	1.445157068022161
full	0.5	0.03	20	rank_gap	0.30120121951219503
full	0.5	0.03	20	self_fill_rate	1.0
full	0.5	0.03	20	self_net_output_per_requested_position	3.168469824644081
full	0.5	0.03	3	access_fraction	0.15442178833701506
full	0.5	0.03	3	agent_holdout_rank	0.6441324577861163
full	0.5	0.03	3	betweenness	0.8466459010125378
full	0.5	0.03	3	broker_fill_rate	0.9998398813891333
full	0.5	0.03	3	broker_holdout_rank	0.9414163227016885
full	0.5	0.03	3	broker_net_output_per_requested_position	4.529192941510835
full	0.5	0.03	3	broker_selected_rank	0.9702306752460063
full	0.5	0.03	3	mean_degree	15.593250000000001
full	0.5	0.03	3	net_output_per_requested_position	4.498001438190377
full	0.5	0.03	3	outsourcing_rate	0.9854182196913881
full	0.5	0.03	3	q_gap	2.085435522182596
full	0.5	0.03	3	rank_gap	0.2972838649155723
full	0.5	0.03	3	self_fill_rate	0.9851064176917184
full	0.5	0.03	3	self_net_output_per_requested_position	2.387475911390262
full	0.5	0.03	4	access_fraction	0.145449624213483
full	0.5	0.03	4	agent_holdout_rank	0.678922607879925
full	0.5	0.03	4	betweenness	0.791394654853382
full	0.5	0.03	4	broker_fill_rate	0.9993569047371886
full	0.5	0.03	4	broker_holdout_rank	0.911951407129456
full	0.5	0.03	4	broker_net_output_per_requested_position	5.432640859920297
full	0.5	0.03	4	broker_selected_rank	0.9630706406892946
full	0.5	0.03	4	mean_degree	17.213649999999998
full	0.5	0.03	4	net_output_per_requested_position	5.2886455738472415
full	0.5	0.03	4	outsourcing_rate	0.9365733573674195
full	0.5	0.03	4	q_gap	2.251709183346697
full	0.5	0.03	4	rank_gap	0.23302879924953085
full	0.5	0.03	4	self_fill_rate	0.9976005689324466
full	0.5	0.03	4	self_net_output_per_requested_position	3.1647242074611377
full	0.5	0.03	5	access_fraction	0.18150792387720832
full	0.5	0.03	5	agent_holdout_rank	0.6289268292682927
full	0.5	0.03	5	betweenness	0.7945832893696505
full	0.5	0.03	5	broker_fill_rate	0.9965414577428968
full	0.5	0.03	5	broker_holdout_rank	0.8548117260787993
full	0.5	0.03	5	broker_net_output_per_requested_position	4.646064092228931
full	0.5	0.03	5	broker_selected_rank	0.8389945754756829
full	0.5	0.03	5	mean_degree	17.87965
full	0.5	0.03	5	net_output_per_requested_position	4.622730326207947
full	0.5	0.03	5	outsourcing_rate	0.9826792084169356
full	0.5	0.03	5	q_gap	1.322981112127661
full	0.5	0.03	5	rank_gap	0.22588489681050655
full	0.5	0.03	5	self_fill_rate	0.9969141323792486
full	0.5	0.03	5	self_net_output_per_requested_position	3.3044634191206343
full	0.5	0.03	6	access_fraction	0.1283145612274514
full	0.5	0.03	6	agent_holdout_rank	0.6237609756097562
full	0.5	0.03	6	betweenness	0.854467520915185
full	0.5	0.03	6	broker_fill_rate	1.0
full	0.5	0.03	6	broker_holdout_rank	0.9589075046904314
full	0.5	0.03	6	broker_net_output_per_requested_position	4.912329426832469
full	0.5	0.03	6	broker_selected_rank	0.9616062525455306
full	0.5	0.03	6	mean_degree	16.180699999999998
full	0.5	0.03	6	net_output_per_requested_position	4.879505759197491
full	0.5	0.03	6	outsourcing_rate	0.9824414730039885
full	0.5	0.03	6	q_gap	1.8216777281064764
full	0.5	0.03	6	rank_gap	0.33514652908067527
full	0.5	0.03	6	self_fill_rate	0.9942288479414806
full	0.5	0.03	6	self_net_output_per_requested_position	3.054078092816332
full	0.5	0.03	7	access_fraction	0.172785510787494
full	0.5	0.03	7	agent_holdout_rank	0.6603174484052532
full	0.5	0.03	7	betweenness	0.7518548221691979
full	0.5	0.03	7	broker_fill_rate	0.9994719992224971
full	0.5	0.03	7	broker_holdout_rank	0.926997842401501
full	0.5	0.03	7	broker_net_output_per_requested_position	4.5719683342841995
full	0.5	0.03	7	broker_selected_rank	0.9511981184502982
full	0.5	0.03	7	mean_degree	18.690800000000003
full	0.5	0.03	7	net_output_per_requested_position	4.476025735279967
full	0.5	0.03	7	outsourcing_rate	0.9415402435468261
full	0.5	0.03	7	q_gap	1.613734348186107
full	0.5	0.03	7	rank_gap	0.26668039399624766
full	0.5	0.03	7	self_fill_rate	0.9943968206104554
full	0.5	0.03	7	self_net_output_per_requested_position	2.930676948382948
full	0.5	0.03	8	access_fraction	0.1620823383247195
full	0.5	0.03	8	agent_holdout_rank	0.6206655722326453
full	0.5	0.03	8	betweenness	0.8429305391517239
full	0.5	0.03	8	broker_fill_rate	1.0
full	0.5	0.03	8	broker_holdout_rank	0.9653705440900563
full	0.5	0.03	8	broker_net_output_per_requested_position	4.427275271442428
full	0.5	0.03	8	broker_selected_rank	0.9354029552301316
full	0.5	0.03	8	mean_degree	15.732000000000003
full	0.5	0.03	8	net_output_per_requested_position	4.404550417634156
full	0.5	0.03	8	outsourcing_rate	0.9870421816888089
full	0.5	0.03	8	q_gap	1.6797891435681394
full	0.5	0.03	8	rank_gap	0.344704971857411
full	0.5	0.03	8	self_fill_rate	0.9886786950443831
full	0.5	0.03	8	self_net_output_per_requested_position	2.6973207079085264
full	0.5	0.03	9	access_fraction	0.18685341642239583
full	0.5	0.03	9	agent_holdout_rank	0.6182790806754221
full	0.5	0.03	9	betweenness	0.8091235983999349
full	0.5	0.03	9	broker_fill_rate	0.9993829134442954
full	0.5	0.03	9	broker_holdout_rank	0.9363906191369606
full	0.5	0.03	9	broker_net_output_per_requested_position	4.935970712944013
full	0.5	0.03	9	broker_selected_rank	0.969867110717745
full	0.5	0.03	9	mean_degree	18.7983
full	0.5	0.03	9	net_output_per_requested_position	4.870556676331511
full	0.5	0.03	9	outsourcing_rate	0.9709141062188221
full	0.5	0.03	9	q_gap	2.212186897130292
full	0.5	0.03	9	rank_gap	0.31811153846153845
full	0.5	0.03	9	self_fill_rate	0.9922076191372078
full	0.5	0.03	9	self_net_output_per_requested_position	2.6894838166868436
full	1.0	0.0	1	access_fraction	0.023491217427631463
full	1.0	0.0	1	agent_holdout_rank	0.7626453095684803
full	1.0	0.0	1	betweenness	0.010831951162928212
full	1.0	0.0	1	broker_fill_rate	1.0
full	1.0	0.0	1	broker_holdout_rank	0.9700751407129458
full	1.0	0.0	1	broker_net_output_per_requested_position	3.5563206533780716
full	1.0	0.0	1	broker_selected_rank	0.7895800129261025
full	1.0	0.0	1	mean_degree	88.69460000000001
full	1.0	0.0	1	net_output_per_requested_position	4.138704854326017
full	1.0	0.0	1	outsourcing_rate	0.483765598867945
full	1.0	0.0	1	q_gap	-1.1214456248945721
full	1.0	0.0	1	rank_gap	0.20742983114446542
full	1.0	0.0	1	self_fill_rate	0.9999599358974359
full	1.0	0.0	1	self_net_output_per_requested_position	4.684347315881207
full	1.0	0.0	10	access_fraction	0.00495450172499833
full	1.0	0.0	10	agent_holdout_rank	0.7376757973733584
full	1.0	0.0	10	betweenness	0.010646998215973655
full	1.0	0.0	10	broker_fill_rate	1.0
full	1.0	0.0	10	broker_holdout_rank	0.8943880863039398
full	1.0	0.0	10	broker_net_output_per_requested_position	3.7513575202982765
full	1.0	0.0	10	broker_selected_rank	0.8398207061619617
full	1.0	0.0	10	mean_degree	101.3147
full	1.0	0.0	10	net_output_per_requested_position	4.301133440237309
full	1.0	0.0	10	outsourcing_rate	0.5675393500588807
full	1.0	0.0	10	q_gap	-1.2608746204263732
full	1.0	0.0	10	rank_gap	0.1567122889305817
full	1.0	0.0	10	self_fill_rate	1.0
full	1.0	0.0	10	self_net_output_per_requested_position	5.022692987263675
full	1.0	0.0	11	access_fraction	0.0016185111594935269
full	1.0	0.0	11	agent_holdout_rank	0.7411076923076922
full	1.0	0.0	11	betweenness	0.011256133097989628
full	1.0	0.0	11	broker_fill_rate	1.0
full	1.0	0.0	11	broker_holdout_rank	0.9321888367729831
full	1.0	0.0	11	broker_net_output_per_requested_position	3.6542580136850034
full	1.0	0.0	11	broker_selected_rank	0.8421733905765934
full	1.0	0.0	11	mean_degree	79.1935
full	1.0	0.0	11	net_output_per_requested_position	4.231431387753421
full	1.0	0.0	11	outsourcing_rate	0.4991990163477641
full	1.0	0.0	11	q_gap	-1.1462319336826052
full	1.0	0.0	11	rank_gap	0.19108114446529081
full	1.0	0.0	11	self_fill_rate	1.0
full	1.0	0.0	11	self_net_output_per_requested_position	4.8068143753621735
full	1.0	0.0	12	access_fraction	0.009817000427076672
full	1.0	0.0	12	agent_holdout_rank	0.6897797373358349
full	1.0	0.0	12	betweenness	0.0139268790316936
full	1.0	0.0	12	broker_fill_rate	1.0
full	1.0	0.0	12	broker_holdout_rank	0.9567006566604128
full	1.0	0.0	12	broker_net_output_per_requested_position	3.73853781690446
full	1.0	0.0	12	broker_selected_rank	0.8035857899889989
full	1.0	0.0	12	mean_degree	88.10215
full	1.0	0.0	12	net_output_per_requested_position	4.177042907261686
full	1.0	0.0	12	outsourcing_rate	0.6192936170260783
full	1.0	0.0	12	q_gap	-1.1465884998654858
full	1.0	0.0	12	rank_gap	0.2669209193245778
full	1.0	0.0	12	self_fill_rate	0.9999472573839663
full	1.0	0.0	12	self_net_output_per_requested_position	4.8905232845159645
full	1.0	0.0	13	access_fraction	0.029866655178262813
full	1.0	0.0	13	agent_holdout_rank	0.7783045966228892
full	1.0	0.0	13	betweenness	0.011393656944848837
full	1.0	0.0	13	broker_fill_rate	1.0
full	1.0	0.0	13	broker_holdout_rank	0.9787964352720451
full	1.0	0.0	13	broker_net_output_per_requested_position	3.7407891026230033
full	1.0	0.0	13	broker_selected_rank	0.8825128155013694
full	1.0	0.0	13	mean_degree	87.96850000000002
full	1.0	0.0	13	net_output_per_requested_position	4.255727682366097
full	1.0	0.0	13	outsourcing_rate	0.5109311419730875
full	1.0	0.0	13	q_gap	-1.0482306174431657
full	1.0	0.0	13	rank_gap	0.2004918386491558
full	1.0	0.0	13	self_fill_rate	0.9999180536912753
full	1.0	0.0	13	self_net_output_per_requested_position	4.793696237641528
full	1.0	0.0	14	access_fraction	0.0001421601753720888
full	1.0	0.0	14	agent_holdout_rank	0.7521519699812383
full	1.0	0.0	14	betweenness	0.009251908171976006
full	1.0	0.0	14	broker_fill_rate	1.0
full	1.0	0.0	14	broker_holdout_rank	0.9768793621013133
full	1.0	0.0	14	broker_net_output_per_requested_position	3.6515425069713947
full	1.0	0.0	14	broker_selected_rank	0.8862174493695326
full	1.0	0.0	14	mean_degree	88.73344999999999
full	1.0	0.0	14	net_output_per_requested_position	4.319047222630431
full	1.0	0.0	14	outsourcing_rate	0.41490507067482457
full	1.0	0.0	14	q_gap	-1.1309736805093729
full	1.0	0.0	14	rank_gap	0.22472739212007498
full	1.0	0.0	14	self_fill_rate	0.9998969724378834
full	1.0	0.0	14	self_net_output_per_requested_position	4.792405524200147
full	1.0	0.0	15	access_fraction	0.008559893088258953
full	1.0	0.0	15	agent_holdout_rank	0.6656254221388368
full	1.0	0.0	15	betweenness	0.012286292812589049
full	1.0	0.0	15	broker_fill_rate	1.0
full	1.0	0.0	15	broker_holdout_rank	0.8951633208255162
full	1.0	0.0	15	broker_net_output_per_requested_position	3.6691768601251384
full	1.0	0.0	15	broker_selected_rank	0.7474560877636921
full	1.0	0.0	15	mean_degree	80.7222
full	1.0	0.0	15	net_output_per_requested_position	4.175436735663895
full	1.0	0.0	15	outsourcing_rate	0.5203569596801849
full	1.0	0.0	15	q_gap	-1.0485846950182216
full	1.0	0.0	15	rank_gap	0.22953789868667923
full	1.0	0.0	15	self_fill_rate	0.9999595796281326
full	1.0	0.0	15	self_net_output_per_requested_position	4.72458455482456
full	1.0	0.0	16	access_fraction	0.017217732954121413
full	1.0	0.0	16	agent_holdout_rank	0.7155627579737336
full	1.0	0.0	16	betweenness	0.01439887739741072
full	1.0	0.0	16	broker_fill_rate	0.9998900187196249
full	1.0	0.0	16	broker_holdout_rank	0.9424056285178235
full	1.0	0.0	16	broker_net_output_per_requested_position	3.7285729170202124
full	1.0	0.0	16	broker_selected_rank	0.7650904050585
full	1.0	0.0	16	mean_degree	77.48750000000001
full	1.0	0.0	16	net_output_per_requested_position	4.178030146277078
full	1.0	0.0	16	outsourcing_rate	0.550521358762075
full	1.0	0.0	16	q_gap	-0.9951929681702101
full	1.0	0.0	16	rank_gap	0.22684287054409005
full	1.0	0.0	16	self_fill_rate	1.0
full	1.0	0.0	16	self_net_output_per_requested_position	4.728664577307849
full	1.0	0.0	17	access_fraction	0.0008484310883379775
full	1.0	0.0	17	agent_holdout_rank	0.7187282363977485
full	1.0	0.0	17	betweenness	0.012430876249570056
full	1.0	0.0	17	broker_fill_rate	1.0
full	1.0	0.0	17	broker_holdout_rank	0.9337059099437146
full	1.0	0.0	17	broker_net_output_per_requested_position	3.696738110614252
full	1.0	0.0	17	broker_selected_rank	0.7933034598537356
full	1.0	0.0	17	mean_degree	77.80160000000001
full	1.0	0.0	17	net_output_per_requested_position	4.192992640604088
full	1.0	0.0	17	outsourcing_rate	0.49851806918877595
full	1.0	0.0	17	q_gap	-0.9832235027454308
full	1.0	0.0	17	rank_gap	0.21497767354596617
full	1.0	0.0	17	self_fill_rate	0.9999615384615386
full	1.0	0.0	17	self_net_output_per_requested_position	4.6863417180167
full	1.0	0.0	18	access_fraction	0.026352074099930456
full	1.0	0.0	18	agent_holdout_rank	0.7839794559099437
full	1.0	0.0	18	betweenness	0.013493373747247336
full	1.0	0.0	18	broker_fill_rate	1.0
full	1.0	0.0	18	broker_holdout_rank	0.9683014071294561
full	1.0	0.0	18	broker_net_output_per_requested_position	3.7475250084571634
full	1.0	0.0	18	broker_selected_rank	0.8589307614535645
full	1.0	0.0	18	mean_degree	90.65180000000001
full	1.0	0.0	18	net_output_per_requested_position	4.244839690092371
full	1.0	0.0	18	outsourcing_rate	0.5832687206928849
full	1.0	0.0	18	q_gap	-1.1878258138054796
full	1.0	0.0	18	rank_gap	0.1843219512195122
full	1.0	0.0	18	self_fill_rate	0.9998117374775359
full	1.0	0.0	18	self_net_output_per_requested_position	4.940995958477932
full	1.0	0.0	19	access_fraction	0.004048211781948443
full	1.0	0.0	19	agent_holdout_rank	0.7465525328330206
full	1.0	0.0	19	betweenness	0.012851466170836512
full	1.0	0.0	19	broker_fill_rate	1.0
full	1.0	0.0	19	broker_holdout_rank	0.9694638836772983
full	1.0	0.0	19	broker_net_output_per_requested_position	3.587975900451231
full	1.0	0.0	19	broker_selected_rank	0.8411485230004384
full	1.0	0.0	19	mean_degree	83.92954999999999
full	1.0	0.0	19	net_output_per_requested_position	4.124617994265373
full	1.0	0.0	19	outsourcing_rate	0.5743467729283543
full	1.0	0.0	19	q_gap	-1.255837974762401
full	1.0	0.0	19	rank_gap	0.22291135084427766
full	1.0	0.0	19	self_fill_rate	1.0
full	1.0	0.0	19	self_net_output_per_requested_position	4.848719297855238
full	1.0	0.0	2	access_fraction	0.009670599645904599
full	1.0	0.0	2	agent_holdout_rank	0.7341256097560976
full	1.0	0.0	2	betweenness	0.011144081656261748
full	1.0	0.0	2	broker_fill_rate	0.9956431307589796
full	1.0	0.0	2	broker_holdout_rank	0.9297077861163228
full	1.0	0.0	2	broker_net_output_per_requested_position	3.8359872057534687
full	1.0	0.0	2	broker_selected_rank	0.8397194801469434
full	1.0	0.0	2	mean_degree	101.09254999999999
full	1.0	0.0	2	net_output_per_requested_position	4.300728944053486
full	1.0	0.0	2	outsourcing_rate	0.57099785126004
full	1.0	0.0	2	q_gap	-1.0591802092337872
full	1.0	0.0	2	rank_gap	0.19558217636022518
full	1.0	0.0	2	self_fill_rate	0.9999072345842543
full	1.0	0.0	2	self_net_output_per_requested_position	4.919552274131407
full	1.0	0.0	20	access_fraction	0.0033491819473815457
full	1.0	0.0	20	agent_holdout_rank	0.6336881801125703
full	1.0	0.0	20	betweenness	0.015792079493005866
full	1.0	0.0	20	broker_fill_rate	1.0
full	1.0	0.0	20	broker_holdout_rank	0.9297236397748593
full	1.0	0.0	20	broker_net_output_per_requested_position	3.912242380787466
full	1.0	0.0	20	broker_selected_rank	0.7927644491435488
full	1.0	0.0	20	mean_degree	80.44395
full	1.0	0.0	20	net_output_per_requested_position	4.245822159027594
full	1.0	0.0	20	outsourcing_rate	0.6761693635891002
full	1.0	0.0	20	q_gap	-1.0205684282303704
full	1.0	0.0	20	rank_gap	0.29603545966228884
full	1.0	0.0	20	self_fill_rate	1.0
full	1.0	0.0	20	self_net_output_per_requested_position	4.942345778242172
full	1.0	0.0	3	access_fraction	0.002546223087751302
full	1.0	0.0	3	agent_holdout_rank	0.8264536585365854
full	1.0	0.0	3	betweenness	0.00845088557951285
full	1.0	0.0	3	broker_fill_rate	0.9999536607970343
full	1.0	0.0	3	broker_holdout_rank	0.9764814258911819
full	1.0	0.0	3	broker_net_output_per_requested_position	3.519585846934374
full	1.0	0.0	3	broker_selected_rank	0.8860850691342674
full	1.0	0.0	3	mean_degree	94.8528
full	1.0	0.0	3	net_output_per_requested_position	4.30911770934752
full	1.0	0.0	3	outsourcing_rate	0.43019768925808377
full	1.0	0.0	3	q_gap	-1.3803818485349642
full	1.0	0.0	3	rank_gap	0.1500277673545966
full	1.0	0.0	3	self_fill_rate	0.9998592196169275
full	1.0	0.0	3	self_net_output_per_requested_position	4.905237731807142
full	1.0	0.0	4	access_fraction	0.009640585266631696
full	1.0	0.0	4	agent_holdout_rank	0.8034129455909944
full	1.0	0.0	4	betweenness	0.009266034829250591
full	1.0	0.0	4	broker_fill_rate	1.0
full	1.0	0.0	4	broker_holdout_rank	0.9684600375234522
full	1.0	0.0	4	broker_net_output_per_requested_position	3.5630972435823574
full	1.0	0.0	4	broker_selected_rank	0.8485240264492042
full	1.0	0.0	4	mean_degree	93.0565
full	1.0	0.0	4	net_output_per_requested_position	4.288728233584822
full	1.0	0.0	4	outsourcing_rate	0.46464815092390815
full	1.0	0.0	4	q_gap	-1.348731715459194
full	1.0	0.0	4	rank_gap	0.1650470919324578
full	1.0	0.0	4	self_fill_rate	1.0
full	1.0	0.0	4	self_net_output_per_requested_position	4.918600072955231
full	1.0	0.0	5	access_fraction	0.0015160993668959176
full	1.0	0.0	5	agent_holdout_rank	0.7250918386491556
full	1.0	0.0	5	betweenness	0.012850923490262364
full	1.0	0.0	5	broker_fill_rate	0.9999585406301824
full	1.0	0.0	5	broker_holdout_rank	0.9547475609756096
full	1.0	0.0	5	broker_net_output_per_requested_position	3.665508893225715
full	1.0	0.0	5	broker_selected_rank	0.8087703336667511
full	1.0	0.0	5	mean_degree	74.1379
full	1.0	0.0	5	net_output_per_requested_position	4.200229183124591
full	1.0	0.0	5	outsourcing_rate	0.49039552206203874
full	1.0	0.0	5	q_gap	-1.0453569611674522
full	1.0	0.0	5	rank_gap	0.22965572232645387
full	1.0	0.0	5	self_fill_rate	0.9999240330216976
full	1.0	0.0	5	self_net_output_per_requested_position	4.714869961545894
full	1.0	0.0	6	access_fraction	0.00415763740614858
full	1.0	0.0	6	agent_holdout_rank	0.7079005628517824
full	1.0	0.0	6	betweenness	0.010688658622664956
full	1.0	0.0	6	broker_fill_rate	1.0
full	1.0	0.0	6	broker_holdout_rank	0.9489264540337711
full	1.0	0.0	6	broker_net_output_per_requested_position	3.7146182599018984
full	1.0	0.0	6	broker_selected_rank	0.7887325989722566
full	1.0	0.0	6	mean_degree	79.01605
full	1.0	0.0	6	net_output_per_requested_position	4.274582228979773
full	1.0	0.0	6	outsourcing_rate	0.4254943292524688
full	1.0	0.0	6	q_gap	-0.9687309626260425
full	1.0	0.0	6	rank_gap	0.24102589118198878
full	1.0	0.0	6	self_fill_rate	0.9999660786974219
full	1.0	0.0	6	self_net_output_per_requested_position	4.689369666854852
full	1.0	0.0	7	access_fraction	0.009624118036165865
full	1.0	0.0	7	agent_holdout_rank	0.7932974671669794
full	1.0	0.0	7	betweenness	0.011904819716919382
full	1.0	0.0	7	broker_fill_rate	1.0
full	1.0	0.0	7	broker_holdout_rank	0.971445684803002
full	1.0	0.0	7	broker_net_output_per_requested_position	3.555647557349066
full	1.0	0.0	7	broker_selected_rank	0.7957779829716068
full	1.0	0.0	7	mean_degree	77.86555
full	1.0	0.0	7	net_output_per_requested_position	4.305685351837084
full	1.0	0.0	7	outsourcing_rate	0.4480445348088181
full	1.0	0.0	7	q_gap	-1.3534430643599566
full	1.0	0.0	7	rank_gap	0.17814821763602257
full	1.0	0.0	7	self_fill_rate	1.0
full	1.0	0.0	7	self_net_output_per_requested_position	4.914498647581627
full	1.0	0.0	8	access_fraction	0.0
full	1.0	0.0	8	agent_holdout_rank	0.787980018761726
full	1.0	0.0	8	betweenness	0.011706183922513762
full	1.0	0.0	8	broker_fill_rate	1.0
full	1.0	0.0	8	broker_holdout_rank	0.9820045966228891
full	1.0	0.0	8	broker_net_output_per_requested_position	3.5048905793932468
full	1.0	0.0	8	broker_selected_rank	0.8581185491191684
full	1.0	0.0	8	mean_degree	81.0317
full	1.0	0.0	8	net_output_per_requested_position	4.1915501160638575
full	1.0	0.0	8	outsourcing_rate	0.4828290965786429
full	1.0	0.0	8	q_gap	-1.3215939819931037
full	1.0	0.0	8	rank_gap	0.19402457786116323
full	1.0	0.0	8	self_fill_rate	0.9999613601236476
full	1.0	0.0	8	self_net_output_per_requested_position	4.8325677692157
full	1.0	0.0	9	access_fraction	0.029200672446029353
full	1.0	0.0	9	agent_holdout_rank	0.7118461538461538
full	1.0	0.0	9	betweenness	0.011590042885951985
full	1.0	0.0	9	broker_fill_rate	1.0
full	1.0	0.0	9	broker_holdout_rank	0.9575957786116325
full	1.0	0.0	9	broker_net_output_per_requested_position	3.6999129107509403
full	1.0	0.0	9	broker_selected_rank	0.8347099080381923
full	1.0	0.0	9	mean_degree	83.02125
full	1.0	0.0	9	net_output_per_requested_position	4.217894222280038
full	1.0	0.0	9	outsourcing_rate	0.5194523277139196
full	1.0	0.0	9	q_gap	-1.071487289964681
full	1.0	0.0	9	rank_gap	0.24574962476547846
full	1.0	0.0	9	self_fill_rate	0.999876259523426
full	1.0	0.0	9	self_net_output_per_requested_position	4.777829111205713
full	1.0	0.01	1	access_fraction	0.09759946131818983
full	1.0	0.01	1	agent_holdout_rank	0.6637039399624765
full	1.0	0.01	1	betweenness	0.1406956549983765
full	1.0	0.01	1	broker_fill_rate	1.0
full	1.0	0.01	1	broker_holdout_rank	0.9745863039399623
full	1.0	0.01	1	broker_net_output_per_requested_position	4.26368205831495
full	1.0	0.01	1	broker_selected_rank	0.9373563112765968
full	1.0	0.01	1	mean_degree	23.715300000000003
full	1.0	0.01	1	net_output_per_requested_position	4.230003993716592
full	1.0	0.01	1	outsourcing_rate	0.9437130252045571
full	1.0	0.01	1	q_gap	0.5915416352848377
full	1.0	0.01	1	rank_gap	0.310882363977486
full	1.0	0.01	1	self_fill_rate	0.9985855576072968
full	1.0	0.01	1	self_net_output_per_requested_position	3.665387432104614
full	1.0	0.01	10	access_fraction	0.06645928973452281
full	1.0	0.01	10	agent_holdout_rank	0.6456768292682927
full	1.0	0.01	10	betweenness	0.1122949474266119
full	1.0	0.01	10	broker_fill_rate	1.0
full	1.0	0.01	10	broker_holdout_rank	0.9489421200750467
full	1.0	0.01	10	broker_net_output_per_requested_position	4.272065752042002
full	1.0	0.01	10	broker_selected_rank	0.9316586459197005
full	1.0	0.01	10	mean_degree	22.7973
full	1.0	0.01	10	net_output_per_requested_position	4.278460421486242
full	1.0	0.01	10	outsourcing_rate	0.9562819721523297
full	1.0	0.01	10	q_gap	-0.15383724425775386
full	1.0	0.01	10	rank_gap	0.30326529080675435
full	1.0	0.01	10	self_fill_rate	1.0
full	1.0	0.01	10	self_net_output_per_requested_position	4.423813614840167
full	1.0	0.01	11	access_fraction	0.12737377705546293
full	1.0	0.01	11	agent_holdout_rank	0.7117082551594747
full	1.0	0.01	11	betweenness	0.07628466812652228
full	1.0	0.01	11	broker_fill_rate	1.0
full	1.0	0.01	11	broker_holdout_rank	0.961696622889306
full	1.0	0.01	11	broker_net_output_per_requested_position	4.560201294534914
full	1.0	0.01	11	broker_selected_rank	0.8985760446585482
full	1.0	0.01	11	mean_degree	26.529000000000003
full	1.0	0.01	11	net_output_per_requested_position	4.307753921827196
full	1.0	0.01	11	outsourcing_rate	0.7316768926981276
full	1.0	0.01	11	q_gap	0.9362671692216171
full	1.0	0.01	11	rank_gap	0.2499883677298312
full	1.0	0.01	11	self_fill_rate	0.998860628426074
full	1.0	0.01	11	self_net_output_per_requested_position	3.6196817036866116
full	1.0	0.01	12	access_fraction	0.055971919779921095
full	1.0	0.01	12	agent_holdout_rank	0.6917996247654784
full	1.0	0.01	12	betweenness	0.09679702408812894
full	1.0	0.01	12	broker_fill_rate	0.9999539288836825
full	1.0	0.01	12	broker_holdout_rank	0.9439001876172609
full	1.0	0.01	12	broker_net_output_per_requested_position	4.4068312103940475
full	1.0	0.01	12	broker_selected_rank	0.9069692361624039
full	1.0	0.01	12	mean_degree	24.91695
full	1.0	0.01	12	net_output_per_requested_position	4.268496491886072
full	1.0	0.01	12	outsourcing_rate	0.8586676986380951
full	1.0	0.01	12	q_gap	0.9704484043946554
full	1.0	0.01	12	rank_gap	0.2521005628517823
full	1.0	0.01	12	self_fill_rate	0.9984738088156092
full	1.0	0.01	12	self_net_output_per_requested_position	3.428695186310194
full	1.0	0.01	13	access_fraction	0.09807294667760838
full	1.0	0.01	13	agent_holdout_rank	0.7518011257035647
full	1.0	0.01	13	betweenness	0.08460346509357564
full	1.0	0.01	13	broker_fill_rate	1.0
full	1.0	0.01	13	broker_holdout_rank	0.9770068480300189
full	1.0	0.01	13	broker_net_output_per_requested_position	4.431133318325593
full	1.0	0.01	13	broker_selected_rank	0.9359532887758109
full	1.0	0.01	13	mean_degree	26.581849999999996
full	1.0	0.01	13	net_output_per_requested_position	4.279962033462973
full	1.0	0.01	13	outsourcing_rate	0.8405241261861809
full	1.0	0.01	13	q_gap	0.939705233354449
full	1.0	0.01	13	rank_gap	0.22520572232645408
full	1.0	0.01	13	self_fill_rate	0.9984854363801873
full	1.0	0.01	13	self_net_output_per_requested_position	3.4830621261731523
full	1.0	0.01	14	access_fraction	0.07027563953856479
full	1.0	0.01	14	agent_holdout_rank	0.7098724202626641
full	1.0	0.01	14	betweenness	0.1097342577296719
full	1.0	0.01	14	broker_fill_rate	1.0
full	1.0	0.01	14	broker_holdout_rank	0.9762957786116321
full	1.0	0.01	14	broker_net_output_per_requested_position	4.424721173214623
full	1.0	0.01	14	broker_selected_rank	0.9377072401989395
full	1.0	0.01	14	mean_degree	25.515099999999997
full	1.0	0.01	14	net_output_per_requested_position	4.3811070882011975
full	1.0	0.01	14	outsourcing_rate	0.9408791233750715
full	1.0	0.01	14	q_gap	0.7310578478521818
full	1.0	0.01	14	rank_gap	0.2664233583489682
full	1.0	0.01	14	self_fill_rate	0.9989471233443709
full	1.0	0.01	14	self_net_output_per_requested_position	3.6881755797452698
full	1.0	0.01	15	access_fraction	0.053867133744277096
full	1.0	0.01	15	agent_holdout_rank	0.5942413696060037
full	1.0	0.01	15	betweenness	0.12990912157318277
full	1.0	0.01	15	broker_fill_rate	1.0
full	1.0	0.01	15	broker_holdout_rank	0.9376408067542213
full	1.0	0.01	15	broker_net_output_per_requested_position	4.291013550055126
full	1.0	0.01	15	broker_selected_rank	0.898700383164954
full	1.0	0.01	15	mean_degree	19.93845
full	1.0	0.01	15	net_output_per_requested_position	4.265762543319259
full	1.0	0.01	15	outsourcing_rate	0.9504189753064718
full	1.0	0.01	15	q_gap	0.5055603353031988
full	1.0	0.01	15	rank_gap	0.3433994371482176
full	1.0	0.01	15	self_fill_rate	1.0
full	1.0	0.01	15	self_net_output_per_requested_position	3.7822749042118895
full	1.0	0.01	16	access_fraction	0.04175293233956925
full	1.0	0.01	16	agent_holdout_rank	0.6311573170731708
full	1.0	0.01	16	betweenness	0.1456234145789531
full	1.0	0.01	16	broker_fill_rate	1.0
full	1.0	0.01	16	broker_holdout_rank	0.9292897748592871
full	1.0	0.01	16	broker_net_output_per_requested_position	4.2720515511541475
full	1.0	0.01	16	broker_selected_rank	0.901587357924255
full	1.0	0.01	16	mean_degree	16.77095
full	1.0	0.01	16	net_output_per_requested_position	4.251004087959185
full	1.0	0.01	16	outsourcing_rate	0.9680458553335353
full	1.0	0.01	16	q_gap	0.651723289022166
full	1.0	0.01	16	rank_gap	0.29813245778611647
full	1.0	0.01	16	self_fill_rate	0.9987624140565317
full	1.0	0.01	16	self_net_output_per_requested_position	3.6129909958761126
full	1.0	0.01	17	access_fraction	0.13901119529135514
full	1.0	0.01	17	agent_holdout_rank	0.7434652908067543
full	1.0	0.01	17	betweenness	0.13914765266087598
full	1.0	0.01	17	broker_fill_rate	0.9989245167063476
full	1.0	0.01	17	broker_holdout_rank	0.9247550656660414
full	1.0	0.01	17	broker_net_output_per_requested_position	4.431004730550139
full	1.0	0.01	17	broker_selected_rank	0.8330252365188748
full	1.0	0.01	17	mean_degree	21.19425
full	1.0	0.01	17	net_output_per_requested_position	4.183811242527999
full	1.0	0.01	17	outsourcing_rate	0.689325373476823
full	1.0	0.01	17	q_gap	0.7794892829872598
full	1.0	0.01	17	rank_gap	0.18128977485928693
full	1.0	0.01	17	self_fill_rate	0.9982547831515612
full	1.0	0.01	17	self_net_output_per_requested_position	3.6468716149559355
full	1.0	0.01	18	access_fraction	0.08214857319145587
full	1.0	0.01	18	agent_holdout_rank	0.6740219512195122
full	1.0	0.01	18	betweenness	0.1290866035742691
full	1.0	0.01	18	broker_fill_rate	1.0
full	1.0	0.01	18	broker_holdout_rank	0.9655432457786116
full	1.0	0.01	18	broker_net_output_per_requested_position	4.34638909849513
full	1.0	0.01	18	broker_selected_rank	0.944534784091594
full	1.0	0.01	18	mean_degree	24.995549999999998
full	1.0	0.01	18	net_output_per_requested_position	4.330973509048889
full	1.0	0.01	18	outsourcing_rate	0.9739423359482592
full	1.0	0.01	18	q_gap	0.5747952523530238
full	1.0	0.01	18	rank_gap	0.29152129455909953
full	1.0	0.01	18	self_fill_rate	0.9969707241910631
full	1.0	0.01	18	self_net_output_per_requested_position	3.756983451684009
full	1.0	0.01	19	access_fraction	0.04872793985272549
full	1.0	0.01	19	agent_holdout_rank	0.675306660412758
full	1.0	0.01	19	betweenness	0.14506698619566907
full	1.0	0.01	19	broker_fill_rate	1.0
full	1.0	0.01	19	broker_holdout_rank	0.9639932457786117
full	1.0	0.01	19	broker_net_output_per_requested_position	4.264418897570628
full	1.0	0.01	19	broker_selected_rank	0.930320987972741
full	1.0	0.01	19	mean_degree	18.436599999999995
full	1.0	0.01	19	net_output_per_requested_position	4.245688064209375
full	1.0	0.01	19	outsourcing_rate	0.967432158125136
full	1.0	0.01	19	q_gap	0.5655428727050411
full	1.0	0.01	19	rank_gap	0.28868658536585373
full	1.0	0.01	19	self_fill_rate	0.9981839148505814
full	1.0	0.01	19	self_net_output_per_requested_position	3.689720438490229
full	1.0	0.01	2	access_fraction	0.08420660481980004
full	1.0	0.01	2	agent_holdout_rank	0.7339299249530956
full	1.0	0.01	2	betweenness	0.1160506417553592
full	1.0	0.01	2	broker_fill_rate	1.0
full	1.0	0.01	2	broker_holdout_rank	0.9184415572232647
full	1.0	0.01	2	broker_net_output_per_requested_position	4.45107767988481
full	1.0	0.01	2	broker_selected_rank	0.9358468064814819
full	1.0	0.01	2	mean_degree	22.61535
full	1.0	0.01	2	net_output_per_requested_position	4.355835411010302
full	1.0	0.01	2	outsourcing_rate	0.8675609321823934
full	1.0	0.01	2	q_gap	0.7122699588100139
full	1.0	0.01	2	rank_gap	0.18451163227016892
full	1.0	0.01	2	self_fill_rate	0.9989254025419678
full	1.0	0.01	2	self_net_output_per_requested_position	3.7319606773236638
full	1.0	0.01	20	access_fraction	0.08489924594396756
full	1.0	0.01	20	agent_holdout_rank	0.5394940900562852
full	1.0	0.01	20	betweenness	0.09743751538420495
full	1.0	0.01	20	broker_fill_rate	1.0
full	1.0	0.01	20	broker_holdout_rank	0.9471150093808631
full	1.0	0.01	20	broker_net_output_per_requested_position	4.307856607997353
full	1.0	0.01	20	broker_selected_rank	0.8898985522641885
full	1.0	0.01	20	mean_degree	28.3558
full	1.0	0.01	20	net_output_per_requested_position	4.297461446060272
full	1.0	0.01	20	outsourcing_rate	0.975132948944624
full	1.0	0.01	20	q_gap	0.41505126438508694
full	1.0	0.01	20	rank_gap	0.4076209193245779
full	1.0	0.01	20	self_fill_rate	0.9991228070175439
full	1.0	0.01	20	self_net_output_per_requested_position	3.8864364707227503
full	1.0	0.01	3	access_fraction	0.04916060136845598
full	1.0	0.01	3	agent_holdout_rank	0.7461389305816135
full	1.0	0.01	3	betweenness	0.11330543906967375
full	1.0	0.01	3	broker_fill_rate	1.0
full	1.0	0.01	3	broker_holdout_rank	0.9825571294559101
full	1.0	0.01	3	broker_net_output_per_requested_position	3.937070901046493
full	1.0	0.01	3	broker_selected_rank	0.9377989770150439
full	1.0	0.01	3	mean_degree	21.7889
full	1.0	0.01	3	net_output_per_requested_position	4.226728634281509
full	1.0	0.01	3	outsourcing_rate	0.686292706309797
full	1.0	0.01	3	q_gap	-0.9103669025779674
full	1.0	0.01	3	rank_gap	0.23641819887429646
full	1.0	0.01	3	self_fill_rate	0.998539315411169
full	1.0	0.01	3	self_net_output_per_requested_position	4.860689490066861
full	1.0	0.01	4	access_fraction	0.07874279534584835
full	1.0	0.01	4	agent_holdout_rank	0.7797438086303938
full	1.0	0.01	4	betweenness	0.09056504836923404
full	1.0	0.01	4	broker_fill_rate	1.0
full	1.0	0.01	4	broker_holdout_rank	0.971746435272045
full	1.0	0.01	4	broker_net_output_per_requested_position	4.42350944109713
full	1.0	0.01	4	broker_selected_rank	0.9247348979512594
full	1.0	0.01	4	mean_degree	26.1072
full	1.0	0.01	4	net_output_per_requested_position	4.345335356822405
full	1.0	0.01	4	outsourcing_rate	0.6908851365589702
full	1.0	0.01	4	q_gap	0.2604886672842029
full	1.0	0.01	4	rank_gap	0.1920026266416512
full	1.0	0.01	4	self_fill_rate	0.9988809179053385
full	1.0	0.01	4	self_net_output_per_requested_position	4.1714904255613625
full	1.0	0.01	5	access_fraction	0.08162656788398155
full	1.0	0.01	5	agent_holdout_rank	0.6721939024390242
full	1.0	0.01	5	betweenness	0.12872168756564475
full	1.0	0.01	5	broker_fill_rate	1.0
full	1.0	0.01	5	broker_holdout_rank	0.9601336772983113
full	1.0	0.01	5	broker_net_output_per_requested_position	4.367965270858355
full	1.0	0.01	5	broker_selected_rank	0.9121394245968395
full	1.0	0.01	5	mean_degree	20.35745
full	1.0	0.01	5	net_output_per_requested_position	4.2588355188214395
full	1.0	0.01	5	outsourcing_rate	0.8632931898808162
full	1.0	0.01	5	q_gap	0.792268679793936
full	1.0	0.01	5	rank_gap	0.2879397748592872
full	1.0	0.01	5	self_fill_rate	0.9991407704484011
full	1.0	0.01	5	self_net_output_per_requested_position	3.5699564476799126
full	1.0	0.01	6	access_fraction	0.1088722190852417
full	1.0	0.01	6	agent_holdout_rank	0.5892209193245778
full	1.0	0.01	6	betweenness	0.11402954663867412
full	1.0	0.01	6	broker_fill_rate	0.9999792444997924
full	1.0	0.01	6	broker_holdout_rank	0.9403136960600376
full	1.0	0.01	6	broker_net_output_per_requested_position	4.304157734452906
full	1.0	0.01	6	broker_selected_rank	0.9125913819009233
full	1.0	0.01	6	mean_degree	25.9569
full	1.0	0.01	6	net_output_per_requested_position	4.279115960375601
full	1.0	0.01	6	outsourcing_rate	0.941952689669343
full	1.0	0.01	6	q_gap	0.4282747978359086
full	1.0	0.01	6	rank_gap	0.35109277673545963
full	1.0	0.01	6	self_fill_rate	0.9985898400198832
full	1.0	0.01	6	self_net_output_per_requested_position	3.8747358150289335
full	1.0	0.01	7	access_fraction	0.0547466826110499
full	1.0	0.01	7	agent_holdout_rank	0.7639919324577861
full	1.0	0.01	7	betweenness	0.12526903573841686
full	1.0	0.01	7	broker_fill_rate	1.0
full	1.0	0.01	7	broker_holdout_rank	0.9569600375234522
full	1.0	0.01	7	broker_net_output_per_requested_position	4.375791954432457
full	1.0	0.01	7	broker_selected_rank	0.946676850201355
full	1.0	0.01	7	mean_degree	20.9116
full	1.0	0.01	7	net_output_per_requested_position	4.338412912481691
full	1.0	0.01	7	outsourcing_rate	0.8512675846703572
full	1.0	0.01	7	q_gap	0.25853447907004784
full	1.0	0.01	7	rank_gap	0.1929681050656661
full	1.0	0.01	7	self_fill_rate	0.9995793533264326
full	1.0	0.01	7	self_net_output_per_requested_position	4.124367524551471
full	1.0	0.01	8	access_fraction	0.0431339135354251
full	1.0	0.01	8	agent_holdout_rank	0.7118332082551595
full	1.0	0.01	8	betweenness	0.14550288899215089
full	1.0	0.01	8	broker_fill_rate	1.0
full	1.0	0.01	8	broker_holdout_rank	0.9539134146341466
full	1.0	0.01	8	broker_net_output_per_requested_position	4.310231106419704
full	1.0	0.01	8	broker_selected_rank	0.9350281600988914
full	1.0	0.01	8	mean_degree	18.644299999999998
full	1.0	0.01	8	net_output_per_requested_position	4.220343740305778
full	1.0	0.01	8	outsourcing_rate	0.840109739484572
full	1.0	0.01	8	q_gap	0.5656573913216428
full	1.0	0.01	8	rank_gap	0.242080206378987
full	1.0	0.01	8	self_fill_rate	0.9975006171036641
full	1.0	0.01	8	self_net_output_per_requested_position	3.748090351936548
full	1.0	0.01	9	access_fraction	0.09399737628007064
full	1.0	0.01	9	agent_holdout_rank	0.6642348030018763
full	1.0	0.01	9	betweenness	0.1336904158553483
full	1.0	0.01	9	broker_fill_rate	1.0
full	1.0	0.01	9	broker_holdout_rank	0.9473902439024389
full	1.0	0.01	9	broker_net_output_per_requested_position	4.353137549891725
full	1.0	0.01	9	broker_selected_rank	0.935960598855314
full	1.0	0.01	9	mean_degree	24.806700000000003
full	1.0	0.01	9	net_output_per_requested_position	4.340827726086887
full	1.0	0.01	9	outsourcing_rate	0.9790617431944252
full	1.0	0.01	9	q_gap	0.5682629836746985
full	1.0	0.01	9	rank_gap	0.28315544090056277
full	1.0	0.01	9	self_fill_rate	0.997312925170068
full	1.0	0.01	9	self_net_output_per_requested_position	3.771309567907977
full	1.0	0.03	1	access_fraction	0.10509132858041759
full	1.0	0.03	1	agent_holdout_rank	0.677265478424015
full	1.0	0.03	1	betweenness	0.1771020902717775
full	1.0	0.03	1	broker_fill_rate	1.0
full	1.0	0.03	1	broker_holdout_rank	0.9667656660412758
full	1.0	0.03	1	broker_net_output_per_requested_position	4.3067147656573415
full	1.0	0.03	1	broker_selected_rank	0.9357003375792597
full	1.0	0.03	1	mean_degree	15.656450000000001
full	1.0	0.03	1	net_output_per_requested_position	4.2994713676148635
full	1.0	0.03	1	outsourcing_rate	0.9953219639986193
full	1.0	0.03	1	q_gap	1.5379697239700765
full	1.0	0.03	1	rank_gap	0.2895001876172608
full	1.0	0.03	1	self_fill_rate	1.0
full	1.0	0.03	1	self_net_output_per_requested_position	2.7663652651931185
full	1.0	0.03	10	access_fraction	0.2028322499764852
full	1.0	0.03	10	agent_holdout_rank	0.6693108818011259
full	1.0	0.03	10	betweenness	0.1806707099647014
full	1.0	0.03	10	broker_fill_rate	1.0
full	1.0	0.03	10	broker_holdout_rank	0.9540974671669794
full	1.0	0.03	10	broker_net_output_per_requested_position	4.298841783266111
full	1.0	0.03	10	broker_selected_rank	0.9378317590451836
full	1.0	0.03	10	mean_degree	19.4889
full	1.0	0.03	10	net_output_per_requested_position	4.287661628245645
full	1.0	0.03	10	outsourcing_rate	0.992093892224158
full	1.0	0.03	10	q_gap	1.3374208748877374
full	1.0	0.03	10	rank_gap	0.2847865853658536
full	1.0	0.03	10	self_fill_rate	0.9915898617511519
full	1.0	0.03	10	self_net_output_per_requested_position	2.9340365581170715
full	1.0	0.03	11	access_fraction	0.13472848857868583
full	1.0	0.03	11	agent_holdout_rank	0.6713150093808631
full	1.0	0.03	11	betweenness	0.15536962234612767
full	1.0	0.03	11	broker_fill_rate	1.0
full	1.0	0.03	11	broker_holdout_rank	0.9810110694183864
full	1.0	0.03	11	broker_net_output_per_requested_position	4.35723593469434
full	1.0	0.03	11	broker_selected_rank	0.9270240784187583
full	1.0	0.03	11	mean_degree	18.279700000000002
full	1.0	0.03	11	net_output_per_requested_position	4.319231170005871
full	1.0	0.03	11	outsourcing_rate	0.9688054542657148
full	1.0	0.03	11	q_gap	1.2001169586415676
full	1.0	0.03	11	rank_gap	0.3096960600375235
full	1.0	0.03	11	self_fill_rate	0.9972765861848352
full	1.0	0.03	11	self_net_output_per_requested_position	3.145613098363957
full	1.0	0.03	12	access_fraction	0.16478412667900585
full	1.0	0.03	12	agent_holdout_rank	0.6354898686679175
full	1.0	0.03	12	betweenness	0.2163082364368088
full	1.0	0.03	12	broker_fill_rate	1.0
full	1.0	0.03	12	broker_holdout_rank	0.9516966228893059
full	1.0	0.03	12	broker_net_output_per_requested_position	4.258802700212859
full	1.0	0.03	12	broker_selected_rank	0.9160665381182287
full	1.0	0.03	12	mean_degree	13.670749999999998
full	1.0	0.03	12	net_output_per_requested_position	4.253996798613539
full	1.0	0.03	12	outsourcing_rate	0.9966784997901538
full	1.0	0.03	12	q_gap	1.4385939166603552
full	1.0	0.03	12	rank_gap	0.31620675422138855
full	1.0	0.03	12	self_fill_rate	1.0
full	1.0	0.03	12	self_net_output_per_requested_position	2.8176795647621367
full	1.0	0.03	13	access_fraction	0.13370940750643473
full	1.0	0.03	13	agent_holdout_rank	0.7262187617260789
full	1.0	0.03	13	betweenness	0.18923595133088195
full	1.0	0.03	13	broker_fill_rate	1.0
full	1.0	0.03	13	broker_holdout_rank	0.9806443714821764
full	1.0	0.03	13	broker_net_output_per_requested_position	4.368821632223592
full	1.0	0.03	13	broker_selected_rank	0.9431311780399435
full	1.0	0.03	13	mean_degree	16.52765
full	1.0	0.03	13	net_output_per_requested_position	4.35643788017483
full	1.0	0.03	13	outsourcing_rate	0.9924070612352166
full	1.0	0.03	13	q_gap	1.5969318356851896
full	1.0	0.03	13	rank_gap	0.25442560975609746
full	1.0	0.03	13	self_fill_rate	0.9958041958041959
full	1.0	0.03	13	self_net_output_per_requested_position	2.7576969869150494
full	1.0	0.03	14	access_fraction	0.1629635244495014
full	1.0	0.03	14	agent_holdout_rank	0.6841658536585367
full	1.0	0.03	14	betweenness	0.13972337451061828
full	1.0	0.03	14	broker_fill_rate	1.0
full	1.0	0.03	14	broker_holdout_rank	0.9685787054409005
full	1.0	0.03	14	broker_net_output_per_requested_position	4.387621814829901
full	1.0	0.03	14	broker_selected_rank	0.9333713397588653
full	1.0	0.03	14	mean_degree	21.32515
full	1.0	0.03	14	net_output_per_requested_position	4.361013741634474
full	1.0	0.03	14	outsourcing_rate	0.9818609802797894
full	1.0	0.03	14	q_gap	1.4355267071314846
full	1.0	0.03	14	rank_gap	0.28441285178236403
full	1.0	0.03	14	self_fill_rate	0.9935159935901176
full	1.0	0.03	14	self_net_output_per_requested_position	2.9293413251466953
full	1.0	0.03	15	access_fraction	0.14111632034892568
full	1.0	0.03	15	agent_holdout_rank	0.5966665103189494
full	1.0	0.03	15	betweenness	0.16615825693192396
full	1.0	0.03	15	broker_fill_rate	1.0
full	1.0	0.03	15	broker_holdout_rank	0.937901219512195
full	1.0	0.03	15	broker_net_output_per_requested_position	4.282609804262178
full	1.0	0.03	15	broker_selected_rank	0.8974605404277064
full	1.0	0.03	15	mean_degree	16.419400000000003
full	1.0	0.03	15	net_output_per_requested_position	4.274626894460858
full	1.0	0.03	15	outsourcing_rate	0.9932231135508631
full	1.0	0.03	15	q_gap	1.165101183897646
full	1.0	0.03	15	rank_gap	0.3412347091932457
full	1.0	0.03	15	self_fill_rate	0.9973684210526315
full	1.0	0.03	15	self_net_output_per_requested_position	3.10599551807854
full	1.0	0.03	16	access_fraction	0.18688753444758532
full	1.0	0.03	16	agent_holdout_rank	0.5993410881801127
full	1.0	0.03	16	betweenness	0.16261804072952435
full	1.0	0.03	16	broker_fill_rate	1.0
full	1.0	0.03	16	broker_holdout_rank	0.94949287054409
full	1.0	0.03	16	broker_net_output_per_requested_position	4.228832703165851
full	1.0	0.03	16	broker_selected_rank	0.9053257462298939
full	1.0	0.03	16	mean_degree	19.088549999999998
full	1.0	0.03	16	net_output_per_requested_position	4.225468691809888
full	1.0	0.03	16	outsourcing_rate	0.9973584906029771
full	1.0	0.03	16	q_gap	1.119622742316593
full	1.0	0.03	16	rank_gap	0.3501517823639775
full	1.0	0.03	16	self_fill_rate	0.964853896103896
full	1.0	0.03	16	self_net_output_per_requested_position	2.9812270328399424
full	1.0	0.03	17	access_fraction	0.21688482269887688
full	1.0	0.03	17	agent_holdout_rank	0.6307336772983114
full	1.0	0.03	17	betweenness	0.17944217292462333
full	1.0	0.03	17	broker_fill_rate	1.0
full	1.0	0.03	17	broker_holdout_rank	0.944834052532833
full	1.0	0.03	17	broker_net_output_per_requested_position	4.242218689654033
full	1.0	0.03	17	broker_selected_rank	0.9102458666076385
full	1.0	0.03	17	mean_degree	17.3555
full	1.0	0.03	17	net_output_per_requested_position	4.230925701641095
full	1.0	0.03	17	outsourcing_rate	0.9914091392016868
full	1.0	0.03	17	q_gap	1.2974314445323363
full	1.0	0.03	17	rank_gap	0.3141003752345215
full	1.0	0.03	17	self_fill_rate	1.0
full	1.0	0.03	17	self_net_output_per_requested_position	2.941933516204237
full	1.0	0.03	18	access_fraction	0.12855877444354594
full	1.0	0.03	18	agent_holdout_rank	0.6810816135084428
full	1.0	0.03	18	betweenness	0.2031618343128056
full	1.0	0.03	18	broker_fill_rate	1.0
full	1.0	0.03	18	broker_holdout_rank	0.9728640712945591
full	1.0	0.03	18	broker_net_output_per_requested_position	4.33448846750101
full	1.0	0.03	18	broker_selected_rank	0.9346163453562374
full	1.0	0.03	18	mean_degree	16.178900000000002
full	1.0	0.03	18	net_output_per_requested_position	4.32339455244384
full	1.0	0.03	18	outsourcing_rate	0.9924610602717554
full	1.0	0.03	18	q_gap	1.4282454490978886
full	1.0	0.03	18	rank_gap	0.29178245778611617
full	1.0	0.03	18	self_fill_rate	0.9933333333333334
full	1.0	0.03	18	self_net_output_per_requested_position	2.8834335804880404
full	1.0	0.03	19	access_fraction	0.11740765785721648
full	1.0	0.03	19	agent_holdout_rank	0.6855198874296435
full	1.0	0.03	19	betweenness	0.1778632783528986
full	1.0	0.03	19	broker_fill_rate	1.0
full	1.0	0.03	19	broker_holdout_rank	0.9728398686679174
full	1.0	0.03	19	broker_net_output_per_requested_position	4.25214825133607
full	1.0	0.03	19	broker_selected_rank	0.9268377298050758
full	1.0	0.03	19	mean_degree	15.6667
full	1.0	0.03	19	net_output_per_requested_position	4.22436095054379
full	1.0	0.03	19	outsourcing_rate	0.9787716588496196
full	1.0	0.03	19	q_gap	1.2890388846659473
full	1.0	0.03	19	rank_gap	0.2873199812382739
full	1.0	0.03	19	self_fill_rate	0.9956859958741626
full	1.0	0.03	19	self_net_output_per_requested_position	2.947149932260539
full	1.0	0.03	2	access_fraction	0.18459235075930785
full	1.0	0.03	2	agent_holdout_rank	0.6885051594746716
full	1.0	0.03	2	betweenness	0.1794346372405224
full	1.0	0.03	2	broker_fill_rate	1.0
full	1.0	0.03	2	broker_holdout_rank	0.9232077861163226
full	1.0	0.03	2	broker_net_output_per_requested_position	4.334748087648307
full	1.0	0.03	2	broker_selected_rank	0.936445573518949
full	1.0	0.03	2	mean_degree	16.151249999999997
full	1.0	0.03	2	net_output_per_requested_position	4.312502242900061
full	1.0	0.03	2	outsourcing_rate	0.9843870981193199
full	1.0	0.03	2	q_gap	1.3931557554979466
full	1.0	0.03	2	rank_gap	0.23470262664165104
full	1.0	0.03	2	self_fill_rate	0.995081113232709
full	1.0	0.03	2	self_net_output_per_requested_position	2.9237858747824226
full	1.0	0.03	20	access_fraction	0.17874440900340044
full	1.0	0.03	20	agent_holdout_rank	0.563824296435272
full	1.0	0.03	20	betweenness	0.1756736712669333
full	1.0	0.03	20	broker_fill_rate	1.0
full	1.0	0.03	20	broker_holdout_rank	0.8952571294559097
full	1.0	0.03	20	broker_net_output_per_requested_position	4.307083650530947
full	1.0	0.03	20	broker_selected_rank	0.8939740146429568
full	1.0	0.03	20	mean_degree	17.17715
full	1.0	0.03	20	net_output_per_requested_position	4.301534077812031
full	1.0	0.03	20	outsourcing_rate	0.9952855861273608
full	1.0	0.03	20	q_gap	1.1421632073289005
full	1.0	0.03	20	rank_gap	0.33143283302063786
full	1.0	0.03	20	self_fill_rate	1.0
full	1.0	0.03	20	self_net_output_per_requested_position	3.161702846355008
full	1.0	0.03	3	access_fraction	0.22281713131152991
full	1.0	0.03	3	agent_holdout_rank	0.7308748592870543
full	1.0	0.03	3	betweenness	0.16217794990485995
full	1.0	0.03	3	broker_fill_rate	1.0
full	1.0	0.03	3	broker_holdout_rank	0.979129080675422
full	1.0	0.03	3	broker_net_output_per_requested_position	4.321953415195898
full	1.0	0.03	3	broker_selected_rank	0.9539364592996922
full	1.0	0.03	3	mean_degree	17.979300000000002
full	1.0	0.03	3	net_output_per_requested_position	4.260232199823042
full	1.0	0.03	3	outsourcing_rate	0.955375911561126
full	1.0	0.03	3	q_gap	1.3532806841059373
full	1.0	0.03	3	rank_gap	0.24825422138836775
full	1.0	0.03	3	self_fill_rate	0.9929428205808444
full	1.0	0.03	3	self_net_output_per_requested_position	2.94388534450947
full	1.0	0.03	4	access_fraction	0.15096447880285263
full	1.0	0.03	4	agent_holdout_rank	0.7294864915572231
full	1.0	0.03	4	betweenness	0.19736620892864293
full	1.0	0.03	4	broker_fill_rate	1.0
full	1.0	0.03	4	broker_holdout_rank	0.9726757035647278
full	1.0	0.03	4	broker_net_output_per_requested_position	4.423745335754975
full	1.0	0.03	4	broker_selected_rank	0.9509615798666449
full	1.0	0.03	4	mean_degree	17.07135
full	1.0	0.03	4	net_output_per_requested_position	4.412358114254147
full	1.0	0.03	4	outsourcing_rate	0.9931854329757405
full	1.0	0.03	4	q_gap	1.656163707402758
full	1.0	0.03	4	rank_gap	0.24318921200750482
full	1.0	0.03	4	self_fill_rate	0.9797704517704517
full	1.0	0.03	4	self_net_output_per_requested_position	2.706777990339013
full	1.0	0.03	5	access_fraction	0.1759587297153615
full	1.0	0.03	5	agent_holdout_rank	0.6431446529080675
full	1.0	0.03	5	betweenness	0.21841918073256822
full	1.0	0.03	5	broker_fill_rate	1.0
full	1.0	0.03	5	broker_holdout_rank	0.9188456848030022
full	1.0	0.03	5	broker_net_output_per_requested_position	4.285350680834743
full	1.0	0.03	5	broker_selected_rank	0.9159017142987368
full	1.0	0.03	5	mean_degree	15.127
full	1.0	0.03	5	net_output_per_requested_position	4.275561515325926
full	1.0	0.03	5	outsourcing_rate	0.9919370054987583
full	1.0	0.03	5	q_gap	1.2076698805202084
full	1.0	0.03	5	rank_gap	0.27570103189493433
full	1.0	0.03	5	self_fill_rate	1.0
full	1.0	0.03	5	self_net_output_per_requested_position	3.075066969658465
full	1.0	0.03	6	access_fraction	0.17965973555477266
full	1.0	0.03	6	agent_holdout_rank	0.6396459662288931
full	1.0	0.03	6	betweenness	0.14528932228349423
full	1.0	0.03	6	broker_fill_rate	1.0
full	1.0	0.03	6	broker_holdout_rank	0.9236206378986868
full	1.0	0.03	6	broker_net_output_per_requested_position	4.325154110967683
full	1.0	0.03	6	broker_selected_rank	0.9089661648769958
full	1.0	0.03	6	mean_degree	16.064649999999997
full	1.0	0.03	6	net_output_per_requested_position	4.317904022122728
full	1.0	0.03	6	outsourcing_rate	0.994616892459845
full	1.0	0.03	6	q_gap	1.3118978528070226
full	1.0	0.03	6	rank_gap	0.2839746716697936
full	1.0	0.03	6	self_fill_rate	0.9885416666666668
full	1.0	0.03	6	self_net_output_per_requested_position	2.9760119397599203
full	1.0	0.03	7	access_fraction	0.10113874861622626
full	1.0	0.03	7	agent_holdout_rank	0.748345497185741
full	1.0	0.03	7	betweenness	0.18159032315161186
full	1.0	0.03	7	broker_fill_rate	1.0
full	1.0	0.03	7	broker_holdout_rank	0.9799697936210132
full	1.0	0.03	7	broker_net_output_per_requested_position	4.420896395737179
full	1.0	0.03	7	broker_selected_rank	0.946790593523558
full	1.0	0.03	7	mean_degree	14.83735
full	1.0	0.03	7	net_output_per_requested_position	4.338011215373134
full	1.0	0.03	7	outsourcing_rate	0.9236369642198199
full	1.0	0.03	7	q_gap	1.0689166688056257
full	1.0	0.03	7	rank_gap	0.23162429643527221
full	1.0	0.03	7	self_fill_rate	0.9976075529335466
full	1.0	0.03	7	self_net_output_per_requested_position	3.340761595084195
full	1.0	0.03	8	access_fraction	0.1561534980522127
full	1.0	0.03	8	agent_holdout_rank	0.7037847091932458
full	1.0	0.03	8	betweenness	0.14192705316129867
full	1.0	0.03	8	broker_fill_rate	1.0
full	1.0	0.03	8	broker_holdout_rank	0.9683937148217636
full	1.0	0.03	8	broker_net_output_per_requested_position	4.246281822319611
full	1.0	0.03	8	broker_selected_rank	0.9444415909742505
full	1.0	0.03	8	mean_degree	18.9671
full	1.0	0.03	8	net_output_per_requested_position	4.211089225503285
full	1.0	0.03	8	outsourcing_rate	0.975525113751506
full	1.0	0.03	8	q_gap	1.4135943557516044
full	1.0	0.03	8	rank_gap	0.26460900562851786
full	1.0	0.03	8	self_fill_rate	0.9963168031787676
full	1.0	0.03	8	self_net_output_per_requested_position	2.8189761749996665
full	1.0	0.03	9	access_fraction	0.15528812160373479
full	1.0	0.03	9	agent_holdout_rank	0.6872715759849906
full	1.0	0.03	9	betweenness	0.17537439630319535
full	1.0	0.03	9	broker_fill_rate	1.0
full	1.0	0.03	9	broker_holdout_rank	0.9607924015009381
full	1.0	0.03	9	broker_net_output_per_requested_position	4.347812379472013
full	1.0	0.03	9	broker_selected_rank	0.9235365460373476
full	1.0	0.03	9	mean_degree	18.079699999999995
full	1.0	0.03	9	net_output_per_requested_position	4.290928631664235
full	1.0	0.03	9	outsourcing_rate	0.9508631914488965
full	1.0	0.03	9	q_gap	1.1358962904189915
full	1.0	0.03	9	rank_gap	0.2735208255159475
full	1.0	0.03	9	self_fill_rate	0.9961169483696493
full	1.0	0.03	9	self_net_output_per_requested_position	3.196283356480186
