outcome	result_reldir	n_seeds	nested_n	estimate	ci_lower	ci_upper	ci_half_width	nested_estimate	nested_change	relative_precision_defined	relative_ci_half_width	relative_nested_change
matches_per_agent	oat/N=1500	20	10	4.93352	4.923798564527996	4.943241435472004	0.009721435472004103	4.933413333333333	0.00010666666666647728	true	0.0019704866853694934	2.1620803537125072e-5
matches_per_agent	oat/N=500	20	10	4.86821	4.845463162341272	4.890956837658729	0.022746837658728758	4.86808	0.00013000000000040757	true	0.004672525971297203	2.670386035121894e-5
matches_per_agent	oat/delta=0.0	20	10	4.960065	4.951649362651338	4.968480637348662	0.00841563734866213	4.95972	0.00034500000000026176	true	0.0016966788436567123	6.955554009882164e-5
matches_per_agent	oat/delta=0.25	20	10	4.926304999999999	4.912246093597674	4.940363906402324	0.0140589064023251	4.92543	0.0008749999999988489	true	0.002853844088485204	0.0001776179103808735
matches_per_agent	oat/delta=0.75	20	10	4.91259	4.894431111499843	4.9307488885001565	0.018158888500156678	4.91193	0.0006599999999998829	true	0.003696398132178073	0.00013434868368821393
matches_per_agent	oat/delta=1.0	20	10	4.910835	4.893336133844855	4.928333866155144	0.017498866155144732	4.91416	0.0033250000000002444	true	0.0035633178787608894	0.0006770742653744719
matches_per_agent	oat/eta=0.0	20	10	4.8902600000000005	4.870879227767031	4.90964077223297	0.01938077223296908	4.89186	0.0015999999999998238	true	0.003963137385940436	0.00032718096788306216
matches_per_agent	oat/eta=0.001	20	10	4.893695	4.875231344021581	4.912158655978419	0.018463655978418814	4.88948	0.004215000000000302	true	0.003772947839703703	0.0008613123621313346
matches_per_agent	oat/eta=0.01	20	10	4.92049	4.904578561437662	4.9364014385623385	0.015911438562338454	4.92531	0.004819999999999602	true	0.0032337101716167402	0.000979577237226293
matches_per_agent	oat/eta=0.03	20	10	4.915985000000001	4.899035121247394	4.932934878752608	0.016949878752607006	4.91739	0.0014049999999992124	true	0.00344791099903824	0.00028580233666278726
matches_per_agent	oat/k=12	20	10	4.920945000000001	4.906182947388454	4.935707052611547	0.014762052611546395	4.927	0.006054999999999033	true	0.0029998410084945866	0.0012304547195709427
matches_per_agent	oat/k=4	20	10	4.916155	4.901747888151241	4.930562111848759	0.01440711184875898	4.92153	0.005374999999999908	true	0.0029305650144796046	0.0010933341198558443
matches_per_agent	oat/n_strangers=0	20	10	4.916125	4.900585780091904	4.931664219908096	0.015539219908095703	4.92268	0.0065549999999996444	true	0.003160867534510555	0.0013333672353733163
matches_per_agent	oat/n_strangers=50	20	10	4.92286	4.911337743246013	4.934382256753987	0.011522256753987214	4.926740000000001	0.0038800000000005497	true	0.0023405615341462512	0.0007881597282881393
matches_per_agent	oat/reservation_frac=0.4	20	10	4.923115000000001	4.906471109954164	4.939758890045838	0.016643890045837217	4.922149999999999	0.000965000000001659	true	0.0033807640174639865	0.000196014108953713
matches_per_agent	oat/reservation_frac=0.9	20	10	4.87764	4.850168318501751	4.90511168149825	0.02747168149824919	4.866890000000001	0.010749999999999815	true	0.005632166682709094	0.002203934689726961
matches_per_agent	oat/reservation_frac=1.2	20	10	4.244685	4.1321385924154175	4.357231407584582	0.11254640758458212	4.1697299999999995	0.0749550000000001	true	0.026514666597069542	0.017658554168330537
matches_per_agent	oat/rho=0.0	20	10	4.885715	4.86357105188013	4.907858948119871	0.022143948119870416	4.884250000000001	0.0014649999999996055	true	0.004532386379449152	0.0002998537573312413
matches_per_agent	oat/rho=0.15	20	10	4.886665000000001	4.862031603596858	4.911298396403144	0.024633396403142882	4.89512	0.008454999999999657	true	0.005040942320200562	0.0017302188711523414
matches_per_agent	oat/rho=0.3	20	10	4.897460000000001	4.877040738393326	4.917879261606675	0.02041926160667451	4.89297	0.004490000000000549	true	0.004169357505048435	0.0009168017707139106
matches_per_agent	oat/rho=0.5	50	20	4.919414000000001	4.911581394316292	4.92724660568371	0.007832605683709026	4.9189050000000005	0.0005090000000000927	true	0.0015921826631604954	0.00010346760813383314
matches_per_agent	oat/rho=0.7	20	10	4.944035	4.933510712234609	4.954559287765392	0.010524287765391271	4.94695	0.002914999999999779	true	0.0021286839121064617	0.0005895993859266326
matches_per_agent	oat/rho=0.85	20	10	4.960125	4.947402437370406	4.972847562629593	0.012722562629593703	4.95917	0.000954999999999373	true	0.00256496814689019	0.0001925354703761242
matches_per_agent	oat/rho=1.0	20	10	4.9875799999999995	4.980759661763181	4.994400338236818	0.00682033823681838	4.990489999999999	0.002909999999999968	true	0.0013674644290053253	0.0005834492880314639
matches_per_agent	oat/roster_frac=0.1	20	10	4.91344	4.898652916615697	4.928227083384302	0.014787083384302235	4.9115600000000015	0.0018799999999981054	true	0.0030095174428307328	0.0003826239864530971
matches_per_agent	oat/roster_frac=0.4	20	10	4.916939999999999	4.898682819223428	4.935197180776571	0.01825718077657168	4.9206	0.0036600000000008848	true	0.0037131184794957192	0.0007443653979916137
matches_per_agent	phase/eta_r/cells/0_0	20	10	4.8957500000000005	4.87520971759741	4.916290282402591	0.02054028240259065	4.90189	0.006139999999999368	true	0.004195533350884062	0.0012541490067914758
matches_per_agent	phase/eta_r/cells/0_2	20	10	4.867215	4.838348442518087	4.896081557481913	0.028866557481912913	4.8505199999999995	0.01669500000000035	true	0.0059308161817205355	0.0034300929792500123
matches_per_agent	phase/eta_r/cells/0_3	20	10	4.3591750000000005	4.246214728783195	4.472135271216806	0.11296027121680563	4.265230000000001	0.09394499999999972	true	0.025913222391118873	0.021551096251010732
matches_per_agent	phase/eta_r/cells/1_0	20	10	4.893475	4.876923316611555	4.910026683388444	0.01655168338844426	4.88787	0.005604999999999194	true	0.0033823986816003478	0.001145402806798685
matches_per_agent	phase/eta_r/cells/1_2	20	10	4.860525	4.830425470730898	4.890624529269102	0.0300995292691022	4.84986	0.010665000000000369	true	0.0061926498205651034	0.002194207415865646
matches_per_agent	phase/eta_r/cells/1_3	20	10	4.34035	4.216964916443254	4.463735083556746	0.12338508355674627	4.256670000000001	0.08367999999999931	true	0.0284274502187027	0.01927955118826807
matches_per_agent	phase/eta_r/cells/2_0	20	10	4.910355000000001	4.894482098130936	4.926227901869066	0.01587290186906465	4.91389	0.0035349999999993997	true	0.003232536521099726	0.0007199072164842255
matches_per_agent	phase/eta_r/cells/2_2	20	10	4.88011	4.849409058879774	4.910810941120227	0.030700941120226588	4.858829999999999	0.021280000000000854	true	0.006291034652953845	0.0043605574464511765
matches_per_agent	phase/eta_r/cells/2_3	20	10	4.2903400000000005	4.1739959363381125	4.4066840636618885	0.11634406366188799	4.22402	0.06632000000000016	true	0.027117679172720104	0.015457982351049136
matches_per_agent	phase/eta_r/cells/4_0	20	10	4.916729999999999	4.903365430461606	4.930094569538393	0.01336456953839349	4.923570000000001	0.0068400000000012895	true	0.002718182519356054	0.0013911685205413539
matches_per_agent	phase/eta_r/cells/4_2	20	10	4.897234999999999	4.881665819082749	4.91280418091725	0.015569180917250236	4.8970199999999995	0.0002149999999998542	true	0.0031791778252933008	4.390232447490354e-5
matches_per_agent	phase/eta_r/cells/4_3	20	10	4.161875	4.026644859084912	4.297105140915089	0.13523014091508845	4.05326	0.10861500000000035	true	0.0324926003099777	0.026097612254092288
matches_per_agent	phase/rho_delta/cells/0_0	20	10	4.920535	4.903325065124853	4.937744934875147	0.017209934875147326	4.910850000000001	0.009684999999999278	true	0.003497573917297067	0.0019682819043049743
matches_per_agent	phase/rho_delta/cells/0_1	20	10	4.89602	4.876411242244429	4.915628757755571	0.019608757755571027	4.88907	0.00694999999999979	true	0.004005040370662503	0.0014195203450965866
matches_per_agent	phase/rho_delta/cells/0_3	20	10	4.8835999999999995	4.857188339226822	4.910011660773177	0.026411660773177914	4.88261	0.0009899999999998244	true	0.005408235886063133	0.00020271930543038424
matches_per_agent	phase/rho_delta/cells/0_4	20	10	4.880274999999999	4.855609849124145	4.904940150875854	0.024665150875854636	4.87319	0.00708499999999912	true	0.005054049387760861	0.001451762451910829
matches_per_agent	phase/rho_delta/cells/1_0	20	10	4.9318100000000005	4.9182534164528695	4.945366583547131	0.013556583547130963	4.92523	0.006580000000000474	true	0.0027488049107996784	0.0013341957617995165
matches_per_agent	phase/rho_delta/cells/1_1	20	10	4.89348	4.875648372468305	4.9113116275316955	0.017831627531695204	4.89851	0.005029999999999646	true	0.0036439563524721065	0.0010278983463710173
matches_per_agent	phase/rho_delta/cells/1_3	20	10	4.881915	4.8626853456591945	4.901144654340806	0.019229654340805702	4.88583	0.003915000000000113	true	0.003938957220845857	0.0008019394028777872
matches_per_agent	phase/rho_delta/cells/1_4	20	10	4.895325000000001	4.870771190103585	4.919878809896416	0.024553809896415757	4.89366	0.0016650000000009157	true	0.005015767062741647	0.00034012042101411356
matches_per_agent	phase/rho_delta/cells/2_0	20	10	4.94022	4.926746492355936	4.953693507644064	0.013473507644063965	4.92697	0.013250000000000206	true	0.002727309238063075	0.002682066790547831
matches_per_agent	phase/rho_delta/cells/2_1	20	10	4.914019999999999	4.898464736058814	4.929575263941184	0.015555263941185338	4.91404	2.0000000001019203e-5	true	0.0031654864939876805	4.069987505345767e-6
matches_per_agent	phase/rho_delta/cells/2_3	20	10	4.8941099999999995	4.877493716526053	4.910726283473946	0.016616283473946503	4.89492	0.0008100000000004215	true	0.003395159380141947	0.0001655050662940599
matches_per_agent	phase/rho_delta/cells/2_4	20	10	4.8914100000000005	4.873214650204195	4.909605349795806	0.01819534979580517	4.89129	0.00012000000000078614	true	0.003719857831546562	2.4532803424940077e-5
matches_per_agent	phase/rho_delta/cells/4_0	20	10	4.96422	4.9552030326716645	4.973236967328336	0.009016967328335568	4.96832	0.004100000000000215	true	0.0018163915636969289	0.0008259102134877613
matches_per_agent	phase/rho_delta/cells/4_1	20	10	4.955909999999999	4.9465064355990105	4.965313564400988	0.009403564400988884	4.95639	0.00048000000000048004	true	0.0018974445462062236	9.685405909317968e-5
matches_per_agent	phase/rho_delta/cells/4_3	20	10	4.935535	4.925261961459777	4.945808038540223	0.010273038540223212	4.938840000000001	0.0033050000000010016	true	0.0020814437624742227	0.0006696335858222061
matches_per_agent	phase/rho_delta/cells/4_4	20	10	4.94444	4.932185551828739	4.956694448171262	0.012254448171261423	4.9478599999999995	0.0034199999999993125	true	0.0024784299478326005	0.0006916860149985261
matches_per_agent	phase/rho_delta/cells/5_0	20	10	4.9817849999999995	4.973409182950799	4.9901608170492	0.008375817049200762	4.97869	0.0030949999999991817	true	0.0016812883432747025	0.0006212632620635339
matches_per_agent	phase/rho_delta/cells/5_1	20	10	4.97725	4.966749836184856	4.987750163815144	0.01050016381514407	4.97555	0.0016999999999995907	true	0.00210963158674852	0.00034155407102307315
matches_per_agent	phase/rho_delta/cells/5_3	20	10	4.961695000000001	4.950629176990427	4.972760823009574	0.011065823009573705	4.96506	0.0033649999999996183	true	0.0022302505513889315	0.0006781956569276463
matches_per_agent	phase/rho_delta/cells/5_4	20	10	4.95944	4.949494067642343	4.969385932357657	0.00994593235765695	4.954700000000001	0.004739999999999078	true	0.0020054547202218295	0.0009557530688946894
matches_per_agent	phase/rho_eta/cells/0_0	20	10	4.86925	4.84279495553156	4.89570504446844	0.026455044468439937	4.873859999999999	0.004609999999998671	true	0.005433084041369808	0.000946757714226764
matches_per_agent	phase/rho_eta/cells/0_1	20	10	4.876389999999999	4.851824088969528	4.9009559110304695	0.024565911030470566	4.874280000000001	0.00210999999999828	true	0.005037724839578166	0.0004326971386616494
matches_per_agent	phase/rho_eta/cells/0_2	20	10	4.88311	4.861384440561276	4.904835559438725	0.021725559438724673	4.88123	0.0018799999999998818	true	0.004449123496854396	0.00038500054268691096
matches_per_agent	phase/rho_eta/cells/0_4	20	10	4.880655	4.855856964905117	4.905453035094883	0.024798035094883097	4.87947	0.0011849999999995475	true	0.0050808826058967695	0.00024279528055139065
matches_per_agent	phase/rho_eta/cells/1_0	20	10	4.870525	4.848401882824026	4.892648117175973	0.022123117175973483	4.87405	0.0035250000000006665	true	0.004542244865999761	0.0007237412804575825
matches_per_agent	phase/rho_eta/cells/1_1	20	10	4.873775	4.853253424951195	4.894296575048806	0.020521575048805474	4.87536	0.0015849999999995035	true	0.00421061190736246	0.0003252099245450402
matches_per_agent	phase/rho_eta/cells/1_2	20	10	4.88012	4.856242956444374	4.903997043555625	0.023877043555625477	4.874740000000001	0.00537999999999883	true	0.004892716481485184	0.0011024319074118731
matches_per_agent	phase/rho_eta/cells/1_4	20	10	4.891875000000001	4.869302023612906	4.914447976387096	0.02257297638709499	4.89688	0.005004999999999704	true	0.0046143812724354135	0.0010231250798517345
matches_per_agent	phase/rho_eta/cells/3_0	20	10	4.9542	4.944790073850637	4.963609926149363	0.009409926149363201	4.95052	0.0036800000000001276	true	0.001899383583497477	0.0007428040854224956
matches_per_agent	phase/rho_eta/cells/3_1	20	10	4.94687	4.932766935278166	4.960973064721833	0.014103064721833647	4.94628	0.0005899999999998684	true	0.0028509066787349674	0.00011926733469847974
matches_per_agent	phase/rho_eta/cells/3_2	20	10	4.96237	4.955073364609088	4.969666635390912	0.007296635390911632	4.95632	0.006050000000000111	true	0.0014703932578408365	0.0012191755149253503
matches_per_agent	phase/rho_eta/cells/3_4	20	10	4.96957	4.9595914728002235	4.979548527199777	0.009978527199776543	4.97325	0.0036800000000001276	true	0.0020079256756171146	0.0007405067239218137
matches_per_agent	phase/rho_eta/cells/4_0	20	10	4.980755	4.975402087615775	4.986107912384226	0.005352912384225306	4.981110000000001	0.00035500000000077137	true	0.0010747190705475988	7.127433491524304e-5
matches_per_agent	phase/rho_eta/cells/4_1	20	10	4.969085000000001	4.954302681829088	4.983867318170914	0.014782318170913022	4.95975	0.009335000000000981	true	0.0029748571761024456	0.0018786154795100065
matches_per_agent	phase/rho_eta/cells/4_2	20	10	4.9890799999999995	4.981909226343453	4.996250773656546	0.007170773656546281	4.9879500000000005	0.0011299999999989652	true	0.0014372937809268005	0.0002264946643467263
matches_per_agent	phase/rho_eta/cells/4_4	20	10	4.988899999999999	4.982728240236786	4.995071759763213	0.00617175976321338	4.9920100000000005	0.0031100000000012784	true	0.0012370983108928584	0.0006233839122855297
matches_per_agent	phase/rho_r/cells/0_0	20	10	4.889355	4.866582306620544	4.912127693379456	0.022772693379455866	4.881089999999999	0.008265000000001521	true	0.004657606858053029	0.0016904070168767703
matches_per_agent	phase/rho_r/cells/0_2	20	10	4.885064999999999	4.860113082150065	4.9100169178499335	0.024951917849934446	4.8855699999999995	0.0005050000000004218	true	0.0051077964878531714	0.00010337631126718311
matches_per_agent	phase/rho_r/cells/0_3	20	10	4.637665	4.5910068994552224	4.684323100544778	0.0466581005447777	4.624180000000001	0.013484999999999303	true	0.01006068798517739	0.002907713256563228
matches_per_agent	phase/rho_r/cells/2_0	20	10	4.989610000000001	4.982153846382845	4.997066153617157	0.007456153617155792	4.993309999999999	0.0036999999999984823	true	0.0014943359535426197	0.0007415409220356865
matches_per_agent	phase/rho_r/cells/2_2	20	10	4.979985000000001	4.970702252031121	4.989267747968881	0.0092827479688804	4.97293	0.007055000000001144	true	0.0018640112307327027	0.0014166709337480217
matches_per_agent	phase/rho_r/cells/2_3	20	10	4.178424999999999	4.0355528965504375	4.32129710344956	0.14287210344956147	4.12223	0.056194999999998885	true	0.03419281271042594	0.013448847352770217
mean_degree	oat/N=1500	20	10	18.02605	17.55262026910101	18.499479730898994	0.4734297308989923	18.152703333333335	0.1266533333333335	true	0.0262636423897078	0.0070261279278229834
mean_degree	oat/N=500	20	10	17.397535	16.862813037334703	17.9322569626653	0.5347219626652979	17.226390000000002	0.17114499999999921	true	0.030735501475657206	0.009837313159594114
mean_degree	oat/delta=0.0	20	10	16.707832500000002	16.372328815303234	17.04333618469677	0.33550368469676783	16.812594999999998	0.1047624999999961	true	0.020080622947157737	0.006270262764484626
mean_degree	oat/delta=0.25	20	10	18.2879875	17.7057224381582	18.8702525618418	0.5822650618417988	18.129005	0.15898250000000047	true	0.0318386625013714	0.008693274752074305
mean_degree	oat/delta=0.75	20	10	17.546705	16.74149735561899	18.35191264438101	0.8052076443810101	17.507380000000005	0.0393249999999945	true	0.04588939315848817	0.0022411615172190165
mean_degree	oat/delta=1.0	20	10	17.3852475	16.91509231030179	17.855402689698206	0.47015518969820747	17.654395	0.26914750000000254	true	0.027043341758476978	0.015481372928398204
mean_degree	oat/eta=0.0	20	10	77.35396	73.72932038652188	80.97859961347812	3.6246396134781236	78.66193000000001	1.3079700000000116	true	0.04685784171202255	0.016908895161928512
mean_degree	oat/eta=0.001	20	10	52.893347500000004	50.35841019824905	55.42828480175096	2.5349373017509578	53.648849999999996	0.7555024999999915	true	0.04792544661218422	0.0142835070138072
mean_degree	oat/eta=0.01	20	10	20.265142500000003	19.363642621111946	21.16664237888806	0.9014998788880568	20.677725000000002	0.4125824999999992	true	0.04448524745819363	0.020359220271952153
mean_degree	oat/eta=0.03	20	10	16.327925	15.79753263297965	16.85831736702035	0.530392367020351	16.842350000000003	0.5144250000000028	true	0.0324837581640258	0.03150584045431387
mean_degree	oat/k=12	20	10	20.819717500000003	20.04796962985122	21.591465370148786	0.7717478701487828	20.855905	0.03618749999999693	true	0.03706812401026972	0.001738135976148424
mean_degree	oat/k=4	20	10	17.164717500000002	16.377214481410256	17.952220518589748	0.7875030185897458	17.583725000000005	0.41900750000000286	true	0.04587917153834578	0.024410975595724357
mean_degree	oat/n_strangers=0	20	10	17.250205	16.672173361244333	17.82823663875567	0.5780316387556681	17.02827	0.221935000000002	true	0.033508682288452114	0.012865644205387819
mean_degree	oat/n_strangers=50	20	10	17.551702499999998	17.077544422601118	18.025860577398877	0.4741580773988794	17.81431	0.26260750000000144	true	0.027014933588287486	0.014961938877439466
mean_degree	oat/reservation_frac=0.4	20	10	17.601099999999995	16.93555823305997	18.26664176694002	0.6655417669400236	18.098795000000003	0.4976950000000073	true	0.03781250983972728	0.028276357727642445
mean_degree	oat/reservation_frac=0.9	20	10	17.69315	17.06014391119961	18.32615608880039	0.6330060888003892	18.003535	0.31038500000000013	true	0.03577690172752671	0.017542664816609828
mean_degree	oat/reservation_frac=1.2	20	10	15.827729999999999	15.17150315409065	16.483956845909347	0.6562268459093481	15.571165000000002	0.2565649999999966	true	0.04146057873803433	0.01620984184087021
mean_degree	oat/rho=0.0	20	10	15.771099999999999	15.363496746464717	16.178703253535282	0.4076032535352825	16.0276	0.25650000000000084	true	0.025844947627957627	0.01626392578830905
mean_degree	oat/rho=0.15	20	10	16.672015	16.04325129003052	17.300778709969478	0.6287637099694798	16.174455000000002	0.49755999999999645	true	0.03771372026533565	0.029844023053002083
mean_degree	oat/rho=0.3	20	10	17.123067499999998	16.43560242724135	17.810532572758646	0.6874650727586484	17.025035	0.09803249999999863	true	0.04014847647821563	0.005725171614256537
mean_degree	oat/rho=0.5	50	20	17.726558999999998	17.35437305677413	18.098744943225867	0.37218594322586895	17.71823	0.008328999999999809	true	0.020995949818905575	0.0004698599429251785
mean_degree	oat/rho=0.7	20	10	18.846362499999998	18.196714766774775	19.49601023322522	0.6496477332252226	18.764365	0.08199749999999639	true	0.03447072257180783	0.0043508395850921575
mean_degree	oat/rho=0.85	20	10	21.330485	20.4248154745607	22.2361545254393	0.9056695254393006	21.819134999999996	0.48864999999999625	true	0.04245892793526732	0.02290852739635298
mean_degree	oat/rho=1.0	20	10	19.356885000000002	17.905176205680227	20.808593794319776	1.4517087943197744	19.286730000000002	0.07015499999999975	true	0.07499702531268715	0.003624291821747132
mean_degree	oat/roster_frac=0.1	20	10	17.52388	16.88483903768311	18.162920962316885	0.6390409623168871	17.932199999999998	0.4083199999999998	true	0.03646686477634446	0.023300775855575353
mean_degree	oat/roster_frac=0.4	20	10	17.662965	16.90155746199885	18.42437253800115	0.7614075380011514	17.574885000000002	0.08807999999999794	true	0.04310757214324726	0.004986705233237904
mean_degree	phase/eta_r/cells/0_0	20	10	76.43645000000001	72.22694004537479	80.64595995462523	4.209509954625219	78.31049	1.8740399999999937	true	0.05507202329026555	0.024517622155398287
mean_degree	phase/eta_r/cells/0_2	20	10	67.5879125	65.32342911430193	69.85239588569807	2.264483385698071	68.177055	0.5891424999999941	true	0.03350426580637582	0.008716684362754865
mean_degree	phase/eta_r/cells/0_3	20	10	51.68241250000001	49.97596583800612	53.388859161993906	1.706446661993894	50.78393	0.8984825000000143	true	0.03301793742685471	0.017384685747787298
mean_degree	phase/eta_r/cells/1_0	20	10	51.691492499999995	48.73458998931249	54.6483950106875	2.956902510687506	53.9308	2.2393075000000024	true	0.057202885188263934	0.043320619925996576
mean_degree	phase/eta_r/cells/1_2	20	10	48.662760000000006	46.72413374629741	50.6013862537026	1.9386262537025942	49.312450000000005	0.6496899999999997	true	0.03983798398822003	0.01335086624761932
mean_degree	phase/eta_r/cells/1_3	20	10	38.25569	37.22191705076594	39.289462949234064	1.0337729492340628	38.31006500000001	0.05437500000000739	true	0.0270227239198682	0.001421357188956921
mean_degree	phase/eta_r/cells/2_0	20	10	20.9337075	19.872674435559478	21.994740564440523	1.0610330644405224	21.202925	0.2692174999999999	true	0.0506853869263494	0.012860478727908083
mean_degree	phase/eta_r/cells/2_2	20	10	20.3041325	19.498106950678554	21.11015804932145	0.806025549321447	20.13326	0.17087250000000154	true	0.03969761078546187	0.008415651345852945
mean_degree	phase/eta_r/cells/2_3	20	10	18.36911	17.629393323862676	19.108826676137323	0.7397166761373235	18.678559999999997	0.3094499999999982	true	0.04026959804461531	0.016846216283750177
mean_degree	phase/eta_r/cells/4_0	20	10	16.3150775	15.805298693993029	16.824856306006975	0.509778806006973	16.58552	0.2704424999999979	true	0.031245870944037683	0.01657623140312989
mean_degree	phase/eta_r/cells/4_2	20	10	16.06774	15.656406147340844	16.479073852659155	0.4113338526591557	15.972084999999998	0.09565500000000249	true	0.025599981867963736	0.005953232999787306
mean_degree	phase/eta_r/cells/4_3	20	10	14.389362499999999	13.951679579900054	14.827045420099944	0.43768292009994525	14.252405	0.1369574999999994	true	0.03041711681806232	0.009517968568795136
mean_degree	phase/rho_delta/cells/0_0	20	10	15.7280875	15.5094051135727	15.946769886427301	0.2186823864273002	15.726404999999996	0.0016825000000046941	true	0.01390394009616873	0.00010697422684129231
mean_degree	phase/rho_delta/cells/0_1	20	10	16.827392500000002	16.243848331190332	17.410936668809672	0.5835441688096701	17.00641	0.17901749999999694	true	0.03467822889432632	0.010638457503145357
mean_degree	phase/rho_delta/cells/0_3	20	10	16.174442499999998	15.476391793998669	16.872493206001327	0.6980507060013288	15.989429999999999	0.18501249999999914	true	0.04315763625245995	0.01143857044840953
mean_degree	phase/rho_delta/cells/0_4	20	10	15.984707499999999	15.402800353009315	16.566614646990683	0.5819071469906838	16.02432	0.039612500000000495	true	0.036403990938882295	0.002478149819131848
mean_degree	phase/rho_delta/cells/1_0	20	10	16.0500575	15.823813324779046	16.276301675220957	0.2262441752209554	16.084755	0.03469750000000005	true	0.014096159793879579	0.0021618302613557643
mean_degree	phase/rho_delta/cells/1_1	20	10	17.529075	16.87985416195499	18.178295838045006	0.6492208380450073	17.456525	0.07254999999999967	true	0.037036799605512975	0.004138837902171089
mean_degree	phase/rho_delta/cells/1_3	20	10	15.972359999999998	15.581399471511558	16.36332052848844	0.3909605284884412	15.889614999999997	0.08274500000000096	true	0.024477317596675836	0.00518051183419363
mean_degree	phase/rho_delta/cells/1_4	20	10	16.406010000000002	15.723728753119959	17.088291246880043	0.6822812468800423	16.29859	0.10742000000000118	true	0.04158727483891831	0.006547600543947076
mean_degree	phase/rho_delta/cells/2_0	20	10	16.1656875	15.92692687638606	16.40444812361394	0.23876062361393924	16.205755	0.040067499999999256	true	0.014769592917959056	0.002478552180351083
mean_degree	phase/rho_delta/cells/2_1	20	10	17.53983	16.995450657362795	18.0842093426372	0.5443793426372032	17.766915	0.22708500000000242	true	0.031036751361740864	0.01294681875479993
mean_degree	phase/rho_delta/cells/2_3	20	10	16.6273625	16.117103033567638	17.137621966432363	0.5102594664323625	16.545589999999997	0.08177250000000313	true	0.03068793781529467	0.004917947750282291
mean_degree	phase/rho_delta/cells/2_4	20	10	17.237375	16.523623017004105	17.951126982995895	0.7137519829958947	17.75781	0.5204349999999991	true	0.04140723184335751	0.030192242148238877
mean_degree	phase/rho_delta/cells/4_0	20	10	17.1008725	16.736388672272124	17.46535632772788	0.36448382772787724	17.269260000000003	0.16838750000000147	true	0.02131375622664149	0.009846719809179411
mean_degree	phase/rho_delta/cells/4_1	20	10	19.297815	18.827682722046422	19.767947277953578	0.4701322779535779	19.517319999999998	0.21950499999999806	true	0.024361943461141997	0.01137460380877307
mean_degree	phase/rho_delta/cells/4_3	20	10	18.759907500000004	18.17413601080844	19.34567898919157	0.5857714891915649	19.21494	0.4550324999999944	true	0.031224646986748986	0.024255583349757685
mean_degree	phase/rho_delta/cells/4_4	20	10	19.2101	18.327196352340916	20.093003647659085	0.8829036476590844	19.326699999999995	0.11659999999999471	true	0.045960387903190736	0.006069723739074482
mean_degree	phase/rho_delta/cells/5_0	20	10	17.566385000000004	17.072701904052497	18.06006809594751	0.4936830959475067	17.553189999999997	0.013195000000006729	true	0.028103852667894197	0.0007511505639895019
mean_degree	phase/rho_delta/cells/5_1	20	10	19.716025	19.142044982853868	20.29000501714613	0.5739800171461305	19.570155	0.1458699999999986	true	0.02911235997855199	0.007398550164143057
mean_degree	phase/rho_delta/cells/5_3	20	10	20.6832175	19.719931842030483	21.64650315796952	0.9632856579695179	20.532225	0.15099250000000097	true	0.046573298277674535	0.0073002423341533285
mean_degree	phase/rho_delta/cells/5_4	20	10	20.847587499999996	19.720839388923086	21.974335611076906	1.1267481110769104	21.114065	0.26647750000000414	true	0.05404693042189705	0.012782174436250918
mean_degree	phase/rho_eta/cells/0_0	20	10	61.33099749999999	57.14409483385999	65.51790016614	4.1869026661400035	63.22949000000001	1.8984925000000246	true	0.06826731729155398	0.030954860957544756
mean_degree	phase/rho_eta/cells/0_1	20	10	41.694387500000005	38.63164917478147	44.75712582521854	3.0627383252185325	41.900775	0.20638749999999817	true	0.07345684896362926	0.004950006760502193
mean_degree	phase/rho_eta/cells/0_2	20	10	18.41872	17.43001816838618	19.40742183161382	0.9887018316138203	18.557785000000003	0.13906500000000221	true	0.05367918246294098	0.007550198928047237
mean_degree	phase/rho_eta/cells/0_4	20	10	15.202052500000002	14.803685042779826	15.60041995722018	0.39836745722017675	15.387220000000003	0.18516750000000037	true	0.026204846827109475	0.012180427610021761
mean_degree	phase/rho_eta/cells/1_0	20	10	63.504712500000004	59.12457857990844	67.88484642009156	4.380133920091563	63.14484	0.3598725000000016	true	0.06897336823769673	0.0056668629119453395
mean_degree	phase/rho_eta/cells/1_1	20	10	43.531845000000004	40.53407792912968	46.52961207087033	2.9977670708703243	43.778150000000004	0.24630499999999955	true	0.06886377250654835	0.005658041831215735
mean_degree	phase/rho_eta/cells/1_2	20	10	18.7040975	17.759762837880917	19.648432162119082	0.9443346621190827	18.66293	0.041167500000000246	true	0.05048811695507269	0.0022009883128549907
mean_degree	phase/rho_eta/cells/1_4	20	10	15.436514999999996	14.946876068076516	15.926153931923476	0.48963893192347996	15.5143	0.07778500000000399	true	0.031719525548576225	0.005039025971859841
mean_degree	phase/rho_eta/cells/3_0	20	10	94.3459175	90.26053817192137	98.43129682807863	4.085379328078631	96.14486	1.7989424999999954	true	0.043302131521256663	0.01906751821031361
mean_degree	phase/rho_eta/cells/3_1	20	10	63.3469325	60.96228628540435	65.73157871459566	2.3846462145956515	64.5066	1.1596675000000047	true	0.03764422554471207	0.01830660861123788
mean_degree	phase/rho_eta/cells/3_2	20	10	24.1738175	23.48062417580655	24.867010824193446	0.693193324193448	24.366065	0.19224750000000057	true	0.028675376745664935	0.007952715784339837
mean_degree	phase/rho_eta/cells/3_4	20	10	19.0225625	18.347872710436302	19.697252289563696	0.674689789563697	18.86118	0.16138249999999843	true	0.03546787082779709	0.008483741346624486
mean_degree	phase/rho_eta/cells/4_0	20	10	85.45589	81.7872580942382	89.1245219057618	3.6686319057617993	87.40836	1.9524700000000053	true	0.04293012343282364	0.02284769370490443
mean_degree	phase/rho_eta/cells/4_1	20	10	59.34796499999999	55.40453845564333	63.29139154435664	3.9434265443566545	62.721365000000006	3.373400000000018	true	0.0664458595059941	0.056841039115663336
mean_degree	phase/rho_eta/cells/4_2	20	10	23.046775	21.550081171999103	24.543468828000897	1.4966938280008968	22.7701	0.2766750000000009	true	0.06494157330042476	0.012004933445134987
mean_degree	phase/rho_eta/cells/4_4	20	10	17.055625	16.20558357822885	17.905666421771148	0.8500414217711487	16.942304999999998	0.11332000000000164	true	0.049839359259549194	0.006644142328410811
mean_degree	phase/rho_r/cells/0_0	20	10	16.1629	15.651425887114952	16.67437411288505	0.5114741128850495	16.250795	0.08789499999999961	true	0.031644946939289945	0.005438071138223933
mean_degree	phase/rho_r/cells/0_2	20	10	15.7476625	15.477843876246007	16.017481123753992	0.26981862375399235	15.70915	0.03851250000000128	true	0.017133884076699784	0.002445601053489766
mean_degree	phase/rho_r/cells/0_3	20	10	15.531859999999998	15.178680460526968	15.885039539473029	0.3531795394730306	15.491600000000002	0.04025999999999641	true	0.022739037016367043	0.0025920913528705777
mean_degree	phase/rho_r/cells/2_0	20	10	19.3761	18.059879835618325	20.692320164381677	1.3162201643816758	19.161405000000002	0.21469499999999897	true	0.06793008729216281	0.011080403177109892
mean_degree	phase/rho_r/cells/2_2	20	10	18.921447500000003	17.812593036357185	20.03030196364282	1.1088544636428175	18.96583	0.04438249999999755	true	0.05860304628611618	0.002345618642548227
mean_degree	phase/rho_r/cells/2_3	20	10	16.603695000000002	15.896562633819968	17.310827366180035	0.7071323661800335	16.28046	0.3232350000000004	true	0.04258885544332351	0.019467654639524535
median_degree	oat/N=1500	20	10	12.735	12.332928872044127	13.137071127955872	0.40207112795587285	12.655	0.08000000000000007	true	0.03157213411510584	0.006281900274833143
median_degree	oat/N=500	20	10	13.148749999999998	12.753272451952318	13.544227548047678	0.39547754804767976	12.85	0.2987499999999983	true	0.030077197303749772	0.022720790949709923
median_degree	oat/delta=0.0	20	10	11.4075	11.13645487359552	11.678545126404481	0.27104512640448064	11.665000000000001	0.2575000000000003	true	0.023760256533375466	0.022572868726714903
median_degree	oat/delta=0.25	20	10	12.7375	12.42353491713587	13.051465082864132	0.31396508286413116	12.7775	0.03999999999999915	true	0.024648877948116283	0.003140333660451356
median_degree	oat/delta=0.75	20	10	12.44125	12.046578550486462	12.835921449513538	0.39467144951353816	12.5325	0.0912500000000005	true	0.031722813183043354	0.007334472018486928
median_degree	oat/delta=1.0	20	10	12.425	12.062974818901775	12.787025181098226	0.36202518109822535	12.6025	0.17749999999999844	true	0.029136835500863205	0.014285714285714159
median_degree	oat/eta=0.0	20	10	63.2	59.93441777423237	66.46558222576763	3.2655822257676306	64.67500000000001	1.4750000000000085	true	0.05167060483809542	0.023338607594936844
median_degree	oat/eta=0.001	20	10	41.217499999999994	39.07870239301488	43.35629760698511	2.138797606985115	42.4325	1.2150000000000034	true	0.05189052239910512	0.029477770364529716
median_degree	oat/eta=0.01	20	10	14.425	13.783582973645377	15.066417026354625	0.6414170263546239	14.930000000000001	0.5050000000000008	true	0.04446565174035521	0.03500866551126522
median_degree	oat/eta=0.03	20	10	11.5375	11.191669420512142	11.883330579487858	0.345830579487858	11.82	0.28250000000000064	true	0.029974481429066783	0.024485373781148484
median_degree	oat/k=12	20	10	15.70875	15.230241707409668	16.187258292590332	0.4785082925903321	15.885	0.17624999999999957	true	0.030461258380859845	0.011219861542134134
median_degree	oat/k=4	20	10	11.673750000000002	11.147384687465332	12.200115312534672	0.5263653125346703	12.1125	0.43874999999999886	true	0.0450896509291933	0.03758432380340497
median_degree	oat/n_strangers=0	20	10	12.21625	11.822144897425336	12.610355102574665	0.3941051025746649	12.195	0.021250000000000213	true	0.032260726702111116	0.0017394863399161128
median_degree	oat/n_strangers=50	20	10	12.5525	12.202354446114352	12.902645553885648	0.35014555388564794	12.785	0.23249999999999993	true	0.027894487463505112	0.01852220673172674
median_degree	oat/reservation_frac=0.4	20	10	12.586249999999998	12.108009807570566	13.06449019242943	0.47824019242943194	12.929999999999998	0.34375	true	0.03799703584701019	0.027311550302909927
median_degree	oat/reservation_frac=0.9	20	10	12.66875	12.267190370065626	13.070309629934373	0.4015596299343738	12.87	0.20124999999999993	true	0.03169686274765654	0.01588554514060187
median_degree	oat/reservation_frac=1.2	20	10	11.35875	10.973520381879888	11.743979618120113	0.38522961812011225	11.242500000000001	0.11624999999999908	true	0.03391478975416417	0.010234400792340625
median_degree	oat/rho=0.0	20	10	12.0275	11.699386658721203	12.355613341278797	0.3281133412787973	12.2275	0.1999999999999993	true	0.027280261174707738	0.016628559551028835
median_degree	oat/rho=0.15	20	10	12.5525	12.029658624523888	13.075341375476112	0.5228413754761121	12.1375	0.4150000000000009	true	0.04165237008373727	0.033061143198566095
median_degree	oat/rho=0.3	20	10	12.60625	12.134602950991734	13.077897049008264	0.47164704900826493	12.614999999999998	0.008749999999999147	true	0.03741374707056142	0.0006941001487356785
median_degree	oat/rho=0.5	50	20	12.7005	12.436530748448932	12.964469251551067	0.26396925155106743	12.63625	0.06424999999999947	true	0.02078416216299102	0.005058855950553087
median_degree	oat/rho=0.7	20	10	12.69125	12.333060936349163	13.049439063650837	0.3581890636508369	12.7875	0.0962499999999995	true	0.028223308472438643	0.007583965330444164
median_degree	oat/rho=0.85	20	10	13.66625	13.13540297035715	14.19709702964285	0.5308470296428496	14.169999999999998	0.5037499999999984	true	0.03884364984124025	0.03686087990487503
median_degree	oat/rho=1.0	20	10	11.915	11.052864415885235	12.777135584114763	0.862135584114764	11.864999999999998	0.05000000000000071	true	0.07235716190640068	0.00419639110365092
median_degree	oat/roster_frac=0.1	20	10	12.47375	12.080593065450461	12.86690693454954	0.39315693454953937	12.9	0.4262499999999996	true	0.03151874412662907	0.03417176069746464
median_degree	oat/roster_frac=0.4	20	10	12.46125	12.039721123224313	12.882778876775687	0.42152887677568707	12.4925	0.03125	true	0.033827174382641156	0.002507774099709098
median_degree	phase/eta_r/cells/0_0	20	10	62.10124999999999	58.444709904268606	65.75779009573138	3.656540095731387	64.51750000000001	2.4162500000000193	true	0.05888029783186952	0.03890823453634218
median_degree	phase/eta_r/cells/0_2	20	10	54.2025	52.1248379035451	56.2801620964549	2.077662096454901	55.73	1.5274999999999963	true	0.03833148095484343	0.028181356948480167
median_degree	phase/eta_r/cells/0_3	20	10	40.04375	38.806286791533196	41.28121320846681	1.2374632084668065	39.644999999999996	0.3987500000000068	true	0.030902780295721712	0.009957858592164989
median_degree	phase/eta_r/cells/1_0	20	10	40.40875	37.69180359636933	43.12569640363066	2.716946403630665	42.8	2.3912499999999994	true	0.06723658622527708	0.059176539734587176
median_degree	phase/eta_r/cells/1_2	20	10	37.043749999999996	35.54940367333733	38.53809632666266	1.494346326662665	37.8375	0.7937500000000028	true	0.040340039187789174	0.021427366289860042
median_degree	phase/eta_r/cells/1_3	20	10	28.804999999999996	27.944008462274244	29.66599153772575	0.8609915377257522	28.942500000000003	0.1375000000000064	true	0.029890350207455382	0.00477347682693999
median_degree	phase/eta_r/cells/2_0	20	10	14.905000000000001	14.238099998115171	15.571900001884831	0.6669000018848301	15.167499999999999	0.2624999999999975	true	0.04474337483293057	0.017611539751760986
median_degree	phase/eta_r/cells/2_2	20	10	14.533750000000001	13.913807836418298	15.153692163581704	0.6199421635817028	14.497499999999999	0.03625000000000256	true	0.04265534797156293	0.0024941945471748553
median_degree	phase/eta_r/cells/2_3	20	10	13.157499999999999	12.67244391838868	13.642556081611318	0.48505608161131875	13.49	0.33250000000000135	true	0.036865368163505136	0.025270758122743788
median_degree	phase/eta_r/cells/4_0	20	10	11.64625	11.288523893851773	12.003976106148228	0.35772610614822753	11.825	0.17874999999999908	true	0.030715990653491683	0.015348288075560722
median_degree	phase/eta_r/cells/4_2	20	10	11.408750000000001	11.125761770595043	11.69173822940496	0.2829882294049586	11.382499999999999	0.02625000000000277	true	0.024804490360903566	0.0023008655637123056
median_degree	phase/eta_r/cells/4_3	20	10	10.405000000000001	10.188735654556805	10.621264345443198	0.2162643454431965	10.412499999999998	0.0074999999999967315	true	0.020784655977241374	0.0007208073041803681
median_degree	phase/rho_delta/cells/0_0	20	10	11.43125	11.235175928793632	11.627324071206369	0.19607407120636822	11.5275	0.0962499999999995	true	0.017152461122481637	0.00841990158556584
median_degree	phase/rho_delta/cells/0_1	20	10	12.883750000000001	12.385270497270362	13.38222950272964	0.4984795027296389	12.9725	0.08874999999999922	true	0.03869056002558563	0.00688852236344226
median_degree	phase/rho_delta/cells/0_3	20	10	12.504999999999999	11.726609180863829	13.28339081913617	0.7783908191361704	12.362499999999999	0.14250000000000007	true	0.06224636698409999	0.011395441823270699
median_degree	phase/rho_delta/cells/0_4	20	10	12.26125	11.70968497898766	12.81281502101234	0.5515650210123404	12.2625	0.0012499999999988631	true	0.04498440379344197	0.00010194719135478544
median_degree	phase/rho_delta/cells/1_0	20	10	11.485000000000001	11.276961355231924	11.693038644768079	0.20803864476807732	11.535	0.049999999999998934	true	0.0181139438195975	0.004353504571179706
median_degree	phase/rho_delta/cells/1_1	20	10	13.189999999999998	12.74057661215936	13.639423387840635	0.4494233878406373	13.210000000000003	0.020000000000004903	true	0.034073039260093814	0.001516300227445406
median_degree	phase/rho_delta/cells/1_3	20	10	12.07	11.787870474638328	12.352129525361672	0.2821295253616718	11.9675	0.10250000000000092	true	0.02337444286343594	0.0084921292460647
median_degree	phase/rho_delta/cells/1_4	20	10	12.46375	11.8053433479903	13.122156652009698	0.658406652009699	12.379999999999999	0.08375000000000021	true	0.05282572676840429	0.006719486510881574
median_degree	phase/rho_delta/cells/2_0	20	10	11.30625	11.139702279202863	11.472797720797137	0.1665477207971371	11.432500000000001	0.12625000000000064	true	0.014730588904113839	0.01116639027086794
median_degree	phase/rho_delta/cells/2_1	20	10	12.7775	12.18552895879207	13.36947104120793	0.5919710412079304	13.059999999999999	0.28249999999999886	true	0.04632917559835104	0.02210917628644092
median_degree	phase/rho_delta/cells/2_3	20	10	12.395000000000001	11.988824598235219	12.801175401764784	0.4061754017647825	12.33	0.06500000000000128	true	0.03276929421256817	0.005244050020169526
median_degree	phase/rho_delta/cells/2_4	20	10	12.79875	12.286706105530863	13.310793894469137	0.5120438944691372	13.132499999999999	0.33374999999999844	true	0.04000733622182926	0.026076765309112095
median_degree	phase/rho_delta/cells/4_0	20	10	11.21875	10.919823844884784	11.517676155115216	0.2989261551152165	11.395	0.17624999999999957	true	0.026645228311105648	0.0157103064066852
median_degree	phase/rho_delta/cells/4_1	20	10	12.783750000000001	12.44693800006043	13.120561999939573	0.336811999939572	12.930000000000001	0.1462500000000002	true	0.026346885690002698	0.01144030507480201
median_degree	phase/rho_delta/cells/4_3	20	10	12.72375	12.36923681023104	13.078263189768961	0.3545131897689604	12.925	0.20124999999999993	true	0.027862319659609815	0.015816877885843395
median_degree	phase/rho_delta/cells/4_4	20	10	12.85625	12.508520886421984	13.203979113578015	0.3477291135780156	13.2025	0.3462500000000013	true	0.02704747601968036	0.02693242586290725
median_degree	phase/rho_delta/cells/5_0	20	10	11.20375	10.846689185694395	11.560810814305604	0.3570608143056049	11.2225	0.01875000000000071	true	0.03186975917042106	0.0016735468035256687
median_degree	phase/rho_delta/cells/5_1	20	10	12.580000000000002	12.175264014731148	12.984735985268856	0.4047359852688537	12.637500000000001	0.05749999999999922	true	0.03217297180197565	0.004570747217805978
median_degree	phase/rho_delta/cells/5_3	20	10	13.209999999999999	12.733753810253233	13.686246189746765	0.4762461897467656	13.290000000000001	0.08000000000000185	true	0.03605194471966432	0.006056018168054645
median_degree	phase/rho_delta/cells/5_4	20	10	13.26875	12.805208104329711	13.73229189567029	0.46354189567028925	13.475	0.20624999999999893	true	0.03493485789319184	0.01554404145077712
median_degree	phase/rho_eta/cells/0_0	20	10	54.2125	50.40491803614309	58.02008196385691	3.8075819638569115	55.71999999999999	1.5074999999999932	true	0.07023439177047566	0.02780724002766877
median_degree	phase/rho_eta/cells/0_1	20	10	35.64375	32.77328008286326	38.514219917136735	2.870469917136738	35.495	0.14874999999999972	true	0.08053220879219325	0.004173242153252666
median_degree	phase/rho_eta/cells/0_2	20	10	14.16875	13.231791201102368	15.10570879889763	0.9369587988976313	14.3025	0.13375000000000092	true	0.06612854337168991	0.009439788266431473
median_degree	phase/rho_eta/cells/0_4	20	10	11.62125	11.218679657396567	12.023820342603432	0.4025703426034326	11.8125	0.19125000000000014	true	0.034640881368478656	0.01645692158760892
median_degree	phase/rho_eta/cells/1_0	20	10	55.16375000000001	51.18608856814607	59.141411431853946	3.9776614318539387	54.9875	0.17625000000001023	true	0.07210643641619612	0.0031950329700212586
median_degree	phase/rho_eta/cells/1_1	20	10	36.55625	33.92226974001963	39.19023025998037	2.633980259980369	36.885000000000005	0.32875000000000654	true	0.0720528024614223	0.00899299025474458
median_degree	phase/rho_eta/cells/1_2	20	10	14.107499999999998	13.391453856676215	14.823546143323782	0.7160461433237835	14.105	0.0024999999999977263	true	0.05075641632633589	0.00017721070352633186
median_degree	phase/rho_eta/cells/1_4	20	10	11.51375	11.121418623550143	11.906081376449857	0.3923313764498566	11.475	0.038750000000000284	true	0.03407502998153135	0.0033655412007382725
median_degree	phase/rho_eta/cells/3_0	20	10	68.68750000000001	65.94100400056516	71.43399599943487	2.746495999434856	70.4675	1.779999999999987	true	0.03998538306729544	0.025914467697906993
median_degree	phase/rho_eta/cells/3_1	20	10	44.52625	42.67974392649968	46.37275607350031	1.846506073500315	45.4825	0.9562500000000043	true	0.04147005583224087	0.021476095561607015
median_degree	phase/rho_eta/cells/3_2	20	10	15.451249999999998	14.98603860303415	15.916461396965847	0.4652113969658487	15.942499999999999	0.49125000000000085	true	0.030108334080792734	0.03179354421163342
median_degree	phase/rho_eta/cells/3_4	20	10	12.2025	11.810546666332636	12.594453333667365	0.39195333366736484	12.2575	0.054999999999999716	true	0.03212074031283465	0.004507273099774613
median_degree	phase/rho_eta/cells/4_0	20	10	55.861250000000005	53.58707838684047	58.135421613159544	2.274171613159538	57.07249999999999	1.2112499999999855	true	0.0407110763393146	0.0216831882566177
median_degree	phase/rho_eta/cells/4_1	20	10	39.021249999999995	36.06371126902123	41.978788730978756	2.9575387309787615	41.535	2.5137500000000017	true	0.07579302895162923	0.06442002754909189
median_degree	phase/rho_eta/cells/4_2	20	10	14.155000000000001	13.258906939884078	15.051093060115925	0.8960930601159234	13.992499999999998	0.1625000000000032	true	0.06330576192977204	0.011480042387849042
median_degree	phase/rho_eta/cells/4_4	20	10	10.58375	10.105889622314193	11.061610377685808	0.4778603776858077	10.477500000000003	0.10624999999999751	true	0.045150384096922895	0.010038974843509864
median_degree	phase/rho_r/cells/0_0	20	10	12.365	11.963772003747625	12.766227996252375	0.40122799625237526	12.44	0.07499999999999929	true	0.03244868550362921	0.006065507480792502
median_degree	phase/rho_r/cells/0_2	20	10	12.01875	11.725542886483108	12.311957113516893	0.29320711351689255	11.9675	0.05125000000000135	true	0.024395807676912535	0.004264170566822785
median_degree	phase/rho_r/cells/0_3	20	10	11.9625	11.650237759957344	12.274762240042657	0.31226224004265646	12.004999999999999	0.04249999999999865	true	0.026103426544840665	0.0035527690700103364
median_degree	phase/rho_r/cells/2_0	20	10	12.0	11.236984280702949	12.763015719297051	0.7630157192970515	11.930000000000001	0.06999999999999851	true	0.06358464327475429	0.005833333333333209
median_degree	phase/rho_r/cells/2_2	20	10	11.616249999999999	10.986288977596496	12.246211022403502	0.6299610224035028	11.7075	0.0912500000000005	true	0.0542310145187563	0.007855375013451028
median_degree	phase/rho_r/cells/2_3	20	10	10.68	10.258315178719524	11.101684821280475	0.4216848212804756	10.504999999999999	0.1750000000000007	true	0.039483597498171874	0.01638576779026224
betweenness	oat/N=1500	20	10	0.8346981069678069	0.8212018235353066	0.8481943904003072	0.013496283432500311	0.8230521744377866	0.011645932530020331	true	0.01616905959153067	0.013952269009362325
betweenness	oat/N=500	20	10	0.6957590462028287	0.6722597178909012	0.7192583745147562	0.02349932831192747	0.6893927026540168	0.006366343548811937	true	0.03377509561704917	0.00915021311409009
betweenness	oat/delta=0.0	20	10	0.7684582799049274	0.7513080948737662	0.7856084649360887	0.01715018503116128	0.7590773975075005	0.00938088239742696	true	0.02231765273357856	0.012207406234971597
betweenness	oat/delta=0.25	20	10	0.7773685554999675	0.76278476104009	0.7919523499598451	0.014583794459877564	0.7812939566782986	0.003925401178331067	true	0.018760463562226208	0.005049601184095272
betweenness	oat/delta=0.75	20	10	0.801171084459192	0.7856238642706632	0.8167183046477209	0.015547220188528832	0.8037054794693004	0.0025343950101083257	true	0.01940561821327282	0.003163363055993337
betweenness	oat/delta=1.0	20	10	0.8016690303640128	0.7894758944157619	0.8138621663122637	0.012193135948250888	0.7925538873793122	0.00911514298470062	true	0.015209688146134779	0.011370207204538909
betweenness	oat/eta=0.0	20	10	0.12525837822296812	0.10633379055387103	0.1441829658920652	0.018924587669097083	0.10656554741064246	0.01869283081232566	true	0.1510844059900734	0.14923417560980387
betweenness	oat/eta=0.001	20	10	0.2723921023024277	0.2431127885356366	0.3016714160692188	0.029279313766791118	0.24371693227141308	0.028675170031014635	true	0.10748958401988942	0.10527166459171994
betweenness	oat/eta=0.01	20	10	0.7497199569699202	0.729953169025781	0.7694867449140594	0.01976678794413922	0.7394038751854419	0.010316081784478293	true	0.02636556191465007	0.013759913536478246
betweenness	oat/eta=0.03	20	10	0.8233805657435058	0.8103954879063313	0.8363656435806803	0.012985077837174508	0.8154043563168507	0.007976209426655112	true	0.015770444891966925	0.00968714803154561
betweenness	oat/k=12	20	10	0.7526424085052239	0.7340352165584132	0.7712496004520346	0.01860719194681071	0.747792989922879	0.004849418582344889	true	0.024722486716853082	0.006443190720512303
betweenness	oat/k=4	20	10	0.8001088901001289	0.7825783065144377	0.81763947368582	0.01753058358569115	0.7971681598408669	0.0029407302592620033	true	0.02191024722084678	0.0036754125540262254
betweenness	oat/n_strangers=0	20	10	0.8102342966004497	0.7989481087202094	0.8215204844806899	0.011286187880240273	0.811987086381866	0.0017527897814163529	true	0.01392953609541639	0.0021633122527281823
betweenness	oat/n_strangers=50	20	10	0.8040758569030275	0.7915784580839497	0.8165732557221054	0.012497398819077854	0.800502838248649	0.0035730186543785347	true	0.015542561950824815	0.004443633798607443
betweenness	oat/reservation_frac=0.4	20	10	0.8012734348647921	0.7829686640354039	0.8195782056941803	0.018304770829388195	0.7919058585501562	0.009367576314635917	true	0.022844599649652637	0.011690860955869097
betweenness	oat/reservation_frac=0.9	20	10	0.7938794187843742	0.7759035415091657	0.8118552960595826	0.01797587727520844	0.7918952359398658	0.0019841828445084086	true	0.022643082626746965	0.0024993504020379867
betweenness	oat/reservation_frac=1.2	20	10	0.8186977611980464	0.8042478738936881	0.8331476485024046	0.014449887304358255	0.8268532431473167	0.008155481949270293	true	0.017649843433323823	0.00996152956047653
betweenness	oat/rho=0.0	20	10	0.85930629696734	0.8458764341474057	0.8727361597872743	0.013429862819934302	0.8540433290256553	0.005262967941684682	true	0.01562872617986266	0.006124670516507008
betweenness	oat/rho=0.15	20	10	0.8439657666950289	0.8314546369474359	0.8564768964426218	0.012511129747592942	0.8508395837465109	0.006873817051482045	true	0.014824214726844365	0.008144663353348942
betweenness	oat/rho=0.3	20	10	0.8275192269786974	0.8076235365492811	0.8474149174081137	0.0198956904294163	0.8344411918561534	0.006921964877455999	true	0.024042571798671298	0.008364717884233751
betweenness	oat/rho=0.5	50	20	0.7902209848608729	0.7799021558346535	0.8005398138870923	0.01031882902621939	0.7931392932363398	0.002918308375466916	true	0.013058156166323694	0.003693028192589338
betweenness	oat/rho=0.7	20	10	0.7101365950909326	0.6865155678909289	0.7337576222909363	0.023621027200003697	0.716656263685197	0.006519668594264338	true	0.03326265307729851	0.009180865539579041
betweenness	oat/rho=0.85	20	10	0.5148859331134871	0.47627680152716356	0.5534950646998106	0.03860913158632351	0.5164795249837649	0.001593591870277855	true	0.07498579608274827	0.0030950386634987135
betweenness	oat/rho=1.0	20	10	0.1514621743903137	0.14162604054321348	0.16129830823741392	0.00983613384710022	0.15005896309960678	0.0014032112907069183	true	0.06494119001456287	0.009264433818907701
betweenness	oat/roster_frac=0.1	20	10	0.7960375365285459	0.7819845607109508	0.810090512346141	0.014052975817595126	0.7865121374736315	0.009525399054914452	true	0.017653659749361814	0.011966017452460762
betweenness	oat/roster_frac=0.4	20	10	0.810104659490986	0.7966477960879017	0.8235615228940703	0.013456863403084274	0.814741459971386	0.0046368004804000496	true	0.01661126527964873	0.0057237054818490936
betweenness	phase/eta_r/cells/0_0	20	10	0.1326082856980459	0.11245391469224486	0.15276265670384692	0.02015437100580103	0.11264355432595156	0.019964731372094327	true	0.1519842512080527	0.15055417741810478
betweenness	phase/eta_r/cells/0_2	20	10	0.11965277982615549	0.10008191123019732	0.13922364842211365	0.01957086859595817	0.09744658336780496	0.022206196458350536	true	0.16356384385212652	0.1855886381462604
betweenness	phase/eta_r/cells/0_3	20	10	0.1544321794507376	0.13908255422638038	0.1697818046750948	0.015349625224357205	0.15849795663106028	0.004065777180322694	true	0.09939395583841767	0.026327266731475733
betweenness	phase/eta_r/cells/1_0	20	10	0.2826783536982518	0.24778649911878448	0.3175702082777191	0.03489185457946731	0.24770558211120006	0.034972771587051726	true	0.12343306136809122	0.12371931253138614
betweenness	phase/eta_r/cells/1_2	20	10	0.2572150368694174	0.22995581188125702	0.28447426185757774	0.027259224988160358	0.23090300715026432	0.026312029719153057	true	0.10597834916626313	0.10229584568382415
betweenness	phase/eta_r/cells/1_3	20	10	0.33017421280862586	0.3083176721810226	0.35203075343622914	0.021856540627603283	0.333216737675046	0.0030425248664201487	true	0.06619699473705318	0.009214907610557835
betweenness	phase/eta_r/cells/2_0	20	10	0.7331724350916599	0.7067496552369077	0.759595214946412	0.026422779854752165	0.7197724539381979	0.01339998115346197	true	0.03603897062967028	0.018276711605758514
betweenness	phase/eta_r/cells/2_2	20	10	0.7437301392441732	0.7238993935475587	0.7635608849407877	0.01983074569661447	0.7443229702151223	0.0005928309709490875	true	0.026663899511680085	0.0007971049439405008
betweenness	phase/eta_r/cells/2_3	20	10	0.7616749361582996	0.7401949516393157	0.7831549206772835	0.02147998451898392	0.7616779635542863	3.027395986676673e-6	true	0.028200986404152483	3.974656172810558e-6
betweenness	phase/eta_r/cells/4_0	20	10	0.8241642986799246	0.8122732309400702	0.836055366419779	0.011891067739854377	0.821396423085077	0.002767875594847591	true	0.014428030623142091	0.0033584026865528336
betweenness	phase/eta_r/cells/4_2	20	10	0.8236445601273898	0.8130984433966769	0.8341906768581028	0.010546116730712929	0.8234757594151396	0.00016880071225022775	true	0.012804208564288705	0.00020494363761003898
betweenness	phase/eta_r/cells/4_3	20	10	0.8456713647732131	0.8332146057709408	0.8581281237754855	0.012456759002272388	0.8464182528516595	0.0007468880784463616	true	0.014730023412360621	0.0008831895102025328
betweenness	phase/rho_delta/cells/0_0	20	10	0.8558414988247145	0.8429349232706618	0.8687480743787672	0.012906575554052724	0.8597997168460602	0.003958218021345661	true	0.01508056757212252	0.004624942850727955
betweenness	phase/rho_delta/cells/0_1	20	10	0.8497648054425099	0.8395951625602308	0.8599344483247889	0.010169642882279062	0.8500724609200832	0.0003076554775732765	true	0.011967597171764818	0.0003620477991119752
betweenness	phase/rho_delta/cells/0_3	20	10	0.8459671528753718	0.8272048381075033	0.8647294676432403	0.018762314767868493	0.8487160987067639	0.002748945831392069	true	0.022178538143114598	0.003249471119592092
betweenness	phase/rho_delta/cells/0_4	20	10	0.8487213920608841	0.8292909231137184	0.8681518610080499	0.019430468947165713	0.8397244325714821	0.008996959489402045	true	0.02289381312751434	0.010600604124700366
betweenness	phase/rho_delta/cells/1_0	20	10	0.8414058488995344	0.830299221779452	0.8525124760196168	0.011106627120082369	0.841946377850201	0.0005405289506665856	true	0.013200083092610547	0.0006424116867900758
betweenness	phase/rho_delta/cells/1_1	20	10	0.8305994682082544	0.8161971230833072	0.8450018133332016	0.014402345124947202	0.830231224050778	0.00036824415747638284	true	0.017339699429395894	0.00044334745153491213
betweenness	phase/rho_delta/cells/1_3	20	10	0.8537041807565989	0.8411485145448409	0.866259846968357	0.012555666211758076	0.8563620821277343	0.0026579013711354182	true	0.014707279751904886	0.003113375137485964
betweenness	phase/rho_delta/cells/1_4	20	10	0.8417338217836786	0.8269938299993695	0.8564738135679877	0.01473999178430907	0.8456799327140299	0.003946110930351243	true	0.017511464316681782	0.0046880745768171994
betweenness	phase/rho_delta/cells/2_0	20	10	0.822543866434717	0.8107665726578863	0.8343211602115477	0.011777293776830677	0.82487716733309	0.0023333008983730252	true	0.014318134579106254	0.0028366887087574104
betweenness	phase/rho_delta/cells/2_1	20	10	0.8183158528120282	0.8059557267974846	0.8306759788265718	0.012360126014543615	0.8119957385195666	0.006320114292461598	true	0.015104346288868494	0.007723318900328531
betweenness	phase/rho_delta/cells/2_3	20	10	0.833031283296114	0.8179039358937187	0.8481586306985093	0.015127347402395297	0.8321327691670726	0.0008985141290414056	true	0.018159398939424996	0.0010786079071198754
betweenness	phase/rho_delta/cells/2_4	20	10	0.8212897991176249	0.8044961029270202	0.8380834953082296	0.016793696190604668	0.8088922412942849	0.012397557823339955	true	0.020447954191866784	0.015095229280407001
betweenness	phase/rho_delta/cells/4_0	20	10	0.705183727576428	0.6807542516711313	0.7296132034817246	0.02442947590529665	0.70490385961342	0.0002798679630080514	true	0.03464271075745856	0.0003968724065285798
betweenness	phase/rho_delta/cells/4_1	20	10	0.6900544496921638	0.6677111065058167	0.7123977928785109	0.02234334318634712	0.6900616465112545	7.196819090671269e-6	true	0.032379101672794924	1.04293495881112e-5
betweenness	phase/rho_delta/cells/4_3	20	10	0.7139249663035905	0.693945374516468	0.733904558090713	0.019979591787122497	0.7159430836832897	0.002018117379699258	true	0.027985562531267952	0.002826791994890218
betweenness	phase/rho_delta/cells/4_4	20	10	0.6976693460862683	0.6726690230153611	0.7226696691571755	0.02500032307090716	0.7039448783576036	0.00627553227133526	true	0.035834056937074914	0.008994994988011523
betweenness	phase/rho_delta/cells/5_0	20	10	0.5703866636596489	0.5372330040432027	0.603540323276095	0.03315365961644612	0.5755385266078801	0.005151862948231223	true	0.058124885676199806	0.009032228971092059
betweenness	phase/rho_delta/cells/5_1	20	10	0.5270259184828456	0.47929634815462946	0.5747554888110618	0.04772957032821615	0.5186261267426507	0.008399791740194895	true	0.09056399060147877	0.01593809990289558
betweenness	phase/rho_delta/cells/5_3	20	10	0.5257168901825138	0.48532986225174723	0.5661039181132803	0.04038702793076654	0.5307590914047386	0.0050422012222248735	true	0.07682277036361781	0.0095910961134887
betweenness	phase/rho_delta/cells/5_4	20	10	0.5288179232720917	0.4933756647857429	0.5642601817584404	0.03544225848634874	0.5343362155377338	0.005518292265642155	true	0.06702166648786734	0.010435146054614415
betweenness	phase/rho_eta/cells/0_0	20	10	0.20903473913940104	0.17833999441001375	0.23972948386878834	0.030694744729387297	0.17752652869660984	0.0315082104427912	true	0.14684040009693122	0.15073193370877466
betweenness	phase/rho_eta/cells/0_1	20	10	0.4344675341106873	0.3967287032312217	0.47220636499015284	0.03773883087946556	0.4196556353322493	0.01481189877843797	true	0.08686225762924557	0.03409207274545032
betweenness	phase/rho_eta/cells/0_2	20	10	0.823489103390137	0.8019351275413378	0.8450430792389363	0.021553975848799256	0.8179702623291492	0.005518841060987878	true	0.02617396606714761	0.006701777884209921
betweenness	phase/rho_eta/cells/0_4	20	10	0.8658251980462138	0.8547687287764817	0.876881667315946	0.011056469269732139	0.863792606989319	0.0020325910568947947	true	0.012769863125584379	0.002347576695020493
betweenness	phase/rho_eta/cells/1_0	20	10	0.18653024694809656	0.15579075769948558	0.21726973619670753	0.030739489248610974	0.16300590480011343	0.02352434214798313	true	0.16479627165863597	0.12611542917502785
betweenness	phase/rho_eta/cells/1_1	20	10	0.39026952854507013	0.34469587077242364	0.4358431863177166	0.04557365777264649	0.3614311927755027	0.028838335769567458	true	0.11677482980171595	0.07389338306036125
betweenness	phase/rho_eta/cells/1_2	20	10	0.8041687636548861	0.7779421162126386	0.8303954110971336	0.026226647442247453	0.808925721123839	0.004756957468952883	true	0.032613362552220165	0.005915372100916817
betweenness	phase/rho_eta/cells/1_4	20	10	0.859272948682855	0.847158996067991	0.8713869012977189	0.012113952614863921	0.8580064907462465	0.0012664579366085116	true	0.014097909905616036	0.0014738715312169598
betweenness	phase/rho_eta/cells/3_0	20	10	0.0312301776915385	0.02342222731518505	0.039038128067891954	0.007807950376353453	0.025989344259197737	0.005240833432340764	true	0.2500129987562939	0.16781311602209406
betweenness	phase/rho_eta/cells/3_1	20	10	0.0839791453116812	0.06785219883912581	0.10010609178423659	0.016126946472555387	0.07611792307204254	0.007861222239638657	true	0.19203513458849392	0.09360921941349157
betweenness	phase/rho_eta/cells/3_2	20	10	0.4245527450149876	0.38641301521069404	0.4626924748192811	0.03813972980429353	0.4126112953190527	0.011941449695934858	true	0.08983507998033818	0.028127128692839568
betweenness	phase/rho_eta/cells/3_4	20	10	0.5793375652349115	0.5422300110441005	0.6164451194257226	0.03710755419081102	0.5954583364024268	0.016120771167515313	true	0.06405169700287697	0.02782621417097062
betweenness	phase/rho_eta/cells/4_0	20	10	0.011808106159970357	0.010966007904573057	0.012650204415367657	0.0008420982553973	0.010908058008223951	0.0009000481517464059	true	0.07131526800224956	0.07622290480395422
betweenness	phase/rho_eta/cells/4_1	20	10	0.029142676490696594	0.02606094851495727	0.032224404466435916	0.003081727975739322	0.025175734103513203	0.003966942387183391	true	0.10574622329980989	0.1361214159052887
betweenness	phase/rho_eta/cells/4_2	20	10	0.1186908007707272	0.10878794117883264	0.12859366036262176	0.009902859591894561	0.12201253064094904	0.0033217298702218345	true	0.08343409537714494	0.02798641384717218
betweenness	phase/rho_eta/cells/4_4	20	10	0.1762453155542909	0.16595403388160684	0.18653659722697497	0.01029128167268406	0.17593518719426723	0.0003101283600236704	true	0.05839180258674119	0.0017596403005000036
betweenness	phase/rho_r/cells/0_0	20	10	0.858641539273495	0.8466457840782767	0.8706372944687132	0.011995755195218227	0.8576968235666274	0.0009447157068676049	true	0.013970620621695002	0.0011002445882911025
betweenness	phase/rho_r/cells/0_2	20	10	0.8631248890728834	0.8541886320758021	0.8720611460699648	0.008936256997081338	0.8642643245416	0.001139435468716532	true	0.01035337656255067	0.001320128156587449
betweenness	phase/rho_r/cells/0_3	20	10	0.8130545389514463	0.7953048143934622	0.8308042635094304	0.01774972455798407	0.8127703447552992	0.00028419419614711394	true	0.021830915034156205	0.00034953890856279367
betweenness	phase/rho_r/cells/2_0	20	10	0.14426629147047004	0.13521208407505966	0.15332049886588042	0.00905420739541038	0.1442766825327951	1.0391062325060263e-5	true	0.06276038084242078	7.20269594452507e-5
betweenness	phase/rho_r/cells/2_2	20	10	0.1569936766538873	0.14633440392986524	0.16765294937790937	0.010659272724022062	0.14679300255108418	0.01020067410280312	true	0.06789619143401422	0.06497506345616591
betweenness	phase/rho_r/cells/2_3	20	10	0.2503726783205854	0.21872101901089958	0.28202433763027124	0.03165165930968583	0.2688043076094373	0.018431629288851892	true	0.1264181839727656	0.07361677565014274
constraint	oat/N=1500	20	10	0.003951123097270346	0.003782507201895164	0.004119738992645529	0.00016861589537518241	0.004110328025468222	0.0001592049281978758	true	0.0426754346103951	0.04029358850091594
constraint	oat/N=500	20	10	0.009775836896108777	0.009426783242538877	0.010124890549678677	0.0003490536535698998	0.009971419881050797	0.00019558298494202	true	0.035705756681439604	0.020006776608544975
constraint	oat/delta=0.0	20	10	0.006778175170705986	0.006448357280390474	0.007107993061021498	0.0003298178903155119	0.006606948192077913	0.0001712269786280727	true	0.048658802997733605	0.02526151572005455
constraint	oat/delta=0.25	20	10	0.005808930747737951	0.0055600958754301755	0.006057765620045726	0.00024883487230777535	0.005823036545959731	1.410579822177984e-5	true	0.04283660506792474	0.0024282951259614795
constraint	oat/delta=0.75	20	10	0.005433778105336155	0.00520534801944815	0.00566220819122416	0.000228430085888005	0.005398904495202988	3.487361013316658e-5	true	0.04203890579625967	0.006417930481724955
constraint	oat/delta=1.0	20	10	0.005432954430525097	0.005220715582510698	0.005645193278539496	0.00021223884801439916	0.0054187041284890275	1.4250302036069272e-5	true	0.03906508893612903	0.0026229378910310455
constraint	oat/eta=0.0	20	10	0.004489599999298514	0.004317396045060009	0.004661803953537019	0.00017220395423850517	0.004528837051411919	3.923705211340486e-5	true	0.038356190811077044	0.008739542970317073
constraint	oat/eta=0.001	20	10	0.004801186793696407	0.004670372012007481	0.004932001575385333	0.0001308147816889262	0.00482290477659231	2.171798289590278e-5	true	0.027246342896026468	0.004523461350101362
constraint	oat/eta=0.01	20	10	0.005471224137971091	0.005259481401474365	0.005682966874467818	0.00021174273649672646	0.00548721206216078	1.5987924189688613e-5	true	0.03870116287636638	0.0029221841011283184
constraint	oat/eta=0.03	20	10	0.005523905380634872	0.005287242257041388	0.005760568504228355	0.00023666312359348334	0.005436928972399465	8.697640823540631e-5	true	0.04284344268878176	0.015745455840050968
constraint	oat/k=12	20	10	0.004897428579363081	0.004749790646746871	0.0050450665119792905	0.0001476379326162099	0.004884113333046289	1.3315246316791471e-5	true	0.03014601034476147	0.002718823991206247
constraint	oat/k=4	20	10	0.005721359043305112	0.005486673428259362	0.005956044658350861	0.00023468561504574968	0.005602231446474594	0.00011912759683051742	true	0.041019207721348774	0.02082155584518252
constraint	oat/n_strangers=0	20	10	0.005496424412325421	0.0052568183380374035	0.005736030486613438	0.00023960607428801742	0.005554357492695547	5.793308037012595e-5	true	0.043593080940168005	0.010540139556948021
constraint	oat/n_strangers=50	20	10	0.0054924427342496075	0.005301760026403634	0.005683125442095581	0.00019068270784597385	0.0053993589512571745	9.308378299243292e-5	true	0.03471728647381618	0.016947611016858474
constraint	oat/reservation_frac=0.4	20	10	0.005383984384395137	0.005166226839011814	0.0056017419297784594	0.00021775754538332255	0.005417799187713957	3.3814803318820384e-5	true	0.040445426627623196	0.006280628045064307
constraint	oat/reservation_frac=0.9	20	10	0.005414793590799561	0.005216646651214893	0.00561294053038423	0.0001981469395846685	0.005377040588101455	3.775300269810624e-5	true	0.03659362748773026	0.006972196089293875
constraint	oat/reservation_frac=1.2	20	10	0.005367631549722239	0.005166108878906155	0.0055691542205383235	0.0002015226708160841	0.005386391036041029	1.8759486318789195e-5	true	0.03754405811004527	0.0034949280972461586
constraint	oat/rho=0.0	20	10	0.004896346089816888	0.004716356790488062	0.0050763353891457134	0.0001799892993288258	0.004876523835512544	1.9822254304343277e-5	true	0.03675992179212091	0.004048376879560935
constraint	oat/rho=0.15	20	10	0.004912466752394243	0.004701450845439846	0.00512348265934864	0.00021101590695439716	0.004903077417908938	9.389334485305177e-6	true	0.042955182719873274	0.0019113278437414348
constraint	oat/rho=0.3	20	10	0.005020170464650124	0.004832407777955678	0.00520793315134457	0.00018776268669444627	0.004975082967311071	4.508749733905283e-5	true	0.037401655584524504	0.00898126819727329
constraint	oat/rho=0.5	50	20	0.005502185447940443	0.005338669152179796	0.00566570174370109	0.0001635162957606467	0.005402677503143756	9.950794479668748e-5	true	0.029718426851979972	0.01808516738270516
constraint	oat/rho=0.7	20	10	0.006902961624598773	0.006479240023344757	0.007326683225852788	0.0004237216012540155	0.006691205373318461	0.0002117562512803121	true	0.06138258102784163	0.030676144935489223
constraint	oat/rho=0.85	20	10	0.010354797005769677	0.009467837719731455	0.0112417562918079	0.0008869592860382223	0.009897582281825815	0.0004572147239438624	true	0.08565684924040616	0.04415487079940853
constraint	oat/rho=1.0	20	10	0.041362548418635896	0.03799007556140895	0.04473502127586284	0.0033724728572269436	0.040305197729414224	0.0010573506892216714	true	0.08153445535061558	0.025562996711906708
constraint	oat/roster_frac=0.1	20	10	0.005462449088827033	0.005238970013983245	0.005685928163670821	0.0002234790748437878	0.0053695654841429885	9.288360468404436e-5	true	0.04091188241935196	0.017004022037300035
constraint	oat/roster_frac=0.4	20	10	0.005438873017975621	0.005221318037774416	0.005656427998176826	0.00021755498020120494	0.005443886895937094	5.013877961472513e-6	true	0.040000010936489944	0.0009218597207365407
constraint	phase/eta_r/cells/0_0	20	10	0.0044615820260491355	0.004303119557901843	0.004620044494196428	0.00015846246814729247	0.004522966235456237	6.13842094071013e-5	true	0.03551710295184592	0.013758395351403828
constraint	phase/eta_r/cells/0_2	20	10	0.00483788537394759	0.004651540504536707	0.005024230243358473	0.0001863448694108833	0.004975245422043711	0.00013736004809612127	true	0.038517834757798464	0.028392580121020725
constraint	phase/eta_r/cells/0_3	20	10	0.005127948228093956	0.005020524526710483	0.00523537192947743	0.00010742370138347359	0.005089411416342645	3.853681175131161e-5	true	0.020948671204389806	0.0075150547620945135
constraint	phase/eta_r/cells/1_0	20	10	0.0047616273639517915	0.004654730793686958	0.004868523934216625	0.00010689657026483317	0.00481724504852441	5.5617684572618203e-5	true	0.02244958752423606	0.011680394184911546
constraint	phase/eta_r/cells/1_2	20	10	0.0049827577924826385	0.004866609486544162	0.005098906098421115	0.00011614830593847675	0.005038502430709924	5.574463822728519e-5	true	0.023310044512640526	0.011187507109293116
constraint	phase/eta_r/cells/1_3	20	10	0.005107475011850975	0.004993071213282443	0.005221878810419508	0.00011440379856853238	0.00508127468712155	2.6200324729425302e-5	true	0.022399286986833803	0.005129799885194185
constraint	phase/eta_r/cells/2_0	20	10	0.005441250700275392	0.005237127204754158	0.005645374195796626	0.00020412349552123392	0.005465777073777537	2.4526373502144552e-5	true	0.03751407659104971	0.004507488232604909
constraint	phase/eta_r/cells/2_2	20	10	0.005434471701861671	0.005295537549568159	0.005573405854155183	0.00013893415229351228	0.005400278550961002	3.419315090066877e-5	true	0.025565346535141222	0.006291899705532613
constraint	phase/eta_r/cells/2_3	20	10	0.005422236425596517	0.005234113008760002	0.005610359842433032	0.00018812341683651507	0.005410691610144415	1.1544815452102161e-5	true	0.03469480156720002	0.002129161206915112
constraint	phase/eta_r/cells/4_0	20	10	0.005380442998504897	0.005228966060463866	0.005531919936545927	0.00015147693804103048	0.0053070695732340845	7.337342527081233e-5	true	0.028153246504632145	0.013637060236713064
constraint	phase/eta_r/cells/4_2	20	10	0.005453782576907361	0.0052559466629169636	0.005651618490897759	0.00019783591399039763	0.005471684171312506	1.790159440514475e-5	true	0.036274991017808976	0.0032824180562210977
constraint	phase/eta_r/cells/4_3	20	10	0.005401903551716042	0.00520482413005614	0.005598982973375945	0.00019707942165990248	0.005358868540913109	4.3035010802933496e-5	true	0.03648332847358882	0.00796663812875045
constraint	phase/rho_delta/cells/0_0	20	10	0.005453910712379485	0.0050895741084467355	0.005818247316312234	0.0003643366039327491	0.005284090888507792	0.00016981982387169296	true	0.06680281785797569	0.03113725780039445
constraint	phase/rho_delta/cells/0_1	20	10	0.00488387970051914	0.004686434879585815	0.0050813245214524645	0.00019744482093332454	0.004820342262578694	6.353743794044586e-5	true	0.04042786330554719	0.013009623872122001
constraint	phase/rho_delta/cells/0_3	20	10	0.004887937132964397	0.004661066222528472	0.005114808043400321	0.00022687091043592424	0.004864136621325212	2.380051163918505e-5	true	0.046414449340172546	0.004869234401292454
constraint	phase/rho_delta/cells/0_4	20	10	0.004921240441806865	0.004707523946072436	0.005134956937541294	0.00021371649573442928	0.004900532310529823	2.070813127704168e-5	true	0.04342736313366593	0.004207908864017738
constraint	phase/rho_delta/cells/1_0	20	10	0.00565634856608271	0.005299939744216696	0.006012757387948723	0.0003564088218660135	0.0055846301671971365	7.171839888557314e-5	true	0.06301040639594875	0.012679274985919324
constraint	phase/rho_delta/cells/1_1	20	10	0.005019939488064105	0.004842312299615804	0.005197566676512406	0.00017762718844830088	0.005056152153589901	3.621266552579581e-5	true	0.035384328610064825	0.007213765347550216
constraint	phase/rho_delta/cells/1_3	20	10	0.004973502093158366	0.00473473593898758	0.005212268247329152	0.000238766154170786	0.004952107580972402	2.139451218596388e-5	true	0.04800765128846267	0.004301699644480805
constraint	phase/rho_delta/cells/1_4	20	10	0.0049351321888881205	0.00475092420259307	0.005119340175183171	0.00018420798629505044	0.004885654579450062	4.9477609438058207e-5	true	0.03732584645043769	0.010025589496763906
constraint	phase/rho_delta/cells/2_0	20	10	0.005985023714320024	0.005688393187604844	0.006281654241035204	0.00029663052671518014	0.005842790448268362	0.0001422332660516619	true	0.049562130556884715	0.023764862570443704
constraint	phase/rho_delta/cells/2_1	20	10	0.005246570842156193	0.0050133014601429745	0.005479840224169411	0.0002332693820132183	0.005258282153324687	1.1711311168493936e-5	true	0.04446130416059552	0.0022321839389632483
constraint	phase/rho_delta/cells/2_3	20	10	0.005054788033284597	0.004828114149947493	0.0052814619166217	0.00022667388333710327	0.005065777617085882	1.0989583801285403e-5	true	0.04484340032549511	0.0021740938945256586
constraint	phase/rho_delta/cells/2_4	20	10	0.004985322551290818	0.0048153855442480634	0.005155259558333573	0.0001699370070427546	0.004987762024608841	2.43947331802271e-6	true	0.03408746481183126	0.0004893310899995974
constraint	phase/rho_delta/cells/4_0	20	10	0.008511180153397949	0.007975524572425839	0.00904683573437006	0.0005356555809721102	0.008112880323995032	0.0003982998294029174	true	0.06293552378376793	0.04679725046636485
constraint	phase/rho_delta/cells/4_1	20	10	0.007276188022227285	0.006954803444190504	0.007597572600264067	0.0003213845780367817	0.007270021281534661	6.16674069262458e-6	true	0.044169361354464275	0.0008475235485650497
constraint	phase/rho_delta/cells/4_3	20	10	0.006982120488548106	0.006514652847524408	0.007449588129571804	0.0004674676410236977	0.006934032303839317	4.808818470878901e-5	true	0.06695210169896468	0.006887332406775565
constraint	phase/rho_delta/cells/4_4	20	10	0.007192079557169141	0.006638183631039754	0.007745975483298528	0.0005538959261293872	0.006819071512296824	0.000373008044872317	true	0.07701471065865197	0.0518637261875807
constraint	phase/rho_delta/cells/5_0	20	10	0.012679142392926316	0.011556641840828316	0.013801642945024315	0.0011225005520979995	0.012810991098557541	0.0001318487056312257	true	0.08853126791321798	0.010398866228112084
constraint	phase/rho_delta/cells/5_1	20	10	0.011638299368416469	0.01027676462580424	0.012999834111028697	0.001361534742612228	0.011107464140426732	0.0005308352279897368	true	0.11698743085326574	0.045611064914715574
constraint	phase/rho_delta/cells/5_3	20	10	0.011181123995041077	0.009859779864415632	0.012502468125666522	0.0013213441306254448	0.010390251832270787	0.0007908721627702901	true	0.11817632388402742	0.0707327960159505
constraint	phase/rho_delta/cells/5_4	20	10	0.010771108975408599	0.009887103456230747	0.011655114494586451	0.000884005519177852	0.01028446489694065	0.00048664407846794877	true	0.08207191304034851	0.045180499016303756
constraint	phase/rho_eta/cells/0_0	20	10	0.004627244159592107	0.0045123659230311575	0.004742122396153056	0.00011487823656094933	0.004716271945667878	8.902778607577152e-5	true	0.024826491232975242	0.01923991538056625
constraint	phase/rho_eta/cells/0_1	20	10	0.0046038271108931935	0.004511124414496137	0.00469652980729025	9.27026963970564e-5	0.004618762570166746	1.4935459273552124e-5	true	0.0201360073182833	0.0032441399109478025
constraint	phase/rho_eta/cells/0_2	20	10	0.004864743008492071	0.004667916869403347	0.005061569147580795	0.00019682613908872382	0.004821539032934313	4.320397555775818e-5	true	0.04045971981359282	0.008881039652524247
constraint	phase/rho_eta/cells/0_4	20	10	0.004909021970277741	0.004649994559799855	0.005168049380755628	0.00025902741047788627	0.0048090826243758255	9.99393459019159e-5	true	0.05276558386705103	0.02035830079942819
constraint	phase/rho_eta/cells/1_0	20	10	0.004760312705402573	0.00461674818173983	0.004903877229065316	0.00014356452366274305	0.004863481331048885	0.0001031686256463115	true	0.030158632961193668	0.021672657245651823
constraint	phase/rho_eta/cells/1_1	20	10	0.004727484759968528	0.004599607423724182	0.004855362096212874	0.00012787733624434593	0.004742603687507983	1.5118927539454693e-5	true	0.027049761709902847	0.0031980912275971765
constraint	phase/rho_eta/cells/1_2	20	10	0.004941845956061845	0.004757131046757787	0.0051265608653659036	0.00018471490930405815	0.004895977008181604	4.5868947880241435e-5	true	0.037377714915917244	0.009281743762971192
constraint	phase/rho_eta/cells/1_4	20	10	0.004999125208159798	0.004780250851332912	0.005217999564986683	0.00021887435682688573	0.0049660605419600415	3.3064666199756135e-5	true	0.04378253148563455	0.0066140904304190055
constraint	phase/rho_eta/cells/3_0	20	10	0.004200290895770805	0.004027929124795903	0.0043726526667457076	0.0001723617709749022	0.004233620840528954	3.3329944758148794e-5	true	0.04103567473111209	0.00793515153717284
constraint	phase/rho_eta/cells/3_1	20	10	0.0056401700025735056	0.005366603041884064	0.005913736963262947	0.00027356696068944145	0.005626641639269433	1.352836330407222e-5	true	0.04850331826250235	0.002398573677371334
constraint	phase/rho_eta/cells/3_2	20	10	0.010573014826217865	0.009513502842118772	0.011632526810316958	0.001059511984099093	0.009819748471412506	0.0007532663548053594	true	0.10020907011988908	0.07124423517665819
constraint	phase/rho_eta/cells/3_4	20	10	0.010671179868234834	0.009680359590460746	0.011662000146008922	0.0009908202777740883	0.010486197830472029	0.00018498203776280524	true	0.09285011498339445	0.017334731496134355
constraint	phase/rho_eta/cells/4_0	20	10	0.005116288419515372	0.0047214942395334665	0.005511082599497278	0.00039479417998190564	0.005036360963047414	7.992745646795852e-5	true	0.07716417598273351	0.015622156124562159
constraint	phase/rho_eta/cells/4_1	20	10	0.009025986029687304	0.00792116935762295	0.010130802701751658	0.0011048166720643536	0.00785174656144129	0.0011742394682460137	true	0.12240398649305563	0.13009542274759026
constraint	phase/rho_eta/cells/4_2	20	10	0.03535024092667977	0.03268178712546911	0.038018694727890434	0.0026684538012106615	0.03448883174259589	0.0008614091840838806	true	0.0754861559994831	0.024367844786985653
constraint	phase/rho_eta/cells/4_4	20	10	0.042298194703767625	0.040110251121368255	0.044486138286166994	0.0021879435823993695	0.04133833443433961	0.0009598602694280145	true	0.05172664218230767	0.022692700625885503
constraint	phase/rho_r/cells/0_0	20	10	0.004874048330501495	0.004637712692977723	0.005110383968025266	0.00023633563752377146	0.004792980995110843	8.106733539065165e-5	true	0.04848857079335828	0.016632443893372425
constraint	phase/rho_r/cells/0_2	20	10	0.0048614101492934466	0.004674549515657694	0.0050482707829291994	0.00018686063363575287	0.004858140097335357	3.2700519580894025e-6	true	0.038437537236579604	0.0006726550234739336
constraint	phase/rho_r/cells/0_3	20	10	0.005067555028718475	0.004891004071970922	0.005244105985466028	0.00017655095674755285	0.004980675277880467	8.687975083800786e-5	true	0.03483947500264255	0.01714431325277167
constraint	phase/rho_r/cells/2_0	20	10	0.040561347188182065	0.037494351180356114	0.043628343196008015	0.0030669960078259506	0.04078640750941451	0.00022506032123244257	true	0.07561376089400573	0.005548640191566814
constraint	phase/rho_r/cells/2_2	20	10	0.04176409778573783	0.039570985830289444	0.043957209741186214	0.0021931119554483847	0.04023759243716145	0.0015265053485763805	true	0.05251189590398187	0.036550660244303715
constraint	phase/rho_r/cells/2_3	20	10	0.03753744940282435	0.034359135348076046	0.040715763457572655	0.0031783140547483046	0.03574500320038617	0.0017924462024381804	true	0.08467048521706873	0.04775087894766007
effective_size	oat/N=1500	20	10	1414.8197008689833	1405.2347805189404	1424.4046212190262	9.584920350042921	1413.8111156275745	1.0085852414088095	true	0.0067746585265640955	0.0007128719233901929
effective_size	oat/N=500	20	10	457.1994686488488	451.48050637791124	462.9184309197863	5.7189622709375385	455.62378192712106	1.5756867217277204	true	0.012508680921783786	0.0034463879111327747
effective_size	oat/delta=0.0	20	10	919.8584033626182	903.6461021753387	936.0707045498978	16.212301187279536	902.9193554694797	16.939047893138536	true	0.017624779126889673	0.018414842796691807
effective_size	oat/delta=0.25	20	10	934.6370047754926	926.2635653538033	943.010444197182	8.37343942168934	936.1070911807868	1.4700864052941824	true	0.008959028348872949	0.0015728955709894122
effective_size	oat/delta=0.75	20	10	938.3550911810395	931.6710940731323	945.0390882889467	6.683997107907203	938.0328243673542	0.32226681368524623	true	0.007123099955150817	0.0003434380190548467
effective_size	oat/delta=1.0	20	10	939.6211917579518	933.0386910452285	946.2036924706752	6.582500712723345	931.0646600399126	8.556531718039196	true	0.007005483454888924	0.009106363067472593
effective_size	oat/eta=0.0	20	10	570.9667519062857	539.3142305938583	602.6192732187131	31.65252131242744	538.3179788228392	32.648773083446486	true	0.05543671537221602	0.05718156613225216
effective_size	oat/eta=0.001	20	10	660.6964329551935	628.9289403110898	692.4639255992971	31.76749264410364	624.9695950786452	35.7268378765483	true	0.04808182859715548	0.054074513035809284
effective_size	oat/eta=0.01	20	10	910.6358464737957	899.7308532879681	921.5408396596233	10.904993185827607	905.2994202658613	5.336426207934437	true	0.011975141576135403	0.005860109975462071
effective_size	oat/eta=0.03	20	10	948.0055911358052	941.0946005216123	954.916581749998	6.910990614192883	943.4340196467969	4.571571489008306	true	0.007290031492232897	0.004822304353217061
effective_size	oat/k=12	20	10	928.2704389487278	920.318856518479	936.2220213789766	7.951582430248777	923.1377897011344	5.132649247593463	true	0.008566019229540473	0.0055292606898117115
effective_size	oat/k=4	20	10	935.1647437858928	925.4729576646995	944.8565299070862	9.691786121193331	930.6819539426406	4.482789843252249	true	0.010363720601738466	0.004793583026990792
effective_size	oat/n_strangers=0	20	10	941.3921075373831	935.199294564483	947.5849205102833	6.192812972900128	939.3856578552477	2.0064496821354396	true	0.006578356588414683	0.0021313644612808297
effective_size	oat/n_strangers=50	20	10	943.8716144465037	937.5778176056077	950.1654112873997	6.293796840895993	939.1722566609108	4.699357785592952	true	0.006668064538191184	0.004978810373854398
effective_size	oat/reservation_frac=0.4	20	10	932.2630175074055	921.8375525598136	942.6884824549974	10.425464947591877	926.1965094638421	6.066508043563431	true	0.011182965270323041	0.006507292394568511
effective_size	oat/reservation_frac=0.9	20	10	926.3965744747869	917.2685644775496	935.5245844720242	9.128009997237314	923.5080895785443	2.8884848962426304	true	0.009853242389645455	0.003117978817959505
effective_size	oat/reservation_frac=1.2	20	10	917.6474492658896	909.7016414049496	925.5932571268296	7.945807860940022	923.9651082843424	6.317659018452787	true	0.00865888949759148	0.006884625488260074
effective_size	oat/rho=0.0	20	10	953.5755981964443	947.916440300068	959.2347560928206	5.659157896376314	950.0661085799582	3.509489616486121	true	0.005934671469236236	0.0036803475499203554
effective_size	oat/rho=0.15	20	10	945.9844582038446	940.562907444592	951.4060089630972	5.421550759252568	948.7230557158948	2.7385975120502053	true	0.005731120328918036	0.0028949709356219477
effective_size	oat/rho=0.3	20	10	937.6464543622963	926.7233177741219	948.5695909504706	10.923136588174316	939.1538826220892	1.5074282597929596	true	0.011649525828584573	0.0016076723297782619
effective_size	oat/rho=0.5	50	20	933.8529729813966	927.9685647611091	939.7373812016842	5.8844082202875825	930.6663267443398	3.1866462370568343	true	0.006301214849165348	0.0034123639686911567
effective_size	oat/rho=0.7	20	10	924.3917267679828	911.4910488291854	937.2924047067803	12.900677938797458	918.2420194538487	6.149707314134162	true	0.013955856121628245	0.006652707002945412
effective_size	oat/rho=0.85	20	10	897.1784258900404	869.1776715989737	925.1791801811072	28.000754291066755	892.2162100620911	4.962215827949308	true	0.03120979448796796	0.005530913009891618
effective_size	oat/rho=1.0	20	10	932.9120477582444	922.4905864911497	943.3335090253391	10.421461267094742	928.3545529564115	4.557494801832945	true	0.011170893646552379	0.00488523522960653
effective_size	oat/roster_frac=0.1	20	10	928.3071426587612	919.8224247896284	936.7918605278941	8.48471786913285	918.2091451191906	10.097997539570656	true	0.009139989858132299	0.01087786259044503
effective_size	oat/roster_frac=0.4	20	10	950.0244761712356	944.4335996154886	955.6153527269827	5.590876555747059	952.0177383388278	1.9932621675922064	true	0.005884981593610374	0.0020981166460314797
effective_size	phase/eta_r/cells/0_0	20	10	582.6587261225043	553.8821430075807	611.4353092374279	28.776583114923596	550.2051637578547	32.45356236464954	true	0.049388401520092065	0.055699092641455034
effective_size	phase/eta_r/cells/0_2	20	10	503.32459850173774	464.92481572275443	541.724381280721	38.39978277898328	458.2072487831556	45.11734971858215	true	0.07629228313754012	0.08963867423305832
effective_size	phase/eta_r/cells/0_3	20	10	443.0087914966713	426.0838909508862	459.93369204245636	16.92490054578508	430.7476738876285	12.261117609042799	true	0.03820443492465601	0.027676917127580136
effective_size	phase/eta_r/cells/1_0	20	10	664.9571185603156	635.1569983219317	694.7572387986995	29.800120238383897	629.941596179942	35.01552238037357	true	0.044815100713416677	0.05265831645833783
effective_size	phase/eta_r/cells/1_2	20	10	603.3308674565137	569.9260783054513	636.7356566075762	33.40478915106246	566.832685708898	36.49818174761572	true	0.05536728013252227	0.06049447113734223
effective_size	phase/eta_r/cells/1_3	20	10	588.3961580358689	574.5710411175671	602.2212749541707	13.825116918301774	580.4566605670167	7.93949746885221	true	0.02349627326672481	0.013493455659797518
effective_size	phase/eta_r/cells/2_0	20	10	903.7544442785791	887.155835419828	920.3530531373301	16.59860885875105	888.8328734386718	14.921570839907304	true	0.01836628186321216	0.016510647260847975
effective_size	phase/eta_r/cells/2_2	20	10	899.787485962694	886.0921208107894	913.4828511145985	13.695365151904525	892.501165681136	7.286320281558005	true	0.015220666396856677	0.0080978235363679
effective_size	phase/eta_r/cells/2_3	20	10	879.6960693898936	865.3612977817712	894.0308409980161	14.334771608122423	880.9073138599473	1.211244470053657	true	0.016295141136715766	0.0013768897147553544
effective_size	phase/eta_r/cells/4_0	20	10	944.806086634967	938.9928626572135	950.6193106127204	5.81322397775341	944.6466591843488	0.15942745061818187	true	0.00615282231982423	0.00016874092247436788
effective_size	phase/eta_r/cells/4_2	20	10	941.0056205591111	933.811861498191	948.1993796200312	7.193759060920115	936.9097842928825	4.095836266228616	true	0.007644756740821428	0.004352616155252102
effective_size	phase/eta_r/cells/4_3	20	10	934.158053022897	927.3254098772368	940.9906961685572	6.8326431456601995	930.2331096761776	3.924943346719374	true	0.007314226027972512	0.004201583804815919
effective_size	phase/rho_delta/cells/0_0	20	10	957.0970533633132	954.0487117644724	960.145394962154	3.048341598840807	956.8283274176114	0.2687259457018172	true	0.0031849869228295067	0.000280771886986271
effective_size	phase/rho_delta/cells/0_1	20	10	950.6692232082593	945.4670234363685	955.87142298015	5.202199771890719	950.1514078374596	0.5178153707996671	true	0.005472144932108625	0.0005446851104027288
effective_size	phase/rho_delta/cells/0_3	20	10	943.4486513265905	930.4969752357603	956.4003274174207	12.951676090830233	943.9138783447437	0.46522701815320033	true	0.01372801378497789	0.0004931132367395311
effective_size	phase/rho_delta/cells/0_4	20	10	945.1081087452815	934.9047320894806	955.3114854010823	10.203376655800867	937.9580900907843	7.150018654497217	true	0.010795988904747408	0.00756529183099437
effective_size	phase/rho_delta/cells/1_0	20	10	949.3933017000766	944.8917435271908	953.8948598729623	4.50155817288578	945.9351045387548	3.4581971613217775	true	0.004741510357008891	0.0036425337688070804
effective_size	phase/rho_delta/cells/1_1	20	10	943.5493955974792	936.2311757257285	950.86761546923	7.3182198717507845	941.4306231380148	2.1187724594644806	true	0.007756053796332203	0.0022455342235928417
effective_size	phase/rho_delta/cells/1_3	20	10	951.3319705821629	946.0901821463349	956.5737590179908	5.241788435827971	951.307735561724	0.024235020438823085	true	0.005509946683091376	2.547483022565991e-5
effective_size	phase/rho_delta/cells/1_4	20	10	942.2231888497545	933.677618814797	950.7687588847119	8.54557003495745	943.996288515249	1.7730996654945557	true	0.009069581534487276	0.0018818255446027784
effective_size	phase/rho_delta/cells/2_0	20	10	941.1788841172462	933.4318286551976	948.9259395792948	7.747055462048593	938.2765014156932	2.9023827015529378	true	0.008231225320481704	0.003083773712449096
effective_size	phase/rho_delta/cells/2_1	20	10	939.396488967818	931.0751633561152	947.7178145795207	8.321325611702719	932.2603469385992	7.136142029218718	true	0.008858161286983256	0.007596517671744448
effective_size	phase/rho_delta/cells/2_3	20	10	940.5466648580962	930.3869226019239	950.7064071142685	10.159742256172308	937.3216308695979	3.2250339884982395	true	0.010801954475810243	0.003428893120348061
effective_size	phase/rho_delta/cells/2_4	20	10	936.6105213330904	928.1475286892968	945.0735139768841	8.462992643793655	930.4153218205198	6.195199512570639	true	0.009035765081677881	0.006614488489572942
effective_size	phase/rho_delta/cells/4_0	20	10	929.672538505995	916.1763701548862	943.1687068571039	13.49616835110885	919.1741318630417	10.498406642953341	true	0.014517120590436607	0.011292585515997407
effective_size	phase/rho_delta/cells/4_1	20	10	919.4596514365214	906.7058229923713	932.2134798806716	12.753828444150145	914.249296184561	5.210355251960436	true	0.013871003936088061	0.005666757909191575
effective_size	phase/rho_delta/cells/4_3	20	10	935.5120437710136	929.7559759069007	941.2681116351265	5.756067864112879	934.6465527512421	0.8654910197715253	true	0.006152852763830156	0.0009251521939608215
effective_size	phase/rho_delta/cells/4_4	20	10	934.6900886281353	926.6702550204201	942.7099222358505	8.019833607715213	926.9025109954862	7.787577632649118	true	0.008580206108193674	0.008331721634150536
effective_size	phase/rho_delta/cells/5_0	20	10	926.5669700939786	912.1247786040306	941.0091615839267	14.442191489948073	923.6928197660148	2.8741503279637755	true	0.015586775652582617	0.003101934798811423
effective_size	phase/rho_delta/cells/5_1	20	10	899.1805971300885	857.8097279845131	940.5514662756639	41.3708691455754	870.6685479691134	28.51204916097504	true	0.046009521644059775	0.03170892393805743
effective_size	phase/rho_delta/cells/5_3	20	10	919.1703129465413	898.2628915790883	940.0777343139944	20.907421367453026	903.8700906161257	15.300222330415636	true	0.022745971092594453	0.016645688089477594
effective_size	phase/rho_delta/cells/5_4	20	10	919.8930770092107	901.5931425776594	938.1930114407621	18.299934431551378	901.1389233099411	18.754153699269636	true	0.019893545118361777	0.02038731910043699
effective_size	phase/rho_eta/cells/0_0	20	10	639.8133455136807	611.2308376687398	668.3958533586216	28.582507844940892	607.0237714259179	32.789574087762844	true	0.04467319734006663	0.051248656061460236
effective_size	phase/rho_eta/cells/0_1	20	10	745.3630793862296	725.2108599852586	765.5152987872007	20.152219400971035	727.3432369076811	18.019842478548526	true	0.027036782419603358	0.024175925769474648
effective_size	phase/rho_eta/cells/0_2	20	10	937.0960322659815	926.3266094707736	947.8654550611894	10.769422795207902	934.9762262235032	2.1198060424783307	true	0.011492336350167314	0.0022621011822581845
effective_size	phase/rho_eta/cells/0_4	20	10	954.5361547213166	950.2220625748375	958.8502468677957	4.314092146479084	951.7100085158654	2.8261462054512094	true	0.0045195691385190246	0.0029607534418393216
effective_size	phase/rho_eta/cells/1_0	20	10	599.4047785907596	566.3600166845939	632.4495404969254	33.04476190616572	564.5533488916637	34.85142969909589	true	0.05512929340312592	0.05814339648915364
effective_size	phase/rho_eta/cells/1_1	20	10	705.813510817126	675.0855164680554	736.5415051661967	30.727994349070627	674.210355752157	31.603155064968973	true	0.043535571192873	0.044775503133089284
effective_size	phase/rho_eta/cells/1_2	20	10	923.7447268553191	906.7221805125256	940.7672731981125	17.022546342793476	924.4505799486349	0.7058530933157954	true	0.01842776023278953	0.0007641213776870081
effective_size	phase/rho_eta/cells/1_4	20	10	953.3381753739459	948.8484980359624	957.8278527119294	4.489677337983494	952.5677602597585	0.7704151141873581	true	0.004709427833646148	0.0008081236376432356
effective_size	phase/rho_eta/cells/3_0	20	10	556.7938931830947	528.5498802499858	585.0379061162037	28.244012933108934	527.2041476880923	29.589745495002376	true	0.05072615428959319	0.053143085542556694
effective_size	phase/rho_eta/cells/3_1	20	10	607.700879287905	580.5241274471289	634.8776311286811	27.17675184077609	584.3185775322596	23.382301755645358	true	0.04472060641515183	0.03847666270130199
effective_size	phase/rho_eta/cells/3_2	20	10	856.6339773046772	824.4590891538217	888.8088654555327	32.17488815085551	820.5765124260568	36.05746487862041	true	0.03755966842698785	0.04209203210929366
effective_size	phase/rho_eta/cells/3_4	20	10	930.5852589299635	915.5995964540882	945.5709214058388	14.985662475875301	928.9485056899678	1.6367532399957554	true	0.0161034814726236	0.0017588428618327582
effective_size	phase/rho_eta/cells/4_0	20	10	574.0553952913992	549.8496420607372	598.2611485220613	24.205753230662026	551.213632966192	22.84176232520724	true	0.04216623243890046	0.03979017097054269
effective_size	phase/rho_eta/cells/4_1	20	10	617.6009288993896	591.2112506048214	643.9906071939578	26.38967829456817	585.1274286277705	32.47350027161906	true	0.042729337116763286	0.05258007032063444
effective_size	phase/rho_eta/cells/4_2	20	10	866.0848997143723	829.3817959970236	902.7880034317211	36.70310371734877	846.2394569578231	19.845442756549232	true	0.04237818224224109	0.022913969246079795
effective_size	phase/rho_eta/cells/4_4	20	10	943.3087785684107	934.5721321406188	952.0454249962027	8.736646427791925	937.311263608176	5.997514960234753	true	0.009261703724469607	0.006357955206710504
effective_size	phase/rho_r/cells/0_0	20	10	953.9055309373764	949.0086778442101	958.8023840305427	4.896853093166328	950.3469574489375	3.558573488438924	true	0.005133478037761588	0.003730530302033172
effective_size	phase/rho_r/cells/0_2	20	10	952.1633815347619	948.6462874068533	955.6804756626706	3.517094127908649	954.4528261522779	2.289444617515983	true	0.003693792678982841	0.0024044661472127815
effective_size	phase/rho_r/cells/0_3	20	10	860.438324471296	831.0522746526681	889.824374289924	29.386049818627953	852.7637790731729	7.674545398123087	true	0.03415241857884988	0.008919343989981825
effective_size	phase/rho_r/cells/2_0	20	10	920.5830078368463	898.9934022410446	942.172613432648	21.589605595801686	914.8860687448666	5.69693909197963	true	0.023452100909978978	0.006188403482882111
effective_size	phase/rho_r/cells/2_2	20	10	932.2866960777322	917.0141164708535	947.559275684611	15.272579606878708	916.1369010990122	16.149794978720024	true	0.0163818487071978	0.017322777474638
effective_size	phase/rho_r/cells/2_3	20	10	914.4900151666436	907.694244852996	921.2857854802912	6.795770313647608	915.6045848915179	1.1145697248742863	true	0.007431213245569711	0.0012187882933540647
access_fraction	oat/N=1500	20	10	0.11303911136521276	0.10803053051335332	0.1180476922170722	0.005008580851859443	0.11557520331073139	0.002536091945518626	true	0.04430838840972001	0.022435526207605132
access_fraction	oat/N=500	20	10	0.10374217130261636	0.09600638418977037	0.11147795841546235	0.00773578711284599	0.10418178988534318	0.00043961858272682786	true	0.07456743015606128	0.004237607302862966
access_fraction	oat/delta=0.0	20	10	0.10028741358277551	0.09528032079381717	0.10529450637173386	0.005007092788958348	0.1004996977562139	0.0002122841734383818	true	0.049927429675166356	0.0021167578847086934
access_fraction	oat/delta=0.25	20	10	0.11680285257176255	0.11130200778822275	0.12230369735530236	0.005500844783539807	0.11656191121835484	0.00024094135340771428	true	0.04709512364143796	0.0020628036739058424
access_fraction	oat/delta=0.75	20	10	0.10739731337882194	0.09952999167480991	0.11526463508283397	0.007867321704012026	0.10735894792657127	3.836545225066601e-5	true	0.07325436229732923	0.0003572291619189743
access_fraction	oat/delta=1.0	20	10	0.10557089965781415	0.100953895634236	0.1101879036813923	0.004617004023578147	0.10590453272624219	0.00033363306842804086	true	0.043733680763763445	0.0031602749385431237
access_fraction	oat/eta=0.0	20	10	0.0074714124429561156	0.005348015027303308	0.009594809858608923	0.0021233974156528073	0.008669285560745985	0.0011978731177898693	true	0.284202944471992	0.16032753203434752
access_fraction	oat/eta=0.001	20	10	0.019245527712836705	0.01558024317123309	0.02291081225444032	0.003665284541603614	0.02244659456726782	0.003201066854431115	true	0.19044863805729167	0.16632782962329548
access_fraction	oat/eta=0.01	20	10	0.06524476519378417	0.05912505762957046	0.07136447275799787	0.0061197075642137055	0.0703107256214528	0.005065960427668631	true	0.0937961466492752	0.0776454695272819
access_fraction	oat/eta=0.03	20	10	0.1496445526311101	0.14156522035891625	0.15772388490330394	0.008079332272193845	0.1592175368553907	0.0095729842242806	true	0.053990152866508066	0.06397148480158202
access_fraction	oat/k=12	20	10	0.11204276226297498	0.10573815865615926	0.1183473658697907	0.006304603606815715	0.11546607461830767	0.0034233123553326916	true	0.05626961955845227	0.030553623332650912
access_fraction	oat/k=4	20	10	0.11445194133356788	0.10767796029443934	0.12122592237269643	0.006773981039128546	0.11614511767086903	0.00169317633730115	true	0.05918624848298479	0.014793775601991944
access_fraction	oat/n_strangers=0	20	10	0.10600321776458457	0.10138084929213906	0.11062558623703009	0.004622368472445515	0.10674566559935109	0.0007424478347665131	true	0.043605926026802536	0.007004012240603541
access_fraction	oat/n_strangers=50	20	10	0.1054686222418961	0.10048422055113382	0.11045302393265838	0.00498440169076228	0.10772563547462784	0.002257013232731739	true	0.047259569574450065	0.021399855092021563
access_fraction	oat/reservation_frac=0.4	20	10	0.10994574028984774	0.10272175600169713	0.11716972457799836	0.007223984288150617	0.11441138930065091	0.004465649010803166	true	0.06570499474655564	0.04061684426363828
access_fraction	oat/reservation_frac=0.9	20	10	0.10986189870040934	0.10327762020524227	0.11644617719557641	0.006584278495167073	0.1158534773119966	0.005991578611587264	true	0.05993232024072546	0.05453736629772028
access_fraction	oat/reservation_frac=1.2	20	10	0.11345568167734128	0.10519173560936639	0.12171962774531618	0.008263946067974898	0.11154541207109558	0.0019102696062456986	true	0.07283853876509144	0.01683714361417659
access_fraction	oat/rho=0.0	20	10	0.0958093022192192	0.09228371112773964	0.09933489331069875	0.0035255910914795546	0.09675854901830064	0.0009492467990814407	true	0.036798004054060696	0.00990766843191791
access_fraction	oat/rho=0.15	20	10	0.10263037727277831	0.0960142375623497	0.10924651698320692	0.006616139710428612	0.09641108514773525	0.0062192921250430605	true	0.06446570582941312	0.060598940492179856
access_fraction	oat/rho=0.3	20	10	0.10643503298559438	0.0997097142436352	0.11316035172755357	0.0067253187419591826	0.10752224314592303	0.0010872101603286444	true	0.06318707810114957	0.010214777313742126
access_fraction	oat/rho=0.5	50	20	0.11165150479792864	0.10765126123238573	0.11565174836347154	0.004000243565542905	0.11116283242193652	0.0004886723759921219	true	0.03582794135003111	0.004376764799332895
access_fraction	oat/rho=0.7	20	10	0.1230951576608548	0.11516634745560038	0.1310239678661092	0.007928810205254412	0.12309800812193136	2.8504610765645033e-6	true	0.06441203988786827	2.3156565463102466e-5
access_fraction	oat/rho=0.85	20	10	0.13650110627499168	0.1260677338657111	0.14693447868427226	0.010433372409280578	0.14316629752240706	0.006665191247415381	true	0.07643434323720256	0.04882884417059489
access_fraction	oat/rho=1.0	20	10	0.1106265855740562	0.0963271483064891	0.12492602284162331	0.014299437267567106	0.10498092912194903	0.00564565645210717	true	0.12925859722927727	0.051033451161952625
access_fraction	oat/roster_frac=0.1	20	10	0.10951378037416241	0.10132604620621284	0.11770151454211199	0.008187734167949573	0.1121341439503479	0.0026203635761854888	true	0.07476441905279443	0.023927249769232797
access_fraction	oat/roster_frac=0.4	20	10	0.10992634063670739	0.10332172752315665	0.11653095375025814	0.006604613113550747	0.1077072753402725	0.0022190652964348967	true	0.060082170254153695	0.020186838601028538
access_fraction	phase/eta_r/cells/0_0	20	10	0.007431614294820343	0.005003514885003721	0.009859713704636966	0.0024280994098166224	0.007665862033345327	0.00023424773852498415	true	0.32672570366157855	0.031520438121802045
access_fraction	phase/eta_r/cells/0_2	20	10	0.006520121362353003	0.004213867561904234	0.008826375162801773	0.0023062538004487696	0.008610931933521773	0.0020908105711687696	true	0.3537133240747656	0.3206704990555929
access_fraction	phase/eta_r/cells/0_3	20	10	0.007463806313240999	0.005769783676548623	0.009157828949933375	0.0016940226366923758	0.009821181459945375	0.002357375146704376	true	0.22696497813550343	0.31584087900597413
access_fraction	phase/eta_r/cells/1_0	20	10	0.017553382521713533	0.014638729725994984	0.020468035317432083	0.0029146527957185494	0.019387123105462457	0.0018337405837489246	true	0.16604507946620112	0.10446650846243381
access_fraction	phase/eta_r/cells/1_2	20	10	0.018039561902317446	0.015676085692391314	0.020403038112243577	0.002363476209926132	0.01837742092808476	0.00033785902576731475	true	0.13101627537986435	0.018728782195309955
access_fraction	phase/eta_r/cells/1_3	20	10	0.019754318145264165	0.017153450682196945	0.022355185608331385	0.0026008674630672197	0.0226673799479866	0.002913061802722435	true	0.13166070546913528	0.14746455844748066
access_fraction	phase/eta_r/cells/2_0	20	10	0.069591899475677	0.06469257680941275	0.07449122214194125	0.00489932266626425	0.07069023829029676	0.0010983388146197648	true	0.07040076076636775	0.015782566978267985
access_fraction	phase/eta_r/cells/2_2	20	10	0.06764293172151366	0.062053508792707594	0.07323235465031973	0.005589422928806067	0.0712761612131001	0.00363322949158644	true	0.0826312932712283	0.05371188680207515
access_fraction	phase/eta_r/cells/2_3	20	10	0.06859836284243925	0.06184564366084727	0.07535108202403124	0.006752719181591982	0.07113903297924669	0.0025406701368074353	true	0.09843848893452492	0.037036891720623064
access_fraction	phase/eta_r/cells/4_0	20	10	0.14873786842743594	0.14131979558823207	0.15615594126663981	0.007418072839203871	0.15412426567475865	0.005386397247322705	true	0.04987346475805448	0.03621402743142404
access_fraction	phase/eta_r/cells/4_2	20	10	0.14763435032357103	0.14152712102373913	0.15374157962340293	0.006107229299831901	0.14697085185748193	0.0006634984660890964	true	0.04136726504669579	0.0044942011438049686
access_fraction	phase/eta_r/cells/4_3	20	10	0.150459458205151	0.14269354182094654	0.15822537458935546	0.007765916384204458	0.1577343581687171	0.007274899963566089	true	0.05161467731470663	0.048351230626171644
access_fraction	phase/rho_delta/cells/0_0	20	10	0.09350229267667204	0.09017170592932316	0.09683287942402091	0.0033305867473488737	0.09155506127118192	0.0019472314054901213	true	0.03562037520155722	0.020825493683064925
access_fraction	phase/rho_delta/cells/0_1	20	10	0.10122847046575263	0.09697482962924349	0.10548211130226177	0.004253640836509143	0.10291586181586114	0.001687391350108508	true	0.04202020258666483	0.016669138063084555
access_fraction	phase/rho_delta/cells/0_3	20	10	0.10108580616293142	0.09454336850592583	0.107628243819937	0.006542437657005587	0.10105384291924013	3.196324369128534e-5	true	0.06472162517515467	0.0003161991273014786
access_fraction	phase/rho_delta/cells/0_4	20	10	0.09659996456994285	0.0911868479786937	0.10201308116119201	0.005413116591249156	0.09744356499984143	0.000843600429898575	true	0.05603642418864252	0.008732926907936587
access_fraction	phase/rho_delta/cells/1_0	20	10	0.09740425584811986	0.09438942770355087	0.10041908399268885	0.003014828144568993	0.0976800677925095	0.00027581194438963674	true	0.030951708611890047	0.002831621082550066
access_fraction	phase/rho_delta/cells/1_1	20	10	0.10821895957804831	0.10259299598203943	0.11384492317405719	0.005625963596008879	0.10808921989127578	0.00012973968677253145	true	0.051986857182371934	0.001198862817369467
access_fraction	phase/rho_delta/cells/1_3	20	10	0.09616988600396528	0.0917664969418178	0.10057327506611277	0.004403389062147489	0.09495915713685421	0.0012107288671110716	true	0.045787608212054326	0.012589480110864963
access_fraction	phase/rho_delta/cells/1_4	20	10	0.1019560540704085	0.0969754165603942	0.10693669158042281	0.004980637510014305	0.09888173590460354	0.0030743181658049595	true	0.04885082651957863	0.03015336552434548
access_fraction	phase/rho_delta/cells/2_0	20	10	0.09781395291033933	0.09494665294463	0.10068125287604865	0.0028672999657093218	0.09724095592370431	0.000572996986635016	true	0.029313813422279518	0.0058580291419185445
access_fraction	phase/rho_delta/cells/2_1	20	10	0.10787527202112399	0.10112103920784674	0.11462950483440124	0.00675423281327725	0.11166388943201708	0.0037886174108930915	true	0.06261150203129634	0.03512035093780537
access_fraction	phase/rho_delta/cells/2_3	20	10	0.10173297341057741	0.09564006173821349	0.10782588508294133	0.006092911672363921	0.10494409498117545	0.0032111215705980384	true	0.05989121784314649	0.0315642162314325
access_fraction	phase/rho_delta/cells/2_4	20	10	0.10612855252028067	0.10094098897922389	0.11131611606133744	0.005187563541056775	0.10993310734979475	0.003804554829514084	true	0.048879998999943546	0.03584855101822906
access_fraction	phase/rho_delta/cells/4_0	20	10	0.10728790611746693	0.10105322800618786	0.11352258422874599	0.006234678111279063	0.10983135753306297	0.002543451415596046	true	0.05811165803210722	0.02370678585908166
access_fraction	phase/rho_delta/cells/4_1	20	10	0.12077261547274924	0.11578003543133103	0.12576519551416745	0.0049925800414182125	0.12349670479557384	0.0027240893228245994	true	0.04133867617154257	0.0225555214827591
access_fraction	phase/rho_delta/cells/4_3	20	10	0.11561896179622458	0.11077873375249159	0.12045918983995757	0.004840228043732991	0.11813749009296419	0.002518528296739611	true	0.04186361794412034	0.02178300390880911
access_fraction	phase/rho_delta/cells/4_4	20	10	0.11840156005726607	0.11105927185804068	0.12574384825649146	0.0073422881992253886	0.11974813194502891	0.0013465718877628402	true	0.06201175217348673	0.011372923524922793
access_fraction	phase/rho_delta/cells/5_0	20	10	0.10669211738550236	0.10105596049679852	0.11232827427420619	0.005636156888703836	0.11155570544945417	0.004863588063951818	true	0.05282636643473058	0.045585261433875125
access_fraction	phase/rho_delta/cells/5_1	20	10	0.12303104731168665	0.11575300316725598	0.13030909145611733	0.007278044144430673	0.12507789249854667	0.002046845186860019	true	0.059156158575099246	0.01663681836077153
access_fraction	phase/rho_delta/cells/5_3	20	10	0.13127258180726703	0.12415781446973476	0.1383873491447993	0.007114767337532274	0.13289022374000642	0.0016176419327393887	true	0.05419842620280065	0.012322770760419665
access_fraction	phase/rho_delta/cells/5_4	20	10	0.13707940573455926	0.1231291502603001	0.15102966120881842	0.013950255474259161	0.1467342365558391	0.009654830821279825	true	0.10176769733939797	0.07043239478273966
access_fraction	phase/rho_eta/cells/0_0	20	10	0.003969106017858802	0.0020670217156602334	0.005871190320057371	0.001902084302198569	0.005324269539182356	0.0013551635213235541	true	0.47922234720872453	0.34142789717031014
access_fraction	phase/rho_eta/cells/0_1	20	10	0.013407584854642884	0.010927342684819282	0.015887827024466485	0.002480242169823601	0.013043558616245354	0.0003640262383975308	true	0.18498798976198336	0.027150768937440135
access_fraction	phase/rho_eta/cells/0_2	20	10	0.059183732898300055	0.05336740924673375	0.06500005654986636	0.005816323651566306	0.05946538035810802	0.00028164745980796546	true	0.098275714740078	0.004758866094031985
access_fraction	phase/rho_eta/cells/0_4	20	10	0.13400555940006145	0.12662991254243214	0.14138120625769077	0.007375646857629314	0.1378402783576625	0.003834718957601041	true	0.055039857231668946	0.028616118426496286
access_fraction	phase/rho_eta/cells/1_0	20	10	0.004727596951163603	0.002542380161122919	0.0069128137412042875	0.002185216790040684	0.00498302258485831	0.00025542563369470705	true	0.46222569576343364	0.054028639990521855
access_fraction	phase/rho_eta/cells/1_1	20	10	0.014149700888446309	0.011188716597660098	0.01711068517923252	0.002960984290786212	0.015820393574371493	0.0016706926859251844	true	0.2092612638337784	0.1180726503759072
access_fraction	phase/rho_eta/cells/1_2	20	10	0.058566792081844385	0.05359751014840074	0.06353607401528803	0.004969281933443648	0.05764552880919993	0.0009212632726444542	true	0.08484811540470419	0.015730130333193447
access_fraction	phase/rho_eta/cells/1_4	20	10	0.13420000297007034	0.12748532139459834	0.14091468454554235	0.0067146815754720035	0.13298402016519098	0.001215982804879362	true	0.05003488395577406	0.009060974500503952
access_fraction	phase/rho_eta/cells/3_0	20	10	0.01249240561762458	0.008058757146185282	0.016926054089063877	0.004433648471439297	0.013132470875280435	0.0006400652576558554	true	0.3549075019773775	0.05123634928670874
access_fraction	phase/rho_eta/cells/3_1	20	10	0.028470887586805965	0.024018602403254076	0.032923172770357854	0.004452285183551889	0.03150134505144177	0.0030304574646358023	true	0.15638027335737772	0.10644056864739906
access_fraction	phase/rho_eta/cells/3_2	20	10	0.08347588825659799	0.07862671371447345	0.08832506279872253	0.0048491745421245375	0.08792701668300507	0.004451128426407075	true	0.05809072108605272	0.053322324797846696
access_fraction	phase/rho_eta/cells/3_4	20	10	0.17666231959538098	0.16575724920596457	0.18756738998479738	0.010905070389416405	0.18224438454818515	0.005582064952804167	true	0.061728332416289236	0.03159737155941948
access_fraction	phase/rho_eta/cells/4_0	20	10	0.00983107531541705	0.005169782455873445	0.014492368174960656	0.004661292859543606	0.009480165440815709	0.00035090987460134095	true	0.4741386582842862	0.03569394632253967
access_fraction	phase/rho_eta/cells/4_1	20	10	0.031148256218377506	0.018771828297376957	0.04352468413937806	0.01237642792100055	0.042178314801902345	0.011030058583524838	true	0.397339351334167	0.3541148020034936
access_fraction	phase/rho_eta/cells/4_2	20	10	0.07803234076987467	0.06519614692180609	0.09086853461794325	0.012836193848068583	0.0758545511982586	0.0021777895716160733	true	0.16449838261194583	0.027908807426892356
access_fraction	phase/rho_eta/cells/4_4	20	10	0.16001407194930398	0.143924436982372	0.17610370691623595	0.01608963496693197	0.16344963729729012	0.0034355653479861414	true	0.1005513750817461	0.021470395110466316
access_fraction	phase/rho_r/cells/0_0	20	10	0.09814435829073322	0.09327035726299236	0.10301835931847407	0.004874001027740854	0.10065826842170163	0.002513910130968411	true	0.04966155072615169	0.02561441304166919
access_fraction	phase/rho_r/cells/0_2	20	10	0.09398558760487778	0.09016799287539104	0.09780318233436452	0.0038175947294867424	0.09413866615950553	0.00015307855462774744	true	0.04061893771985751	0.0016287449866388107
access_fraction	phase/rho_r/cells/0_3	20	10	0.10540307256938089	0.0984313519235909	0.11237479321517088	0.006971720645789992	0.10770447400555092	0.0023014014361700252	true	0.06614342898970903	0.021834291734286422
access_fraction	phase/rho_r/cells/2_0	20	10	0.11793968292893894	0.10523531808858344	0.13064404776929445	0.012704364840355503	0.11904165237589104	0.0011019694469520946	true	0.1077191707222932	0.009343500165385842
access_fraction	phase/rho_r/cells/2_2	20	10	0.12042711765263081	0.10048381375521168	0.14037042155004995	0.019943303897419135	0.12253086669635574	0.0021037490437249284	true	0.16560475984275508	0.01746906415042784
access_fraction	phase/rho_r/cells/2_3	20	10	0.12586093780263582	0.11208516399727175	0.1396367116079999	0.013775773805364072	0.13348083726052576	0.007619899457889934	true	0.10945233720541668	0.06054221103801719
outsourcing_rate	oat/N=1500	20	10	0.9733800316986247	0.9666507390867495	0.9801093243105	0.0067292926118752705	0.973133644854372	0.0002463868442527106	true	0.0069133251070829195	0.0002531250243779361
outsourcing_rate	oat/N=500	20	10	0.9600227236566283	0.9486807500648406	0.971364697248416	0.01134197359178768	0.9530236963381515	0.0069990273184767915	true	0.011814276175242252	0.007290480887596298
outsourcing_rate	oat/delta=0.0	20	10	0.9484612619791862	0.928822553240296	0.9680999707180765	0.019638708738890287	0.9333704954334034	0.015090766545782786	true	0.020705862775997334	0.01591078850631429
outsourcing_rate	oat/delta=0.25	20	10	0.9685431195508422	0.9581960696084109	0.9788901694932735	0.010347049942431297	0.9680700977039617	0.00047302184688047255	true	0.010683107167422446	0.0004883849126922036
outsourcing_rate	oat/delta=0.75	20	10	0.9704705758505858	0.961735508640555	0.9792056430606166	0.008735067210030811	0.9718343147114957	0.0013637388609099022	true	0.009000857344257769	0.0014052346303386164
outsourcing_rate	oat/delta=1.0	20	10	0.974229513808387	0.9660100044966369	0.982449023120137	0.008219509311750084	0.9671076572189214	0.007121856589465514	true	0.00843693318181152	0.007310245161456125
outsourcing_rate	oat/eta=0.0	20	10	0.5332622028790291	0.4914058865413104	0.5751185192167478	0.04185631633771872	0.4893144323778883	0.04394777050114085	true	0.07849106145483528	0.08241306108678104
outsourcing_rate	oat/eta=0.001	20	10	0.6388696967140397	0.5988970576092096	0.6788423358188698	0.039972639104830066	0.5919935832586244	0.046876113455415314	true	0.06256774943376592	0.07337351215203626
outsourcing_rate	oat/eta=0.01	20	10	0.9330815579867332	0.9142048016852224	0.951958314288244	0.018876756301510755	0.9207595502160324	0.012322007770700805	true	0.02023055341725996	0.0132057135469352
outsourcing_rate	oat/eta=0.03	20	10	0.9808273297637797	0.9736025250978959	0.9880521344296636	0.007224804665883822	0.9741579086700778	0.006669421093701944	true	0.00736603115211301	0.006799791248994043
outsourcing_rate	oat/k=12	20	10	0.956215969687449	0.942212498771913	0.970219440602985	0.014003470915535998	0.9464874211306025	0.009728548556846572	true	0.014644673755148855	0.010174007614646374
outsourcing_rate	oat/k=4	20	10	0.9666683313155842	0.9532172506800735	0.9801194119510949	0.013451080635510704	0.9606440732554795	0.006024258060104648	true	0.013914887040112817	0.006231980364874427
outsourcing_rate	oat/n_strangers=0	20	10	0.9764500755891607	0.970092506875969	0.9828076443023525	0.006357568713191708	0.9746147366881905	0.001835338900970207	true	0.00651089991401326	0.0018796034194199006
outsourcing_rate	oat/n_strangers=50	20	10	0.9782890003822275	0.9703383888545172	0.9862396119099379	0.007950611527710372	0.9721679081565089	0.006121092225718661	true	0.008127058082636099	0.006256936573269338
outsourcing_rate	oat/reservation_frac=0.4	20	10	0.965580037225747	0.9530670967159454	0.9780929777355487	0.012512940509801673	0.9572854197446723	0.00829461748107474	true	0.012958988408411162	0.008590295119300925
outsourcing_rate	oat/reservation_frac=0.9	20	10	0.956027746069403	0.9458756593691776	0.9661798327696284	0.010152086700225382	0.9526625692247268	0.0033651768446761876	true	0.010619029355543819	0.0035199573009378872
outsourcing_rate	oat/reservation_frac=1.2	20	10	0.9443227548579388	0.934997815716041	0.9536476939998366	0.009324939141897803	0.9504093519634903	0.006086597105551483	true	0.009874737311927445	0.006445462713081751
outsourcing_rate	oat/rho=0.0	20	10	0.9905790701229465	0.9839135292228818	0.9972446110230113	0.00666554090006477	0.9863211116387346	0.0042579584842119544	true	0.006728933712719643	0.004298453917145124
outsourcing_rate	oat/rho=0.15	20	10	0.9820014678096991	0.9766178808189093	0.9873850548004889	0.005383586990789779	0.9858110533832001	0.003809585573500973	true	0.00548225961698161	0.003879409245688855
outsourcing_rate	oat/rho=0.3	20	10	0.9705645330207571	0.9576000029872149	0.9835290630542992	0.012964530033542143	0.969000253484855	0.0015642795359021022	true	0.013357720782554988	0.001611721305159878
outsourcing_rate	oat/rho=0.5	50	20	0.967972945020486	0.9611104330975863	0.9748354569433858	0.006862511922899772	0.963946352090548	0.004026592929938011	true	0.0070895699701137155	0.004159819704312906
outsourcing_rate	oat/rho=0.7	20	10	0.9545840116113705	0.9405335127038347	0.9686345105189064	0.014050498907535847	0.9446254958151797	0.009958515796190781	true	0.014718975738780836	0.010432309440612216
outsourcing_rate	oat/rho=0.85	20	10	0.922384843567236	0.8888612240006285	0.9559084631338436	0.03352361956660754	0.9127722533084934	0.009612590258742615	true	0.03634450392415179	0.010421452960530913
outsourcing_rate	oat/rho=1.0	20	10	0.9720835178567571	0.9616646353717235	0.9825024003417906	0.010418882485033532	0.9652705422739289	0.006812975582828118	true	0.010718093963783083	0.007008631930977823
outsourcing_rate	oat/roster_frac=0.1	20	10	0.9688216218820127	0.9606971073371801	0.9769461364268454	0.00812451454483265	0.9591807265904588	0.009640895291553875	true	0.008385975665004397	0.009951156202341637
outsourcing_rate	oat/roster_frac=0.4	20	10	0.9729123469875567	0.9655489278140752	0.9802757661610382	0.007363419173481489	0.972680584880564	0.0002317621069927167	true	0.007568430184158888	0.00023821478647107855
outsourcing_rate	phase/eta_r/cells/0_0	20	10	0.5478703955597657	0.5107730179705531	0.5849677731489783	0.03709737758921261	0.504332921239924	0.043537474319841674	true	0.06771195868561172	0.07946674007701934
outsourcing_rate	phase/eta_r/cells/0_2	20	10	0.4372185360420892	0.385990265041913	0.4884468070422654	0.051228271000176184	0.3743111412332432	0.062907394808846	true	0.11716857081110726	0.14388089621797315
outsourcing_rate	phase/eta_r/cells/0_3	20	10	0.344360569811053	0.32125801009182786	0.36746312953027815	0.023102559719225146	0.3252216474197845	0.01913892239126852	true	0.0670882840387367	0.05557814706187135
outsourcing_rate	phase/eta_r/cells/1_0	20	10	0.6410259329882738	0.6038554944701252	0.6781963715064224	0.03717043851814861	0.5983963676628377	0.04262956532543616	true	0.0579858576779741	0.06650209161852423
outsourcing_rate	phase/eta_r/cells/1_2	20	10	0.5610017217184111	0.5161154241097129	0.6058880193271093	0.04488629760869822	0.5084502433551453	0.05255147836326579	true	0.0800109801289138	0.09367436200069891
outsourcing_rate	phase/eta_r/cells/1_3	20	10	0.5365821792118608	0.517800894417155	0.5553634640065666	0.018781284794705755	0.5253396279275151	0.011242551284345703	true	0.03500169316523326	0.020952151822967575
outsourcing_rate	phase/eta_r/cells/2_0	20	10	0.9312326628540856	0.911136730244582	0.9513285954635892	0.020095932609503597	0.9104230721800664	0.020809590674019218	true	0.021579926704796457	0.022346285202498168
outsourcing_rate	phase/eta_r/cells/2_2	20	10	0.922018326292989	0.9047499333551248	0.9392867192308532	0.017268392937864196	0.908198621794521	0.013819704498467922	true	0.018728904236960723	0.014988535590209566
outsourcing_rate	phase/eta_r/cells/2_3	20	10	0.8941526135909195	0.8752072159243718	0.9130980112574671	0.01894539766654768	0.9017322947119546	0.007579681121035131	true	0.021188102991124648	0.008476943427582356
outsourcing_rate	phase/eta_r/cells/4_0	20	10	0.9785384395222833	0.9716453434695814	0.9854315355749851	0.00689309605270183	0.9789778334267	0.00043939390441671833	true	0.00704427723459387	0.0004490308062207836
outsourcing_rate	phase/eta_r/cells/4_2	20	10	0.974986261268719	0.9694839528137984	0.9804885697236396	0.0055023084549206125	0.9712793090764633	0.003706952192255697	true	0.0056434728093097755	0.00380205582326048
outsourcing_rate	phase/eta_r/cells/4_3	20	10	0.958949227332987	0.9490309416875072	0.9688675129784668	0.009918285645479807	0.9549357891743531	0.004013438158633975	true	0.01034286838424634	0.004185245729636885
outsourcing_rate	phase/rho_delta/cells/0_0	20	10	0.9964503153564829	0.9951182441486632	0.9977823865643025	0.0013320712078196406	0.9956099334629235	0.0008403818935593943	true	0.0013368164847668178	0.0008433756110145295
outsourcing_rate	phase/rho_delta/cells/0_1	20	10	0.9897734841121053	0.9841966882282441	0.9953502799959665	0.005576795883861174	0.9873071011718254	0.0024663829402798987	true	0.005634416331999379	0.0024918660480103823
outsourcing_rate	phase/rho_delta/cells/0_3	20	10	0.9762274714805687	0.9600180611142416	0.9924368818468957	0.01620941036632706	0.9749734953974041	0.0012539760831645763	true	0.016604132581665113	0.0012845121857334827
outsourcing_rate	phase/rho_delta/cells/0_4	20	10	0.9795409298545608	0.9670038111039897	0.9920780486051318	0.012537118750571064	0.9714256636767878	0.008115266177772917	true	0.012798973854448876	0.008284764761159953
outsourcing_rate	phase/rho_delta/cells/1_0	20	10	0.9844979482816825	0.9788138348801826	0.9901820616831823	0.0056841134014998795	0.9786722118997316	0.00582573638195083	true	0.005773616299983952	0.005917469297035023
outsourcing_rate	phase/rho_delta/cells/1_1	20	10	0.9767666902437009	0.9677640065824056	0.9857693739049962	0.009002683661295308	0.9723384292066568	0.004428261037044079	true	0.009216820916619465	0.00453359136964349
outsourcing_rate	phase/rho_delta/cells/1_3	20	10	0.98546329471449	0.9794096812800979	0.9915169081488822	0.006053613434392147	0.9856207910939541	0.00015749637946405048	true	0.006142911122982017	0.00015981963032898205
outsourcing_rate	phase/rho_delta/cells/1_4	20	10	0.9738908592446643	0.9609911878368579	0.9867905306524708	0.012899671407806457	0.9763650950442478	0.002474235799583502	true	0.013245500032530602	0.0025405678429947305
outsourcing_rate	phase/rho_delta/cells/2_0	20	10	0.9755657668265277	0.9671069143592893	0.9840246192937662	0.008458852467238431	0.9736556505243881	0.0019101163021396639	true	0.008670714732800336	0.0019579574920440142
outsourcing_rate	phase/rho_delta/cells/2_1	20	10	0.9713847569964565	0.9601779324846365	0.9825915815082766	0.01120682451182009	0.959287543606784	0.012097213389672512	true	0.01153695734990926	0.012453575478245476
outsourcing_rate	phase/rho_delta/cells/2_3	20	10	0.9729584434972833	0.9612385569755305	0.9846783300190362	0.01171988652175282	0.9682657149342081	0.0046927285630752325	true	0.012045618803230566	0.004823154158781228
outsourcing_rate	phase/rho_delta/cells/2_4	20	10	0.9715654039050875	0.9614573039081372	0.9816735039020378	0.010108099996950282	0.9646261528715767	0.006939251033510785	true	0.010403931589496722	0.0071423406037507305
outsourcing_rate	phase/rho_delta/cells/4_0	20	10	0.9587593656059283	0.9409694060187462	0.9765493251931104	0.017789959587182103	0.9488975395697098	0.009861826036218546	true	0.018555187281992274	0.010286028371661277
outsourcing_rate	phase/rho_delta/cells/4_1	20	10	0.9527570761635419	0.9397660289448432	0.9657481233822406	0.012991047218698704	0.9472550103041041	0.005502065859437799	true	0.013635214624707521	0.005774888475867234
outsourcing_rate	phase/rho_delta/cells/4_3	20	10	0.9678916670717859	0.9597890459225451	0.9759942882210266	0.008102621149240763	0.9644373863477324	0.0034542807240535156	true	0.008371413273712805	0.0035688712296738073
outsourcing_rate	phase/rho_delta/cells/4_4	20	10	0.9664027656458012	0.955554743522723	0.9772507877688794	0.010848022123078227	0.9545424909647175	0.011860274681083638	true	0.011225156330993122	0.012272600102875304
outsourcing_rate	phase/rho_delta/cells/5_0	20	10	0.9546683889488371	0.9370174927937618	0.9723192851039124	0.017650896155075313	0.9521027370533659	0.0025656518954711993	true	0.018489033846098433	0.0026874796789869396
outsourcing_rate	phase/rho_delta/cells/5_1	20	10	0.9308453408050893	0.8828202493305408	0.9788704322796378	0.048025091474548476	0.8948792970418189	0.035966043763270394	true	0.05159298690050005	0.0386380445672783
outsourcing_rate	phase/rho_delta/cells/5_3	20	10	0.9448912684362181	0.9209301297896736	0.9688524070827625	0.023961138646544478	0.9286751169472621	0.016216151488955943	true	0.025358620030641016	0.01716192331398453
outsourcing_rate	phase/rho_delta/cells/5_4	20	10	0.9468785046879953	0.9197861366259051	0.9739708727500854	0.027092368062090144	0.9187925224319438	0.028085982256051523	true	0.028612296010476355	0.029661653651442958
outsourcing_rate	phase/rho_eta/cells/0_0	20	10	0.6327629419365441	0.5945973611974431	0.6709285226756452	0.038165580739101035	0.5899638299065848	0.04279911202995934	true	0.060315764735363445	0.06763846172624217
outsourcing_rate	phase/rho_eta/cells/0_1	20	10	0.7466518879717896	0.7231162341852212	0.770187541758358	0.02353565378656841	0.720951231356098	0.025700656615691653	true	0.031521588796220454	0.03442120354842348
outsourcing_rate	phase/rho_eta/cells/0_2	20	10	0.9727661622582925	0.9593077833673448	0.9862245411492402	0.013458378890947698	0.9657566072282581	0.00700955503003442	true	0.013835163488524161	0.007205796523351125
outsourcing_rate	phase/rho_eta/cells/0_4	20	10	0.9909277591322603	0.9856811744092178	0.9961743438553028	0.005246584723042513	0.986689541063128	0.004238218069132271	true	0.005294618779916776	0.0042770202268262334
outsourcing_rate	phase/rho_eta/cells/1_0	20	10	0.5769497676876184	0.5363696488745635	0.6175298865006733	0.0405801188130549	0.5313463048315513	0.04560346285606709	true	0.07033561860280782	0.0790423454694213
outsourcing_rate	phase/rho_eta/cells/1_1	20	10	0.6939376407921992	0.6552085499829179	0.7326667316014805	0.03872909080928133	0.6539882314160076	0.039949409376191625	true	0.05581062120375571	0.05756916331932273
outsourcing_rate	phase/rho_eta/cells/1_2	20	10	0.9522911050663356	0.9300332577888509	0.9745489523438203	0.0222578472774847	0.9520487248318842	0.00024238023445144474	true	0.023372944637484815	0.00025452325781680045
outsourcing_rate	phase/rho_eta/cells/1_4	20	10	0.9872115674392046	0.9816189558575861	0.9928041790208231	0.005592611581618501	0.9879066056634546	0.0006950382242499886	true	0.005665058804087514	0.0007040418155278465
outsourcing_rate	phase/rho_eta/cells/3_0	20	10	0.5088004391133966	0.47274736691222524	0.5448535113145678	0.03605307220117129	0.47039840634402885	0.03840203276936771	true	0.07085896439868467	0.07547562819773634
outsourcing_rate	phase/rho_eta/cells/3_1	20	10	0.5667123083067291	0.529289909376312	0.6041347072371462	0.0374223989304171	0.532538764451988	0.03417354385474114	true	0.06603420886027851	0.06030139694132943
outsourcing_rate	phase/rho_eta/cells/3_2	20	10	0.8764500498566676	0.8340768959187429	0.9188232037945924	0.042373153937924735	0.8295088917227608	0.04694115813390687	true	0.04834634209314533	0.053558281092668664
outsourcing_rate	phase/rho_eta/cells/3_4	20	10	0.9689502841389421	0.9548368952041929	0.9830636730736914	0.014113388934749227	0.9656354213378877	0.003314862801054419	true	0.01456564817181626	0.0034210865668925137
outsourcing_rate	phase/rho_eta/cells/4_0	20	10	0.5165437270823938	0.48476732493872354	0.5483201292260641	0.03177640214367028	0.48833644507847457	0.028207282003919254	true	0.061517351731582695	0.054607733140508964
outsourcing_rate	phase/rho_eta/cells/4_1	20	10	0.570595731879704	0.5351724729562428	0.6060189908031652	0.03542325892346121	0.5284505104266731	0.0421452214530309	true	0.06208118453106363	0.07386178882585154
outsourcing_rate	phase/rho_eta/cells/4_2	20	10	0.8758232103669942	0.8276112357227956	0.9240351850111928	0.048211974644198574	0.862041871930756	0.013781338436238189	true	0.05504761014953739	0.015735297116028047
outsourcing_rate	phase/rho_eta/cells/4_4	20	10	0.9822602255216463	0.9732527464790721	0.9912677045642204	0.009007479042574151	0.9756943466257789	0.00656587889586735	true	0.009170155533672937	0.006684459703517391
outsourcing_rate	phase/rho_r/cells/0_0	20	10	0.9903959231489383	0.9848720436932724	0.9959198026046042	0.005523879455665903	0.9869969250883427	0.003398998060595626	true	0.005577445672537575	0.003431958857209952
outsourcing_rate	phase/rho_r/cells/0_2	20	10	0.9881549791347604	0.9850984568868195	0.9912115013827012	0.0030565222479408405	0.9888392361382952	0.000684257003534805	true	0.0030931608021822305	0.000692459197173654
outsourcing_rate	phase/rho_r/cells/0_3	20	10	0.8592881208455545	0.8200836445282506	0.8984925971628585	0.03920447631730395	0.8440160242390264	0.015272096606528063	true	0.04562436668940106	0.017772963731303597
outsourcing_rate	phase/rho_r/cells/2_0	20	10	0.957561010347382	0.9348861826366908	0.9802358380580731	0.02267482771069118	0.9495628226402573	0.007998187707124682	true	0.02367977336761577	0.00835266643137769
outsourcing_rate	phase/rho_r/cells/2_2	20	10	0.9661775613803781	0.9489313963269057	0.9834237264338506	0.01724616505347243	0.9495271732771219	0.016650388103256253	true	0.017849891927559182	0.017233258946179456
outsourcing_rate	phase/rho_r/cells/2_3	20	10	0.93614293138736	0.9264876306818842	0.9457982320928359	0.009655300705475822	0.9379044768359895	0.001761545448629498	true	0.010313917225403502	0.0018817056558007596
agent_holdout_rank	oat/N=1500	20	10	0.6198306097560975	0.604705301944176	0.634955917568019	0.015125307811921451	0.6137490806754222	0.006081529080675274	true	0.024402324722028877	0.009811598499577728
agent_holdout_rank	oat/N=500	20	10	0.6392851829268293	0.62497009486604	0.6536002709876186	0.014315088060789294	0.6394376547842401	0.00015247185741074087	true	0.02239233513163992	0.0002385036623446853
agent_holdout_rank	oat/delta=0.0	20	10	0.7057480909943715	0.6889028874739545	0.7225932945147886	0.016845203520417074	0.7203313602251408	0.014583269230769247	true	0.023868578229780033	0.020663561711122717
agent_holdout_rank	oat/delta=0.25	20	10	0.6725722795497187	0.6549930981892111	0.6901514609102262	0.017579181360507512	0.6826777767354597	0.010105497185741052	true	0.026137237431606047	0.015025146728477415
agent_holdout_rank	oat/delta=0.75	20	10	0.5905394183864916	0.5748342901887934	0.6062445465841898	0.015705128197698204	0.5967327392120076	0.006193320825516047	true	0.026594546796907696	0.010487565491289002
agent_holdout_rank	oat/delta=1.0	20	10	0.5483324155722327	0.5326693943382405	0.5639954368062249	0.015663021233992214	0.5607755347091933	0.012443119136960612	true	0.028564828175708865	0.02269265646820302
agent_holdout_rank	oat/eta=0.0	20	10	0.6726302298311445	0.6565311117033266	0.6887293479589625	0.016099118127817946	0.6880082551594747	0.015378025328330214	true	0.023934574174371306	0.02286252482614508
agent_holdout_rank	oat/eta=0.001	20	10	0.642228067542214	0.6276481875403023	0.6568079475441256	0.014579880001911683	0.6564086772983115	0.014180609756097584	true	0.022702028669828168	0.0220803332535221
agent_holdout_rank	oat/eta=0.01	20	10	0.6338333020637898	0.6160956266392438	0.6515709774883359	0.017737675424546073	0.6482669230769231	0.01443362101313328	true	0.02798476408038423	0.02277195118359474
agent_holdout_rank	oat/eta=0.03	20	10	0.6318669934333959	0.6168126955195415	0.6469212913472503	0.015054297913854375	0.6399253470919325	0.008058353658536577	true	0.02382510571101895	0.012753243550117473
agent_holdout_rank	oat/k=12	20	10	0.6473464821763601	0.6310281840425103	0.66366478031021	0.016318298133849884	0.6612045590994372	0.013858076923077056	true	0.025207981480007798	0.02140751097694484
agent_holdout_rank	oat/k=4	20	10	0.6320430112570357	0.616432667123103	0.6476533553909684	0.015610344133932696	0.6414588555347092	0.009415844277673502	true	0.024698230746806518	0.014897473921825107
agent_holdout_rank	oat/n_strangers=0	20	10	0.6204592964352721	0.6076398380259492	0.633278754844595	0.01281945840932286	0.6237688649155723	0.0033095684803001735	true	0.020661239960420543	0.005334062200880306
agent_holdout_rank	oat/n_strangers=50	20	10	0.6359920684803002	0.6207249952135837	0.6512591417470167	0.015267073266716502	0.6487349906191369	0.012742922138836654	true	0.02400513154699727	0.020036290970240872
agent_holdout_rank	oat/reservation_frac=0.4	20	10	0.6392470168855535	0.6256566838201219	0.6528373499509852	0.01359033306543167	0.6437388273921201	0.0044918105065665515	true	0.021259908464875625	0.00702672110767274
agent_holdout_rank	oat/reservation_frac=0.9	20	10	0.6449007270168856	0.6304679773181664	0.6593334767156048	0.014432749698719216	0.6509772045028142	0.006076477485928544	true	0.02237980063300707	0.009422345535314371
agent_holdout_rank	oat/reservation_frac=1.2	20	10	0.6259282833020638	0.6123720011695717	0.639484565434556	0.013556282132492159	0.6315828986866793	0.005654615384615425	true	0.021657883968713546	0.009033966886405403
agent_holdout_rank	oat/rho=0.0	20	10	0.6423499765478424	0.6231512463010522	0.6615487067946326	0.019198730246790197	0.6402530300187615	0.0020969465290808786	true	0.02988827111035205	0.003264492263781841
agent_holdout_rank	oat/rho=0.15	20	10	0.6331970731707317	0.6149307592791659	0.6514633870622976	0.018266313891565855	0.6399447560975611	0.006747682926829368	true	0.028847754775772044	0.010656528927148027
agent_holdout_rank	oat/rho=0.3	20	10	0.6324878893058161	0.6174283894017841	0.6475473892098481	0.015059499904031992	0.6336189868667917	0.0011310975609756246	true	0.023809941911394492	0.00178833078087401
agent_holdout_rank	oat/rho=0.5	50	20	0.6302487054409006	0.6201839128897373	0.6403134979920639	0.010064792551163326	0.6352131894934333	0.004964484052532692	true	0.015969556881711228	0.007877023799770769
agent_holdout_rank	oat/rho=0.7	20	10	0.6439014962476547	0.6230456008374405	0.6647573916578688	0.020855895410214154	0.661870234521576	0.017968738273921314	true	0.03238988499289439	0.027906035905545176
agent_holdout_rank	oat/rho=0.85	20	10	0.661144540337711	0.6436489242211737	0.6786401564542482	0.01749561611653727	0.672504033771107	0.01135949343339604	true	0.02646261906299726	0.017181558252895256
agent_holdout_rank	oat/rho=1.0	20	10	0.672540975609756	0.6520055574587282	0.6930763937607838	0.020535418151027773	0.6895777204502814	0.01703674484052542	true	0.030534077321325195	0.025331906096991545
agent_holdout_rank	oat/roster_frac=0.1	20	10	0.6362744934333959	0.6209329229897673	0.6516160638770245	0.015341570443628605	0.6474253939962477	0.011150900562851729	true	0.024111559715122438	0.017525298716094116
agent_holdout_rank	oat/roster_frac=0.4	20	10	0.6283556378986866	0.6132338016726967	0.6434774741246766	0.015121836225989949	0.6343508348968105	0.005995196998123897	true	0.024065728568235	0.009541088893819294
agent_holdout_rank	phase/eta_r/cells/0_0	20	10	0.6651771435272045	0.65014844434905	0.680205842705359	0.015028699178154525	0.6779710975609755	0.012793954033771038	true	0.022593529143924772	0.019233905070653996
agent_holdout_rank	phase/eta_r/cells/0_2	20	10	0.6839726125703566	0.6696050537700727	0.6983401713706404	0.014367558800283842	0.6992259756097561	0.015253363039399503	true	0.021006044008532475	0.022301131301263138
agent_holdout_rank	phase/eta_r/cells/0_3	20	10	0.6878248311444654	0.6744459423096911	0.7012037199792396	0.013378888834774227	0.6977748780487806	0.009950046904315224	true	0.019451011695104433	0.014465960596042212
agent_holdout_rank	phase/eta_r/cells/1_0	20	10	0.6418927298311445	0.6265225942073859	0.6572628654549032	0.015370135623758663	0.6531317917448405	0.011239061913695947	true	0.023945022134464602	0.017509252545440855
agent_holdout_rank	phase/eta_r/cells/1_2	20	10	0.6592987851782365	0.6434960519614711	0.6751015183950019	0.015802733216765397	0.6754104971857411	0.01611171200750461	true	0.023969000962883992	0.02443764855891389
agent_holdout_rank	phase/eta_r/cells/1_3	20	10	0.6511572373358349	0.6373136229634392	0.6650008517082305	0.013843614372395674	0.6612721763602252	0.010114939024390313	true	0.02126001767105572	0.015533788836894283
agent_holdout_rank	phase/eta_r/cells/2_0	20	10	0.6368897889305816	0.6213974270279846	0.6523821508331785	0.015492361902596952	0.6539201594746717	0.01703037054409018	true	0.024325027927689945	0.026739902005159043
agent_holdout_rank	phase/eta_r/cells/2_2	20	10	0.6373696341463415	0.6197662899227452	0.6549729783699378	0.01760334422359633	0.6486540243902439	0.011284390243902376	true	0.027618736884403503	0.017704624819499096
agent_holdout_rank	phase/eta_r/cells/2_3	20	10	0.6209094418386492	0.607612961991692	0.6342059216856063	0.013296479846957143	0.6268484896810507	0.0059390478424015125	true	0.021414523521470937	0.009565078966772816
agent_holdout_rank	phase/eta_r/cells/4_0	20	10	0.6285792729831144	0.6136084056848978	0.6435501402813311	0.014970867298216617	0.6335129643527203	0.004933691369605864	true	0.023816991653523356	0.007848956498663292
agent_holdout_rank	phase/eta_r/cells/4_2	20	10	0.6279638086303939	0.6135490394141065	0.6423785778466813	0.01441476921628737	0.63910425891182	0.011140450281426073	true	0.022954777039980015	0.017740592894555016
agent_holdout_rank	phase/eta_r/cells/4_3	20	10	0.6203494606003753	0.6047380821983359	0.6359608390024147	0.01561137840203941	0.628883789868668	0.008534329268292673	true	0.025165458170835986	0.013757292961991349
agent_holdout_rank	phase/rho_delta/cells/0_0	20	10	0.7112377273674835	0.6911917735550939	0.7312836811798731	0.020045953812389605	0.716091625447723	0.004853898080239505	true	0.028184604164047992	0.006824579030987743
agent_holdout_rank	phase/rho_delta/cells/0_1	20	10	0.6745536424754108	0.6577814717794618	0.6913258131713599	0.01677217069594905	0.6716054502814259	0.0029481921939849	true	0.024864102185261625	0.004370582275956458
agent_holdout_rank	phase/rho_delta/cells/0_3	20	10	0.6073536002615271	0.5847399556411927	0.6299672448818614	0.022613644620334328	0.6086175550059696	0.0012639547444425192	true	0.03723307906727954	0.0020810854564758635
agent_holdout_rank	phase/rho_delta/cells/0_4	20	10	0.45890706690497457	0.44154678421058646	0.4762673495993627	0.017360282694388107	0.4617301121875112	0.0028230452825366292	true	0.037829625966476745	0.006151670972461172
agent_holdout_rank	phase/rho_delta/cells/1_0	20	10	0.7073194421702957	0.6902100064675653	0.7244288778730262	0.01710943570273049	0.7193223264540336	0.012002884283737858	true	0.024189121184387274	0.016969538186182104
agent_holdout_rank	phase/rho_delta/cells/1_1	20	10	0.6735076547842401	0.6565235805873809	0.6904917289810993	0.01698407419685921	0.6729984990619136	0.0005091557223265708	true	0.025217343969609524	0.0007559761477242305
agent_holdout_rank	phase/rho_delta/cells/1_3	20	10	0.5661407692307693	0.5488979758982928	0.5833835625632457	0.01724279333247647	0.5678939118198875	0.001753142589118184	true	0.030456724315941278	0.0030966549035149438
agent_holdout_rank	phase/rho_delta/cells/1_4	20	10	0.474589296435272	0.45958066725007535	0.4895979256204686	0.015008629185196631	0.4789846998123828	0.004395403377110807	true	0.03162445781632502	0.009261488638967409
agent_holdout_rank	phase/rho_delta/cells/2_0	20	10	0.7030683943563212	0.6877319165542288	0.7184048721584135	0.015336477802092352	0.7102463196694904	0.007177925313169187	true	0.021813635665038432	0.010209426807957679
agent_holdout_rank	phase/rho_delta/cells/2_1	20	10	0.6751978048780488	0.6586881169880565	0.6917074927680411	0.016509687889992297	0.6877063414634146	0.01250853658536577	true	0.024451631463722253	0.018525736450853845
agent_holdout_rank	phase/rho_delta/cells/2_3	20	10	0.5685992542213884	0.5546028615512041	0.5825956468915726	0.013996392670184266	0.5701177485928706	0.0015184943714822152	true	0.024615566352351678	0.0026705880463412956
agent_holdout_rank	phase/rho_delta/cells/2_4	20	10	0.5083871529080676	0.4934233656579369	0.5233509401581983	0.0149637872501307	0.5182892120075048	0.0099020590994372	true	0.029433842229362205	0.019477398362243437
agent_holdout_rank	phase/rho_delta/cells/4_0	20	10	0.6915606660412759	0.6765840140289727	0.706537318053579	0.014976652012303138	0.7029941651031896	0.01143349906191371	true	0.02165630977544529	0.016532893820238325
agent_holdout_rank	phase/rho_delta/cells/4_1	20	10	0.6735445637898687	0.657784599671136	0.6893045279086014	0.015759964118732706	0.6854510318949344	0.011906468105065682	true	0.02339854697966128	0.017677327893600582
agent_holdout_rank	phase/rho_delta/cells/4_3	20	10	0.6156962335834897	0.5970173633811425	0.6343751037858368	0.018678870202347153	0.6309287242026266	0.015232490619136896	true	0.030337801635770864	0.024740269289094716
agent_holdout_rank	phase/rho_delta/cells/4_4	20	10	0.5858413273921201	0.566743295988755	0.6049393587954853	0.01909803140336519	0.6084940994371483	0.022652772045028136	true	0.03259932427160834	0.03866707756154252
agent_holdout_rank	phase/rho_delta/cells/5_0	20	10	0.6877119559099437	0.6712445780023342	0.7041793338175533	0.01646737790760955	0.7001092401500939	0.012397284240150186	true	0.023945167400530057	0.01802685576950129
agent_holdout_rank	phase/rho_delta/cells/5_1	20	10	0.6751358536585367	0.6520374004983985	0.6982343068186748	0.023098453160138144	0.7002064634146341	0.02507060975609743	true	0.03421304473013611	0.037134170286233066
agent_holdout_rank	phase/rho_delta/cells/5_3	20	10	0.6345825703564728	0.6105714256231015	0.6585937150898441	0.024011144733371292	0.658434277673546	0.0238517073170732	true	0.03783769970215725	0.03758645199422142
agent_holdout_rank	phase/rho_delta/cells/5_4	20	10	0.6246579268292682	0.601937316745998	0.6473785369125384	0.0227206100832702	0.6510491275797373	0.02639120075046908	true	0.03637288363344536	0.04224904482430803
agent_holdout_rank	phase/rho_eta/cells/0_0	20	10	0.634101796435272	0.6134004457840818	0.6548031470864621	0.020701350651190165	0.6425142589118199	0.008412462476547922	true	0.03264673080500147	0.0132667381228696
agent_holdout_rank	phase/rho_eta/cells/0_1	20	10	0.6112953731498854	0.5923151669245696	0.6302755793752011	0.01898020622531571	0.6179086210131332	0.006613247863247795	true	0.031049157345187196	0.010818416356026097
agent_holdout_rank	phase/rho_eta/cells/0_2	20	10	0.6159360612219759	0.5953490070489431	0.6365231153950086	0.02058705417303275	0.6207730738908788	0.004837012668902907	true	0.03342401179140155	0.007853108420550337
agent_holdout_rank	phase/rho_eta/cells/0_4	20	10	0.6402691175355809	0.6177470204765371	0.6627912145946248	0.022522097059043844	0.639451088938162	0.0008180285974188628	true	0.035175985288392816	0.0012776324439440162
agent_holdout_rank	phase/rho_eta/cells/1_0	20	10	0.6481235694183864	0.6334852673158152	0.6627618715209577	0.014638302102571221	0.6576806472795498	0.009557077861163332	true	0.022585665439859487	0.014745765024005637
agent_holdout_rank	phase/rho_eta/cells/1_1	20	10	0.6185414399624767	0.6029070050066838	0.6341758749182695	0.015634434955792864	0.6273155722326453	0.008774132270168655	true	0.02527629346344412	0.014185197148150544
agent_holdout_rank	phase/rho_eta/cells/1_2	20	10	0.6181782645403378	0.6012447833243046	0.6351117457563709	0.01693348121603311	0.6162945028142588	0.0018837617260789585	true	0.02739255355188593	0.003047279133114908
agent_holdout_rank	phase/rho_eta/cells/1_4	20	10	0.6321130909943713	0.6121574845857459	0.6520686974029967	0.01995560640862537	0.6314528517823639	0.0006602392120074185	true	0.03156967747216465	0.0010444953939631313
agent_holdout_rank	phase/rho_eta/cells/3_0	20	10	0.714153700750469	0.6945823992264691	0.7337250022744689	0.019571301523999884	0.7360737804878049	0.021920079737335896	true	0.027404887076036104	0.030693784425259104
agent_holdout_rank	phase/rho_eta/cells/3_1	20	10	0.6882559990619137	0.6692858595496087	0.7072261385742187	0.018970139512304973	0.70552925891182	0.017273259849906242	true	0.027562621376582393	0.025097143902050294
agent_holdout_rank	phase/rho_eta/cells/3_2	20	10	0.6596185225140714	0.6345719081035133	0.6846651369246295	0.02504661441055811	0.6855111350844278	0.025892612570356466	true	0.0379713630767908	0.03925391978331553
agent_holdout_rank	phase/rho_eta/cells/3_4	20	10	0.639760361163227	0.617959068081187	0.661561654245267	0.02180129308204004	0.6552431144465293	0.015482753283302286	true	0.034077280190351944	0.02420086367206494
agent_holdout_rank	phase/rho_eta/cells/4_0	20	10	0.740795497185741	0.7184733404250101	0.7631176539464719	0.022322156760730905	0.7590429362101314	0.01824743902439041	true	0.0301326841827901	0.02463222183951153
agent_holdout_rank	phase/rho_eta/cells/4_1	20	10	0.7139819699812383	0.6897937770424163	0.7381701629200603	0.024188192938822017	0.7398956003752345	0.02591363039399619	true	0.03387787641116151	0.03629451650533575
agent_holdout_rank	phase/rho_eta/cells/4_2	20	10	0.6846768151969982	0.6551518184781225	0.7142018119158738	0.02952499671887565	0.6970668198874296	0.012390004690431389	true	0.04312253031436531	0.018096135892766405
agent_holdout_rank	phase/rho_eta/cells/4_4	20	10	0.6695995919324578	0.6468330347428756	0.69236614912204	0.022766557189582204	0.6917635272045028	0.022163935272045077	true	0.034000255471897986	0.0331002819283091
agent_holdout_rank	phase/rho_r/cells/0_0	20	10	0.6383255578770822	0.6150513248975679	0.6615997908565966	0.023274232979514364	0.6371369323630299	0.0011886255140522994	true	0.036461383524919296	0.0018620992053105048
agent_holdout_rank	phase/rho_r/cells/0_2	20	10	0.6401084750885971	0.6163651447483579	0.6638518054288364	0.023743330340239233	0.6454832334603067	0.0053747583717095315	true	0.03709266673426395	0.00839663679029654
agent_holdout_rank	phase/rho_r/cells/0_3	20	10	0.6351473677677336	0.6125189075880163	0.6577758279474509	0.022628460179717313	0.6353880445164591	0.00024067674872552125	true	0.03562710219400971	0.00037893056153471156
agent_holdout_rank	phase/rho_r/cells/2_0	20	10	0.6831837992495311	0.6603474762951079	0.7060201222039543	0.02283632295442317	0.7019266510318949	0.01874285178236379	true	0.03342632389630519	0.027434567100321435
agent_holdout_rank	phase/rho_r/cells/2_2	20	10	0.67693654315197	0.6574576132652156	0.6964154730387245	0.01947892988675448	0.7007101500938087	0.02377360694183861	true	0.028775119446286895	0.03511940252352651
agent_holdout_rank	phase/rho_r/cells/2_3	20	10	0.674034530956848	0.6559423363220376	0.6921267255916583	0.018092194634810377	0.6951824108818012	0.02114787992495326	true	0.026841643571475494	0.031375069011571395
broker_holdout_rank	oat/N=1500	20	10	0.9541040759849908	0.9489487802159732	0.9592593717540084	0.0051552957690176315	0.9573803377110692	0.003276261726078422	true	0.005403284504046842	0.0034338619952923896
broker_holdout_rank	oat/N=500	20	10	0.9421288977485929	0.9274018767094028	0.956855918787783	0.014727021039190102	0.9468763696060037	0.004747471857410868	true	0.015631641354365938	0.005039089522416635
broker_holdout_rank	oat/delta=0.0	20	10	0.9505215150093809	0.9381130493470068	0.962929980671755	0.01240846566237408	0.9604231332082552	0.009901618198874362	true	0.013054376430660403	0.01041703742894935
broker_holdout_rank	oat/delta=0.25	20	10	0.9491158208255157	0.9400626004392956	0.9581690412117359	0.00905322038622014	0.954345938086304	0.0052301172607882584	true	0.009538583371569856	0.005510515309121326
broker_holdout_rank	oat/delta=0.75	20	10	0.9273466181988745	0.9153259773779445	0.9393672590198046	0.012020640820930018	0.9211493996247656	0.006197218574108931	true	0.01296240325357193	0.006682742409893497
broker_holdout_rank	oat/delta=1.0	20	10	0.9286042213883677	0.9180416557329687	0.9391667870437668	0.010562565655399037	0.9278918011257037	0.0007124202626640486	true	0.011374669005496026	0.0007671947275868509
broker_holdout_rank	oat/eta=0.0	20	10	0.9264578001876173	0.9103833587295125	0.942532241645722	0.01607444145810477	0.9259488836772981	0.0005089165103191462	true	0.017350430267681412	0.0005493142917206648
broker_holdout_rank	oat/eta=0.001	20	10	0.9278923968105065	0.9126378920383292	0.9431469015826838	0.015254504772177269	0.9248596622889307	0.0030327345215758195	true	0.016439950175917362	0.0032684118675833512
broker_holdout_rank	oat/eta=0.01	20	10	0.9426384709193245	0.9286133210079857	0.9566636208306634	0.014025149911338852	0.9346320544090055	0.00800641651031897	true	0.014878609715197154	0.008493623756423365
broker_holdout_rank	oat/eta=0.03	20	10	0.9469427954971856	0.9348741532356514	0.9590114377587199	0.012068642261534257	0.935346360225141	0.01159643527204468	true	0.012744848283256331	0.01224618353630966
broker_holdout_rank	oat/k=12	20	10	0.9426191979362102	0.9328312647882245	0.9524071310841958	0.00978793314798565	0.9479951407129455	0.005375942776735365	true	0.010383761724157064	0.005703196782439361
broker_holdout_rank	oat/k=4	20	10	0.9445810787992495	0.931786474454591	0.957375683143908	0.012794604344658511	0.9423270168855534	0.002254061913696037	true	0.013545268513024842	0.002386308559728296
broker_holdout_rank	oat/n_strangers=0	20	10	0.943215966228893	0.9319616806835327	0.9544702517742534	0.011254285545360343	0.9380066322701689	0.005209333958724138	true	0.011931822560591847	0.005522949298188591
broker_holdout_rank	oat/n_strangers=50	20	10	0.9464351688555348	0.9348209087344066	0.958049428976663	0.011614260121128206	0.9409166041275798	0.005518564727954978	true	0.012271585527799658	0.005830895669936098
broker_holdout_rank	oat/reservation_frac=0.4	20	10	0.9511420121951218	0.9421145956029734	0.9601694287872703	0.009027416592148452	0.941140750469043	0.010001261726078847	true	0.009491134316855856	0.01051500364598251
broker_holdout_rank	oat/reservation_frac=0.9	20	10	0.9384594465290806	0.9307910630941455	0.9461278299640158	0.007668383434935144	0.9309572795497185	0.007502166979362124	true	0.008171246464934508	0.007994130174840379
broker_holdout_rank	oat/reservation_frac=1.2	20	10	0.8927695121951219	0.8737673995613854	0.9117716248288584	0.019002112633736523	0.8941533958724204	0.0013838836772984697	true	0.021284455141187056	0.0015501018554002894
broker_holdout_rank	oat/rho=0.0	20	10	0.8191198968105067	0.7828280170337671	0.8554117765872462	0.03629187977673953	0.8253023358348969	0.006182439024390196	true	0.044305943388816514	0.007547660664163341
broker_holdout_rank	oat/rho=0.15	20	10	0.8658818761726079	0.8361824710157704	0.8955812813294455	0.029699405156837555	0.881279521575985	0.01539764540337707	true	0.03429960364584091	0.01778261657518242
broker_holdout_rank	oat/rho=0.3	20	10	0.907553700750469	0.890492759980409	0.9246146415205291	0.01706094077006004	0.9046086116322701	0.002945089118198907	true	0.018798822324179943	0.0032450852393236577
broker_holdout_rank	oat/rho=0.5	50	20	0.9482149099437148	0.9418150328154301	0.9546147870719995	0.0063998771282847144	0.9477232270168855	0.0004916829268293288	true	0.006749395164714933	0.0005185353253499405
broker_holdout_rank	oat/rho=0.7	20	10	0.949950858348968	0.9432987252073728	0.9566029914905632	0.0066521331415951845	0.9493442589118197	0.0006065994371482475	true	0.0070026076434698045	0.0006385587547155107
broker_holdout_rank	oat/rho=0.85	20	10	0.9516395168855534	0.9433350167810042	0.9599440169901026	0.008304500104549195	0.9498877016885553	0.0017518151969980744	true	0.008726518768080872	0.0018408390634420788
broker_holdout_rank	oat/rho=1.0	20	10	0.9599880534709191	0.9522935576250835	0.9676825493167547	0.007694495845835592	0.9636815666041276	0.003693513133208537	true	0.008015199582969269	0.0038474573926772565
broker_holdout_rank	oat/roster_frac=0.1	20	10	0.9469606801125703	0.9369916600538465	0.9569297001712941	0.009969020058723799	0.9425697842401503	0.004390895872420031	true	0.01052738542168269	0.004636830192250497
broker_holdout_rank	oat/roster_frac=0.4	20	10	0.941819718574109	0.9224745992679815	0.9611648378802364	0.01934511930612748	0.9319425515947467	0.00987716697936225	true	0.020540151076275506	0.010487322344785931
broker_holdout_rank	phase/eta_r/cells/0_0	20	10	0.9324361210131332	0.9100359678964696	0.9548362741297969	0.022400153116663657	0.9377224953095686	0.005286374296435414	true	0.024023257585007427	0.0056694224701328965
broker_holdout_rank	phase/eta_r/cells/0_2	20	10	0.8956136257035648	0.8775915598464733	0.9136356915606564	0.01802206585709154	0.8789173545966229	0.01669627110694194	true	0.020122590076646046	0.018642270090325944
broker_holdout_rank	phase/eta_r/cells/0_3	20	10	0.806628339587242	0.7760402172348796	0.8372164619396044	0.030588122352362412	0.8023992682926828	0.0042290712945591835	true	0.03792096167612285	0.005242899470558191
broker_holdout_rank	phase/eta_r/cells/1_0	20	10	0.9427404690431519	0.929203451297847	0.9562774867884568	0.013537017745304913	0.933122879924953	0.009617589118198877	true	0.014359219944216997	0.010201735720500456
broker_holdout_rank	phase/eta_r/cells/1_2	20	10	0.9112073827392122	0.8932811332263255	0.9291336322520989	0.017926249512886683	0.9130521669793623	0.0018447842401501102	true	0.01967307316913737	0.0020245492684710696
broker_holdout_rank	phase/eta_r/cells/1_3	20	10	0.8487895684803002	0.8222052143433936	0.8753739226172068	0.02658435413690663	0.8381567917448404	0.010632776735459815	true	0.031320312035059646	0.01252698799597299
broker_holdout_rank	phase/eta_r/cells/2_0	20	10	0.9336847514071296	0.9194667824693613	0.9479027203448979	0.014217968937768277	0.92546308630394	0.008221665103189557	true	0.015227804584299768	0.008805611413058766
broker_holdout_rank	phase/eta_r/cells/2_2	20	10	0.931861308630394	0.9191635120065924	0.9445591052541955	0.01269779662380155	0.9307157035647279	0.0011456050656660777	true	0.01362627303677215	0.001229372928198762
broker_holdout_rank	phase/eta_r/cells/2_3	20	10	0.8762931754221389	0.8502196563780597	0.9023666944662181	0.026073519044079174	0.877326669793621	0.0010334943714820355	true	0.029754333110626717	0.0011793933816546815
broker_holdout_rank	phase/eta_r/cells/4_0	20	10	0.9467205675422139	0.9365410130859901	0.9569001219984377	0.01017955445622376	0.9378500562851784	0.00887051125703553	true	0.010752438264493349	0.009369724880979726
broker_holdout_rank	phase/eta_r/cells/4_2	20	10	0.9425482223264542	0.931940626899632	0.9531558177532764	0.010607595426822214	0.9389431050656661	0.003605117260788049	true	0.01125416734715165	0.003824862405331031
broker_holdout_rank	phase/eta_r/cells/4_3	20	10	0.906932851782364	0.8913874111787793	0.9224782923859488	0.01554544060358476	0.8990713320825516	0.007861519699812414	true	0.017140674277079982	0.008668248905486706
broker_holdout_rank	phase/rho_delta/cells/0_0	20	10	0.9186748680993804	0.9036404714809054	0.9337092647178553	0.015034396618474943	0.9209149428620161	0.0022400747626357687	true	0.016365307401495773	0.002438376013562006
broker_holdout_rank	phase/rho_delta/cells/0_1	20	10	0.9227390253378059	0.911205689493038	0.9342723611825738	0.0115333358447679	0.9211840150093809	0.0015550103284250882	true	0.012499022505898303	0.0016852114040108077
broker_holdout_rank	phase/rho_delta/cells/0_3	20	10	0.7363934336327629	0.6721399303450889	0.8006469369204369	0.06425350328767399	0.7561108493945079	0.019717415761745016	true	0.08725431318785633	0.026775653965945098
broker_holdout_rank	phase/rho_delta/cells/0_4	20	10	0.687066448884144	0.6171821068206668	0.7569507909476213	0.06988434206347727	0.7051056460773173	0.018039197193173262	true	0.10171409501508268	0.026255389449551053
broker_holdout_rank	phase/rho_delta/cells/1_0	20	10	0.9388370021509654	0.929872684977682	0.9478013193242488	0.008964317173283387	0.9430569981238273	0.004219995972861823	true	0.009548321117238965	0.00449491867405461
broker_holdout_rank	phase/rho_delta/cells/1_1	20	10	0.9293312335834896	0.9157136409806154	0.9429488261863638	0.013617592602874207	0.9283488742964353	0.0009823592870542575	true	0.014653109796347789	0.0010570604447095707
broker_holdout_rank	phase/rho_delta/cells/1_3	20	10	0.7718517307692309	0.7235124027219169	0.8201910588165449	0.048339328047314	0.8113290525328329	0.03947732176360208	true	0.06262773810086403	0.05114625023158114
broker_holdout_rank	phase/rho_delta/cells/1_4	20	10	0.7427888227016884	0.70813204717879	0.7774455982245869	0.034656775522898475	0.7450613039399625	0.00227248123827406	true	0.046657642742716644	0.003059390729667336
broker_holdout_rank	phase/rho_delta/cells/2_0	20	10	0.9463104349309226	0.9386685261329117	0.9539523437289334	0.007641908798010855	0.9418961512877366	0.004414283643185968	true	0.00807547768250985	0.004664731022973656
broker_holdout_rank	phase/rho_delta/cells/2_1	20	10	0.9372597326454034	0.9249008655504073	0.9496185997403995	0.012358867094996118	0.9300751500938087	0.007184582551594709	true	0.01318617098817782	0.0076655192806761455
broker_holdout_rank	phase/rho_delta/cells/2_3	20	10	0.8802975234521575	0.853743727204094	0.906851319700221	0.026553796248063533	0.8772054878048781	0.0030920356472794452	true	0.030164569978489417	0.003512489317422795
broker_holdout_rank	phase/rho_delta/cells/2_4	20	10	0.8642134333958724	0.83873154598452	0.8896953208072248	0.025481887411352377	0.8604025234521577	0.003810909943714691	true	0.029485641424506562	0.004409686075741683
broker_holdout_rank	phase/rho_delta/cells/4_0	20	10	0.9490171529080677	0.9381809735777294	0.9598533322384059	0.010836179330338203	0.9596139118198875	0.010596758911819881	true	0.011418317674378132	0.011166035175811412
broker_holdout_rank	phase/rho_delta/cells/4_1	20	10	0.9546457270168857	0.9478296430949256	0.9614618109388458	0.006816083921960092	0.9528296998123829	0.0018160272045028014	true	0.007139909318254907	0.0019023048583452988
broker_holdout_rank	phase/rho_delta/cells/4_3	20	10	0.9461318105065667	0.9365874894270696	0.9556761315860638	0.009544321079497098	0.9471021857410884	0.0009703752345217032	true	0.010087728764121133	0.0010256237278420607
broker_holdout_rank	phase/rho_delta/cells/4_4	20	10	0.9441244559099438	0.9325200737378758	0.9557288380820117	0.01160438217206794	0.9420430581613509	0.002081397748592839	true	0.012291157272145522	0.0022045798470359456
broker_holdout_rank	phase/rho_delta/cells/5_0	20	10	0.9567876313320826	0.9497757507110949	0.9637995119530702	0.007011880620987676	0.9566351594746717	0.0001524718574108519	true	0.007328565285930193	0.00015935809830502695
broker_holdout_rank	phase/rho_delta/cells/5_1	20	10	0.9524370215759852	0.9402862292747807	0.9645878138771897	0.012150792301204527	0.9565322795497186	0.004095257973733446	true	0.012757580843611862	0.00429976773367868
broker_holdout_rank	phase/rho_delta/cells/5_3	20	10	0.9427380206378988	0.9314245812080805	0.9540514600677171	0.011313439429818328	0.9494298686679175	0.0066918480300186545	true	0.01200061860469269	0.007098311390359169
broker_holdout_rank	phase/rho_delta/cells/5_4	20	10	0.9472139305816134	0.9394904488537382	0.9549374123094886	0.007723481727875181	0.9492672138836772	0.0020532833020637797	true	0.00815389372824444	0.002167708091880587
broker_holdout_rank	phase/rho_eta/cells/0_0	20	10	0.8104995684803002	0.7670384211510551	0.8539607158095454	0.04346114732924511	0.8425460131332084	0.03204644465290818	true	0.05362266559960724	0.0395391261132881
broker_holdout_rank	phase/rho_eta/cells/0_1	20	10	0.8214806337294143	0.7899912981424284	0.8529699693164001	0.031489335586985856	0.8337984240150093	0.012317790285594987	true	0.03833241380752752	0.014994620420537287
broker_holdout_rank	phase/rho_eta/cells/0_2	20	10	0.8178946262815774	0.7885417743372576	0.8472474782258972	0.029352851944319802	0.8453138165899141	0.027419190308336727	true	0.03588830516929508	0.03352411108628203
broker_holdout_rank	phase/rho_eta/cells/0_4	20	10	0.8284867296321565	0.7967005198758108	0.8602729393885022	0.03178620975634572	0.8531134662762712	0.024626736644114633	true	0.03836658888967192	0.02972496210657323
broker_holdout_rank	phase/rho_eta/cells/1_0	20	10	0.8465197326454034	0.8137099001605205	0.8793295651302863	0.032809832484882895	0.8625934333958722	0.016073700750468878	true	0.03875849696066864	0.018987981178227243
broker_holdout_rank	phase/rho_eta/cells/1_1	20	10	0.8558280722326455	0.8166872633892062	0.8949688810760847	0.03914080884343929	0.8604879174484052	0.004659845215759795	true	0.04573442974513622	0.005444838007712696
broker_holdout_rank	phase/rho_eta/cells/1_2	20	10	0.8573713602251407	0.8293924467565722	0.8853502736937092	0.02797891346856851	0.8818304033771108	0.024459043151970117	true	0.03263336608447174	0.028527945166663037
broker_holdout_rank	phase/rho_eta/cells/1_4	20	10	0.8767564258911819	0.8482164814227299	0.9052963703596338	0.028539944468451983	0.8923610412757974	0.01560461538461555	true	0.03255173686288351	0.017798119208255803
broker_holdout_rank	phase/rho_eta/cells/3_0	20	10	0.9513337148217635	0.9439991980804626	0.9586682315630645	0.007334516741300923	0.9550254033771106	0.0036916885553470724	true	0.0077097201823390395	0.0038805400227392615
broker_holdout_rank	phase/rho_eta/cells/3_1	20	10	0.9469514915572231	0.9373981753045316	0.9565048078099146	0.009553316252691513	0.9482889024390243	0.001337410881801171	true	0.010088495913324424	0.0014123330431655514
broker_holdout_rank	phase/rho_eta/cells/3_2	20	10	0.9450666651031895	0.9359304076894008	0.9542029225169781	0.009136257413788651	0.9516574108818011	0.006590745778611629	true	0.00966731528171199	0.006973842186986884
broker_holdout_rank	phase/rho_eta/cells/3_4	20	10	0.9483323170731707	0.9356444989632235	0.9610201351831178	0.012687818109947124	0.9495712664165102	0.0012389493433395682	true	0.013379084400609084	0.0013064506197187566
broker_holdout_rank	phase/rho_eta/cells/4_0	20	10	0.9518580816135087	0.939703414883015	0.9640127483440024	0.012154666730493702	0.9553832551594746	0.0035251735459659317	true	0.012769410656145449	0.003703465478793181
broker_holdout_rank	phase/rho_eta/cells/4_1	20	10	0.9501201454033772	0.9385271830941408	0.9617131077126135	0.011592962309236343	0.9571483020637898	0.007028156660412566	true	0.012201575101130506	0.007397124136788758
broker_holdout_rank	phase/rho_eta/cells/4_2	20	10	0.9541110600375233	0.94557327493639	0.9626488451386567	0.008537785101133344	0.9554984615384615	0.0013874015009381901	true	0.008948418542383912	0.0014541299844942855
broker_holdout_rank	phase/rho_eta/cells/4_4	20	10	0.9551308958724203	0.943699828225722	0.9665619635191186	0.011431067646698323	0.9547497936210132	0.00038110225140708387	true	0.011968063954477299	0.00039900525996385407
broker_holdout_rank	phase/rho_r/cells/0_0	20	10	0.8200925775105654	0.7937892909194856	0.8463958641016452	0.026303286591079833	0.836528406106089	0.016435828595523616	true	0.03207355768409081	0.020041430743606346
broker_holdout_rank	phase/rho_r/cells/0_2	20	10	0.8241511577785359	0.7896634802133025	0.8586388353437693	0.03448767756523341	0.830801979741126	0.006650821962590148	true	0.04184630117877097	0.008069905501943543
broker_holdout_rank	phase/rho_r/cells/0_3	20	10	0.7560725824378872	0.711669768653914	0.8004753962218605	0.04440281378397326	0.7422009682187732	0.013871614219113981	true	0.0587282422552613	0.01834693459507052
broker_holdout_rank	phase/rho_r/cells/2_0	20	10	0.9536053517823639	0.9434366713827873	0.9637740321819406	0.010168680399576635	0.955258789868668	0.0016534380863040266	true	0.010663405339085573	0.00173388087977235
broker_holdout_rank	phase/rho_r/cells/2_2	20	10	0.962121580675422	0.9554351998334876	0.9688079615173564	0.006686380841934403	0.9665035647279548	0.004381984052532872	true	0.006949621520016707	0.0045545013650527015
broker_holdout_rank	phase/rho_r/cells/2_3	20	10	0.9461839681050657	0.936813751739286	0.9555541844708453	0.009370216365779616	0.952502401500938	0.006318433395872347	true	0.009903165432559024	0.0066778064402489845
rank_gap	oat/N=1500	20	10	0.33427346622889303	0.31804115528732746	0.3505057771704586	0.016232310941565575	0.3436312570356473	0.009357790806754251	true	0.0485599743368519	0.027994417003312264
rank_gap	oat/N=500	20	10	0.30284371482176364	0.2834362501777851	0.32225117946574217	0.019407464643978523	0.3074387148217637	0.004595000000000071	true	0.06408409253400103	0.015172842542578186
rank_gap	oat/delta=0.0	20	10	0.24477342401500937	0.22704965205483726	0.26249719597518145	0.017723771960172094	0.24009177298311446	0.004681651031894912	true	0.07240889010518267	0.019126467878342202
rank_gap	oat/delta=0.25	20	10	0.2765435412757974	0.2564959000689515	0.29659118248264327	0.02004764120684588	0.2716681613508443	0.004875379924953072	true	0.07249361570463267	0.01762970092326563
rank_gap	oat/delta=0.75	20	10	0.3368071998123828	0.31417675638564974	0.3594376432391158	0.022630443426733038	0.32441666041275796	0.012390539399624811	true	0.06719109163740931	0.036788226043050494
rank_gap	oat/delta=1.0	20	10	0.38027180581613507	0.3624837155528684	0.39805989607940173	0.017788090263266665	0.3671162664165103	0.013155539399624772	true	0.04677730505181699	0.034595095398646504
rank_gap	oat/eta=0.0	20	10	0.2538275703564728	0.23004900157327374	0.27760613913967186	0.02377856878319906	0.23794062851782366	0.015886941838649138	true	0.09368000784865366	0.0625895044275044
rank_gap	oat/eta=0.001	20	10	0.2856643292682927	0.2614921659956395	0.3098364925409459	0.024172163272653202	0.2684509849906192	0.017213344277673515	true	0.08461736659445142	0.0602572408034429
rank_gap	oat/eta=0.01	20	10	0.30880516885553466	0.2831114613845612	0.3344988763265081	0.025693707470973437	0.2863651313320825	0.02244003752345214	true	0.08320361853461551	0.07266729895298496
rank_gap	oat/eta=0.03	20	10	0.31507580206378977	0.29365384041857234	0.3364977637090072	0.021421961645217424	0.29542101313320823	0.019654788930581535	true	0.06798986626361223	0.06238114384487786
rank_gap	oat/k=12	20	10	0.2952727157598499	0.2751189007830994	0.31542653073660043	0.020153814976750506	0.28679058161350846	0.008482134146341469	true	0.06825491791507729	0.028726440655086213
rank_gap	oat/k=4	20	10	0.3125380675422139	0.2893581724626278	0.33571796262180004	0.02317989507958612	0.3008681613508444	0.011669906191369539	true	0.07416662956251004	0.037339151301283666
rank_gap	oat/n_strangers=0	20	10	0.32275666979362105	0.30330552031618063	0.3422078192710615	0.01945114947744042	0.31423776735459663	0.008518902439024423	true	0.06026567782434361	0.026394194872786454
rank_gap	oat/n_strangers=50	20	10	0.31044310037523454	0.28780759348495505	0.333078607265514	0.02263550689027949	0.29218161350844285	0.018261486866791687	true	0.07291354474594477	0.05882394179390334
rank_gap	oat/reservation_frac=0.4	20	10	0.3118949953095685	0.2932567333072037	0.3305332573119333	0.01863826200236479	0.29740192307692304	0.014493072232645454	true	0.05975813104620533	0.04646779349011512
rank_gap	oat/reservation_frac=0.9	20	10	0.2935587195121952	0.2753482439935962	0.3117691950307942	0.018210475518599	0.27998007504690436	0.013578644465290834	true	0.06203350235639139	0.04625529259650127
rank_gap	oat/reservation_frac=1.2	20	10	0.2668412288930581	0.24213393539422415	0.2915485223918921	0.02470729349883398	0.26257049718574105	0.004270731707317066	true	0.09259173929503943	0.01600476704830589
rank_gap	oat/rho=0.0	20	10	0.1767699202626641	0.13261058515221877	0.22092925537310945	0.04415933511044534	0.1850493058161351	0.008279385553470991	true	0.2498124966330729	0.046837072399922866
rank_gap	oat/rho=0.15	20	10	0.23268480300187613	0.19559364735527096	0.2697759586484813	0.03709115564660517	0.241334765478424	0.008649962476547868	true	0.15940514880254603	0.03717459139984369
rank_gap	oat/rho=0.3	20	10	0.27506581144465286	0.2467121248414072	0.30341949804789853	0.028353686603245665	0.27098962476547844	0.004076186679174421	true	0.1030796464828957	0.01481895062772862
rank_gap	oat/rho=0.5	50	20	0.31796620450281426	0.3056766094877418	0.33025579951788675	0.012289595015072485	0.3125100375234522	0.005456166979362076	true	0.03865063280636704	0.017159581433799153
rank_gap	oat/rho=0.7	20	10	0.30604936210131334	0.2849276461988502	0.3271710780037765	0.021121715902463145	0.28747402439024394	0.018575337711069395	true	0.06901408242592938	0.060693927226420065
rank_gap	oat/rho=0.85	20	10	0.2904949765478424	0.27351263750108884	0.30747731559459596	0.01698233904675356	0.27738366791744834	0.013111308630394058	true	0.05846000935564093	0.045134373014655976
rank_gap	oat/rho=1.0	20	10	0.28744707786116325	0.2710711251879743	0.30382303053435217	0.01637595267318892	0.2741038461538462	0.01334323170731705	true	0.05697032231128992	0.04641978553618076
rank_gap	oat/roster_frac=0.1	20	10	0.31068618667917447	0.2901660205257979	0.33120635283255107	0.020520166153376596	0.2951443902439025	0.015541796435271982	true	0.06604788701007311	0.050024098597344434
rank_gap	oat/roster_frac=0.4	20	10	0.3134640806754222	0.28574473206880013	0.34118342928204426	0.027719348606622063	0.2975917166979362	0.01587236397748598	true	0.08842910660416045	0.05063535172286962
rank_gap	phase/eta_r/cells/0_0	20	10	0.26725897748592875	0.23672075243843688	0.2977972025334206	0.030538225047491874	0.2597513977485928	0.0075075797373359565	true	0.11426454345803863	0.028091029188088666
rank_gap	phase/eta_r/cells/0_2	20	10	0.2116410131332082	0.18494985955420298	0.23833216671221344	0.026691153579005228	0.17969137898686677	0.031949634146341443	true	0.1261152230555882	0.1509614496422399
rank_gap	phase/eta_r/cells/0_3	20	10	0.11880350844277673	0.08897646517747614	0.14863055170807732	0.02982704326530059	0.10462439024390244	0.014179118198874296	true	0.25106197330584035	0.11934932212632302
rank_gap	phase/eta_r/cells/1_0	20	10	0.30084773921200747	0.27928205304206927	0.3224134253819457	0.021565686169938203	0.27999108818011265	0.020856651031894824	true	0.0716830587672818	0.06932626811995797
rank_gap	phase/eta_r/cells/1_2	20	10	0.25190859756097567	0.23026834095566664	0.2735488541662847	0.021640256605309036	0.23764166979362109	0.014266927767354581	true	0.08590519265651864	0.056635334821794656
rank_gap	phase/eta_r/cells/1_3	20	10	0.1976323311444653	0.1741567945456631	0.2211078677432675	0.023475536598802194	0.17688461538461536	0.020747715759849933	true	0.11878388754946195	0.10498138457256655
rank_gap	phase/eta_r/cells/2_0	20	10	0.2967949624765479	0.2747730341671426	0.3188168907859532	0.022021928309405303	0.2715429268292683	0.025252035647279625	true	0.07419913102853094	0.08508242672506608
rank_gap	phase/eta_r/cells/2_2	20	10	0.29449167448405256	0.27331343040226874	0.31566991856583637	0.021178244081783815	0.28206167917448405	0.012429995309568509	true	0.07191457659673386	0.042208308032292516
rank_gap	phase/eta_r/cells/2_3	20	10	0.2553837335834897	0.2295337020101215	0.2812337651568579	0.025850031573368196	0.25047818011257034	0.004905553470919366	true	0.10122035264598142	0.019208558830610286
rank_gap	phase/eta_r/cells/4_0	20	10	0.3181412945590994	0.29642346493571275	0.33985912418248604	0.021717829623386642	0.3043370919324578	0.013804202626641615	true	0.0682647301523199	0.043390162995886356
rank_gap	phase/eta_r/cells/4_2	20	10	0.31458441369606	0.29703852007183734	0.33213030732028265	0.017545893624222653	0.29983884615384615	0.014745567542213844	true	0.05577483454464739	0.046873166311603966
rank_gap	phase/eta_r/cells/4_3	20	10	0.2865833911819887	0.26027362140207816	0.3128931609618993	0.026309769779910563	0.27018754221388364	0.016395848968105087	true	0.09180493562937533	0.05721144166967181
rank_gap	phase/rho_delta/cells/0_0	20	10	0.2074371407318968	0.18062207944929157	0.23425220201450206	0.026815061282605246	0.204823317414293	0.0026138233176038195	true	0.12926837107373412	0.012600556044985544
rank_gap	phase/rho_delta/cells/0_1	20	10	0.24818538286239505	0.22464503206275732	0.2717257336620328	0.023540350799637733	0.24957856472795492	0.0013931818655598671	true	0.09484986798231201	0.005613472677125021
rank_gap	phase/rho_delta/cells/0_3	20	10	0.1290398333712358	0.07280411411077475	0.18527555263169687	0.05623571926046106	0.14749329438853825	0.01845346101730244	true	0.43580123897615425	0.14300592720244393
rank_gap	phase/rho_delta/cells/0_4	20	10	0.2281593819791695	0.16285227016790937	0.2934664937904296	0.06530711181126012	0.24337553388980612	0.015216151910636633	true	0.2862346104059071	0.06669088852995683
rank_gap	phase/rho_delta/cells/1_0	20	10	0.2315175599806698	0.21400552427969535	0.24902959568164426	0.017512035700974454	0.2237346716697936	0.0077828883108762015	true	0.07564020501268498	0.033616838012313285
rank_gap	phase/rho_delta/cells/1_1	20	10	0.2558235787992496	0.2323427195785588	0.2793044380199404	0.02348085922069082	0.2553503752345216	0.0004732035647280197	true	0.09178535978154213	0.001849726154833261
rank_gap	phase/rho_delta/cells/1_3	20	10	0.20571096153846152	0.15563111677574143	0.2557908063011816	0.050079844762720094	0.24343514071294559	0.03772417917448406	true	0.24344762373470666	0.18338438988546957
rank_gap	phase/rho_delta/cells/1_4	20	10	0.26819952626641647	0.2290140394437858	0.30738501308904714	0.03918548682263068	0.26607660412757983	0.002122922138836636	true	0.1461057272103669	0.007915458197818841
rank_gap	phase/rho_delta/cells/2_0	20	10	0.24324204057460155	0.22938829805744415	0.25709578309175896	0.013853742517157402	0.23164983161824626	0.011592208956355293	true	0.05695455639342289	0.04765709467397763
rank_gap	phase/rho_delta/cells/2_1	20	10	0.2620619277673546	0.24004332538317508	0.2840805301515341	0.02201860238417952	0.24236880863039395	0.019693119136960646	true	0.0840206075402396	0.07514681474236581
rank_gap	phase/rho_delta/cells/2_3	20	10	0.31169826923076926	0.283706403541983	0.3396901349195555	0.027991865688786255	0.3070877392120075	0.0046105300187617715	true	0.0898043667610556	0.014791644593150802
rank_gap	phase/rho_delta/cells/2_4	20	10	0.3558262804878049	0.32601722688703433	0.3856353340885755	0.029809053600770574	0.34211331144465296	0.013712969043151946	true	0.08377417643212053	0.03853838177537852
rank_gap	phase/rho_delta/cells/4_0	20	10	0.2574564868667918	0.24195738812021156	0.272955585613372	0.015499098746580231	0.2566197467166979	0.0008367401500938842	true	0.06020084766634557	0.003250025510240161
rank_gap	phase/rho_delta/cells/4_1	20	10	0.2811011632270169	0.2640330691766918	0.298169257277342	0.01706809405032511	0.26737866791744846	0.013722495309568428	true	0.06071868879653459	0.04881692822624914
rank_gap	phase/rho_delta/cells/4_3	20	10	0.330435576923077	0.3137229930258616	0.34714816082029243	0.016712583897215416	0.3161734615384615	0.014262115384615526	true	0.05057743495067416	0.043161561226004556
rank_gap	phase/rho_delta/cells/4_4	20	10	0.3582831285178237	0.3404351870049704	0.376131070030677	0.017847941512853294	0.33354895872420265	0.02473416979362103	true	0.04981518830286033	0.06903526240809457
rank_gap	phase/rho_delta/cells/5_0	20	10	0.2690756754221388	0.2556453809703471	0.28250596987393045	0.013430294451791669	0.2565259193245778	0.012549756097560982	true	0.04991270366866712	0.046640247498672356
rank_gap	phase/rho_delta/cells/5_1	20	10	0.27730116791744835	0.25823649021016915	0.29636584562472756	0.01906467770727921	0.2563258161350844	0.020975351782363927	true	0.06875080206281245	0.07564105099120326
rank_gap	phase/rho_delta/cells/5_3	20	10	0.3081554502814259	0.29008667939186794	0.3262242211709838	0.01806877088955794	0.2909955909943715	0.01715985928705438	true	0.05863524683096295	0.05568572378448272
rank_gap	phase/rho_delta/cells/5_4	20	10	0.32255600375234517	0.30170409571255236	0.343407911792138	0.02085190803979281	0.29821808630394	0.02433791744840519	true	0.06464585311455764	0.0754533078450822
rank_gap	phase/rho_eta/cells/0_0	20	10	0.17639777204502813	0.13294194502365245	0.2198535990664038	0.04345582702137568	0.20003175422138836	0.02363398217636023	true	0.24635133719423022	0.13398118299548198
rank_gap	phase/rho_eta/cells/0_1	20	10	0.21018526057952885	0.1737531880848636	0.24661733307419412	0.03643207249466526	0.21588980300187618	0.005704542422347331	true	0.17333314616930656	0.027140544520670013
rank_gap	phase/rho_eta/cells/0_2	20	10	0.20195856505960164	0.16888161352254422	0.23503551659665906	0.03307695153705742	0.22454074269903534	0.02258217763943371	true	0.16378088013893252	0.11181589467507505
rank_gap	phase/rho_eta/cells/0_4	20	10	0.18821761209657553	0.15235721315736334	0.22407801103578773	0.035860398939212196	0.21366237733810906	0.025444765241533523	true	0.1905262665898238	0.13518801433139885
rank_gap	phase/rho_eta/cells/1_0	20	10	0.1983961632270169	0.16489586189276434	0.23189646456126944	0.03350030133425255	0.2049127861163227	0.006516622889305795	true	0.1688555906997026	0.03284651670329471
rank_gap	phase/rho_eta/cells/1_1	20	10	0.23728663227016883	0.1959956021515018	0.27857766238883586	0.04129103011866703	0.23317234521575986	0.004114287054408972	true	0.17401330080682362	0.017338891007246223
rank_gap	phase/rho_eta/cells/1_2	20	10	0.23919309568480301	0.20554157060851547	0.27284462076109056	0.03365152507628755	0.26553590056285176	0.026342804878048742	true	0.14068769409896298	0.11013196180529393
rank_gap	phase/rho_eta/cells/1_4	20	10	0.2446433348968105	0.20342866350603722	0.2858580062875838	0.04121467139077328	0.26090818949343336	0.016264854596622857	true	0.16846840077681843	0.06648394734924334
rank_gap	phase/rho_eta/cells/3_0	20	10	0.23718001407129458	0.21831884312746164	0.2560411850151275	0.01886117094383294	0.21895162288930575	0.018228391181988823	true	0.07952259813157532	0.07685466776517477
rank_gap	phase/rho_eta/cells/3_1	20	10	0.25869549249530954	0.24202990263144458	0.2753610823591745	0.01666558986386496	0.24275964352720444	0.0159358489681051	true	0.06442164764106637	0.061600798739831285
rank_gap	phase/rho_eta/cells/3_2	20	10	0.2854481425891182	0.26247851594156013	0.3084177692366763	0.022969626647558083	0.26614627579737343	0.01930186679174478	true	0.08046864988931172	0.06761952141874124
rank_gap	phase/rho_eta/cells/3_4	20	10	0.3085719559099437	0.28515304595582897	0.3319908658640584	0.02341890995411472	0.2943281519699813	0.014243803939962385	true	0.07589448589083544	0.04616039684474574
rank_gap	phase/rho_eta/cells/4_0	20	10	0.21106258442776732	0.1939610147454097	0.22816415411012494	0.017101569682357626	0.19634031894934337	0.014722265478423952	true	0.08102606024996513	0.06975308067196724
rank_gap	phase/rho_eta/cells/4_1	20	10	0.23613817542213883	0.21315651677993852	0.25911983406433914	0.02298165864220031	0.21725270168855534	0.018885473733583485	true	0.09732292798958289	0.07997636849620929
rank_gap	phase/rho_eta/cells/4_2	20	10	0.26943424484052536	0.24151478272085247	0.29735370696019825	0.02791946211967289	0.258431641651032	0.011002603189493365	true	0.10362254484836572	0.04083594940207271
rank_gap	phase/rho_eta/cells/4_4	20	10	0.28553130393996246	0.2695670474007513	0.3014955604791736	0.01596425653921113	0.2629862664165104	0.02254503752345205	true	0.05591070512733648	0.07895819902182251
rank_gap	phase/rho_r/cells/0_0	20	10	0.18176701963348302	0.14737133063431856	0.21616270863264747	0.03439568899916445	0.1993914737430591	0.017624454109576082	true	0.18922953717632765	0.09696178187392973
rank_gap	phase/rho_r/cells/0_2	20	10	0.18404268268993876	0.1388293043810126	0.22925606099886492	0.04521337830892616	0.18531874628081943	0.0012760635908806717	true	0.24566789425199942	0.0069335198348009705
rank_gap	phase/rho_r/cells/0_3	20	10	0.12092521467015367	0.06705489926351815	0.1747955300767892	0.05387031540663552	0.10681292370231396	0.01411229096783971	true	0.44548455467767384	0.11670263316326249
rank_gap	phase/rho_r/cells/2_0	20	10	0.27042155253283295	0.2502202489335	0.29062285613216593	0.020201303599332976	0.25333213883677297	0.017089413696059985	true	0.07470300872886326	0.06319545737385371
rank_gap	phase/rho_r/cells/2_2	20	10	0.28518503752345215	0.26863834009545035	0.30173173495145394	0.0165466974280018	0.26579341463414635	0.019391622889305793	true	0.05802091712697615	0.06799663494867302
rank_gap	phase/rho_r/cells/2_3	20	10	0.2721494371482176	0.2585465586396169	0.2857523156568183	0.013602878508600702	0.2573199906191369	0.014829446529080692	true	0.0499831219610141	0.054490087080372326
q_self_mean	oat/N=1500	20	10	3.104270976560852	3.052542399658138	3.1559995534635656	0.05172857690271382	3.1020797077728424	0.0021912687880094595	true	0.016663679586381562	0.0007058883726823082
q_self_mean	oat/N=500	20	10	3.230006405525581	3.055779982600579	3.404232828450583	0.17422642292500212	3.217157182453987	0.012849223071594196	true	0.05393996204680972	0.003978079749195851
q_self_mean	oat/delta=0.0	20	10	3.2288003479715757	3.109208098783539	3.3483925971596125	0.11959224918803679	3.2967709494865147	0.06797060151493906	true	0.037039220855872385	0.021051348547345184
q_self_mean	oat/delta=0.25	20	10	3.1975924377520824	3.091934999197795	3.30324987630637	0.10565743855428744	3.228023630043566	0.030431192291483722	true	0.033042809742371344	0.009516907762290352
q_self_mean	oat/delta=0.75	20	10	3.2239792680386543	3.1499873569635244	3.2979711791137842	0.07399191107512992	3.209695083760864	0.014284184277790324	true	0.02295049220963005	0.004430606740991941
q_self_mean	oat/delta=1.0	20	10	3.292617197913522	3.205842306722233	3.379392089104811	0.0867748911912889	3.300616567887503	0.007999369973981096	true	0.026354381932487243	0.0024294867860892447
q_self_mean	oat/eta=0.0	20	10	5.409277506550529	5.242555331831694	5.575999681269364	0.166722174718835	5.398153612303637	0.011123894246892085	true	0.030821523672419783	0.002056447322848803
q_self_mean	oat/eta=0.001	20	10	5.339000708290036	5.179917968336948	5.498083448243124	0.15908273995308786	5.326296387547198	0.012704320742837893	true	0.029796351161009406	0.002379531570975724
q_self_mean	oat/eta=0.01	20	10	3.6533254183789294	3.554914972917634	3.7517358638402247	0.09841044546129529	3.702933622331102	0.04960820395217258	true	0.026937224088009776	0.013578917361866154
q_self_mean	oat/eta=0.03	20	10	3.0485197456460336	2.9440900493251805	3.1529494419668866	0.10442969632085308	3.043476603485774	0.005043142160259695	true	0.03425587007268101	0.0016542921092974475
q_self_mean	oat/k=12	20	10	3.280137616563068	3.207170850738215	3.353104382387921	0.07296676582485295	3.302976393265032	0.02283877670196377	true	0.022245031871957744	0.006962749546433441
q_self_mean	oat/k=4	20	10	3.141890465166226	3.056268732643453	3.2275121976889993	0.08562173252277328	3.1270933404741146	0.014797124692111474	true	0.02725166057571117	0.004709624621279918
q_self_mean	oat/n_strangers=0	20	10	3.1173771941502215	3.041799946608856	3.192954441691587	0.07557724754136563	3.0780656248821825	0.039311569268039026	true	0.024243857202518457	0.012610462840944445
q_self_mean	oat/n_strangers=50	20	10	3.106395085005471	3.0122931333534306	3.2004970366575116	0.0941019516520405	3.1202541703100684	0.01385908530459723	true	0.030292975966344202	0.0044614689778176815
q_self_mean	oat/reservation_frac=0.4	20	10	3.187707177237698	3.1101470902005475	3.2652672642748484	0.07756008703715045	3.1700543989366237	0.017652778301074257	true	0.024330994889047497	0.005537766588828037
q_self_mean	oat/reservation_frac=0.9	20	10	3.228952376435996	3.150612661300562	3.3072920915714303	0.07833971513543414	3.214019421362707	0.014932955073289289	true	0.02426165083980048	0.004624705889831599
q_self_mean	oat/reservation_frac=1.2	20	10	3.6834246042467966	3.625055572769152	3.7417936357244415	0.05836903147764483	3.65530100589553	0.028123598351266654	true	0.015846403211388766	0.007635176872859461
q_self_mean	oat/rho=0.0	20	10	3.5145828361619005	3.378803532182609	3.650362140141192	0.1357793039792914	3.606826746983457	0.0922439108215567	true	0.03863312100151526	0.026246048285574523
q_self_mean	oat/rho=0.15	20	10	3.423343470371395	3.3324934729491997	3.5141934677935907	0.09084999742219546	3.4452118240325285	0.021868353661133266	true	0.026538382201053062	0.006388010391128177
q_self_mean	oat/rho=0.3	20	10	3.3053124145816914	3.214829019716764	3.3957958094466187	0.09048339486492729	3.330840627023888	0.025528212442196718	true	0.02737514144374112	0.007723388666552864
q_self_mean	oat/rho=0.5	50	20	3.197890008186272	3.1462016669606494	3.249578349411894	0.05168834122562238	3.235526141442854	0.037636133256582216	true	0.01616326424401887	0.011769051831125385
q_self_mean	oat/rho=0.7	20	10	3.145586049278156	3.087012994084524	3.204159104471788	0.05857305519363187	3.138155388203158	0.007430661074998124	true	0.018620713048709357	0.0023622501367283532
q_self_mean	oat/rho=0.85	20	10	3.3508655091636816	3.120249051032037	3.581481967295326	0.23061645813164455	3.510807008536955	0.1599414993732733	true	0.06882295260760926	0.047731399226820036
q_self_mean	oat/rho=1.0	20	10	3.345672239236697	3.2395156842131083	3.451828794260286	0.10615655502358878	3.378528908199346	0.03285666896264905	true	0.031729514259833176	0.009820647873787296
q_self_mean	oat/roster_frac=0.1	20	10	3.2034478635168164	3.1260007821886853	3.2808949448449476	0.07744708132813116	3.1938181288870915	0.00962973462972494	true	0.02417616412932909	0.0030060531777012294
q_self_mean	oat/roster_frac=0.4	20	10	3.1371344135460437	3.040112249276375	3.2341565778157126	0.09702216426966892	3.0747494401462303	0.062384973399813415	true	0.03092700263359147	0.019885974005588395
q_self_mean	phase/eta_r/cells/0_0	20	10	5.48766657870677	5.324127166068833	5.651205991344708	0.16353941263793725	5.482389666264005	0.00527691244276518	true	0.029801266219872478	0.000961594945152215
q_self_mean	phase/eta_r/cells/0_2	20	10	5.097719094494331	4.967901605958463	5.227536583030199	0.12981748853586783	5.056132100190306	0.04158699430402546	true	0.0254657987483214	0.008157961145591662
q_self_mean	phase/eta_r/cells/0_3	20	10	5.074014108888436	4.944061474965033	5.203966742811839	0.12995263392340295	5.125899216591205	0.051885107702768885	true	0.025611405710472424	0.010225653021318728
q_self_mean	phase/eta_r/cells/1_0	20	10	5.380383167355077	5.2250209871821784	5.535745347527975	0.15536218017289816	5.382436943341597	0.0020537759865204563	true	0.02887567211115042	0.0003817155623750984
q_self_mean	phase/eta_r/cells/1_2	20	10	4.9751468520464925	4.841178446784408	5.109115257308577	0.13396840526208464	4.950940210030034	0.02420664201645817	true	0.02692752781899848	0.004865513066513993
q_self_mean	phase/eta_r/cells/1_3	20	10	4.952837096290062	4.830034991375578	5.075639201204546	0.12280210491448429	4.996620751881941	0.04378365559187891	true	0.024794295174066918	0.008840116228469376
q_self_mean	phase/eta_r/cells/2_0	20	10	3.805320160190159	3.6600937695586553	3.9505465508216626	0.14522639063150367	3.929783079507895	0.12446291931773601	true	0.03816403995406432	0.03270760779075061
q_self_mean	phase/eta_r/cells/2_2	20	10	3.6382528832202796	3.548547161935361	3.7279586045051984	0.08970572128491883	3.671912566113599	0.03365968289331933	true	0.024656263367135372	0.00925160618948691
q_self_mean	phase/eta_r/cells/2_3	20	10	4.015661730313913	3.9412856018376314	4.090037858790194	0.07437612847628139	4.02349851415674	0.007836783842827266	true	0.018521512386071234	0.0019515547795443038
q_self_mean	phase/eta_r/cells/4_0	20	10	3.0582856340469524	2.957910895397936	3.158660372695969	0.10037473864901658	3.0314926312646455	0.026793002782306896	true	0.032820589918605224	0.00876079149835733
q_self_mean	phase/eta_r/cells/4_2	20	10	3.080976933865926	2.989994388719999	3.171959479011853	0.09098254514592696	3.0706669253816874	0.010310008484238686	true	0.029530420739555665	0.0033463439375062015
q_self_mean	phase/eta_r/cells/4_3	20	10	3.566334830766222	3.488302712497869	3.6443669490345747	0.07803211826835277	3.5519004450789256	0.01443438568729638	true	0.021880199692743848	0.004047400586948022
q_self_mean	phase/rho_delta/cells/0_0	20	10	3.3687446918141406	3.2218996818828383	3.515589701745443	0.14684500993130234	3.5080335355954695	0.13928884378132889	true	0.04359042413873851	0.04134740282331069
q_self_mean	phase/rho_delta/cells/0_1	20	10	3.4653773267321375	3.3453579826510853	3.5853966708131897	0.12001934408105219	3.5558384109895274	0.09046108425738986	true	0.03463384583122175	0.026104252359351286
q_self_mean	phase/rho_delta/cells/0_3	20	10	3.5997310326724103	3.4753874199180066	3.724074645426814	0.12434361275440375	3.6570440437697584	0.0573130110973481	true	0.03454247320864195	0.015921470403526063
q_self_mean	phase/rho_delta/cells/0_4	20	10	3.638814253823847	3.478250996698414	3.7993775109492796	0.16056325712543273	3.7618013312158447	0.12298707739199788	true	0.04412515889117036	0.03379866869070246
q_self_mean	phase/rho_delta/cells/1_0	20	10	3.331027670120539	3.2387014863793366	3.423353853861741	0.09232618374120216	3.4072501036289795	0.07622243350844071	true	0.027717026961190383	0.022882557894117545
q_self_mean	phase/rho_delta/cells/1_1	20	10	3.4074185560106782	3.3202426036122525	3.494594508409104	0.08717595239842568	3.4624696388093517	0.055051082798673434	true	0.0255841631914129	0.016156243177570143
q_self_mean	phase/rho_delta/cells/1_3	20	10	3.446341913576421	3.3475933244204605	3.5450905027323816	0.09874858915596052	3.4996514517473507	0.05330953817092965	true	0.028653160839019816	0.015468441468597058
q_self_mean	phase/rho_delta/cells/1_4	20	10	3.530412544605036	3.4206530326267712	3.6401720565833005	0.10975951197826461	3.597615618140093	0.06720307353505728	true	0.031089712771951397	0.019035473244551255
q_self_mean	phase/rho_delta/cells/2_0	20	10	3.2244023228052208	3.1140800713407737	3.334724574269668	0.11032225146444707	3.217715559044567	0.00668676376065358	true	0.03421479096580821	0.0020737994490824317
q_self_mean	phase/rho_delta/cells/2_1	20	10	3.234417210209532	3.1641468962598545	3.3046875241592097	0.07027031394967764	3.274954467296978	0.040537257087446044	true	0.02172580387213726	0.012533094666788506
q_self_mean	phase/rho_delta/cells/2_3	20	10	3.3580387936332246	3.2544996290891444	3.4615779581773047	0.10353916454408019	3.395071068189501	0.037032274556276334	true	0.030833224660890876	0.011027947213262931
q_self_mean	phase/rho_delta/cells/2_4	20	10	3.410423626713618	3.3133825058230073	3.507464747604229	0.09704112089061079	3.4533219651728144	0.04289833845919633	true	0.02845427181846098	0.012578595258130555
q_self_mean	phase/rho_delta/cells/4_0	20	10	3.0446235658363903	2.9446097411324668	3.1446373905403138	0.1000138247039235	3.0469430484205793	0.0023194825841890143	true	0.03284932358343901	0.0007618290189354913
q_self_mean	phase/rho_delta/cells/4_1	20	10	3.1939992418777927	3.0556010956781305	3.332397388077455	0.13839814619966218	3.2608319101950487	0.06683266831725598	true	0.04333067597044768	0.020924447144816543
q_self_mean	phase/rho_delta/cells/4_3	20	10	3.187023356283876	3.0907727176884072	3.283273994879345	0.0962506385954689	3.1926455634664452	0.005622207182569117	true	0.030200794859469995	0.0017640934985568184
q_self_mean	phase/rho_delta/cells/4_4	20	10	3.2571943356763375	3.175891305009573	3.338497366343102	0.08130303066676436	3.2987905731026914	0.04159623742635388	true	0.02496106227873636	0.012770572811927925
q_self_mean	phase/rho_delta/cells/5_0	20	10	3.13535790375049	2.9807119087640377	3.290003898736942	0.15464599498645226	3.2033010566525144	0.06794315290202446	true	0.04932323509270376	0.021669983136774085
q_self_mean	phase/rho_delta/cells/5_1	20	10	3.1731234085569313	2.99269886595227	3.3535479511615924	0.18042454260466112	3.2965158340489076	0.12339242549197627	true	0.05686023497167239	0.038886740162461096
q_self_mean	phase/rho_delta/cells/5_3	20	10	3.2267392466405354	3.03602422762554	3.4174542656555307	0.19071501901499532	3.3565682504492793	0.12982900380874396	true	0.05910456483694957	0.040235356465172456
q_self_mean	phase/rho_delta/cells/5_4	20	10	3.3437876313262107	3.1241082585671727	3.5634670040852487	0.21967937275903804	3.4996468795522953	0.15585924822608455	true	0.06569776462505454	0.04661158704156931
q_self_mean	phase/rho_eta/cells/0_0	20	10	5.446038989604777	5.26387205478375	5.628205924425805	0.1821669348210273	5.417353996363847	0.028684993240930545	true	0.033449436401160854	0.005267129613960446
q_self_mean	phase/rho_eta/cells/0_1	20	10	5.303173094318314	5.128837342803813	5.477508845832816	0.17433575151450142	5.29356421047623	0.009608883842084026	true	0.03287385654096042	0.0018119121648845938
q_self_mean	phase/rho_eta/cells/0_2	20	10	4.026362920143811	3.8491201832399025	4.203605657047719	0.17724273690390824	4.161204319099043	0.13484139895523217	true	0.044020556621254	0.03348962863745427
q_self_mean	phase/rho_eta/cells/0_4	20	10	3.4674606760090994	3.378998697645652	3.5559226543725466	0.08846197836344727	3.4877315514107656	0.020270875401666277	true	0.02551203506805541	0.005846028923101501
q_self_mean	phase/rho_eta/cells/1_0	20	10	5.485703301380847	5.302267797759369	5.6691388050023255	0.1834355036214781	5.502058725715733	0.01635542433488535	true	0.03343883063732305	0.0029814635309876134
q_self_mean	phase/rho_eta/cells/1_1	20	10	5.326900860833731	5.154129788630682	5.49967193303678	0.17277107220304888	5.331313002223328	0.004412141389597224	true	0.032433693946391166	0.00082827548416335
q_self_mean	phase/rho_eta/cells/1_2	20	10	3.89320618815486	3.77665550409971	4.00975687221001	0.11655068405515023	3.9002211088727754	0.00701492071791554	true	0.029936941025563324	0.0018018364245023922
q_self_mean	phase/rho_eta/cells/1_4	20	10	3.260054197429439	3.154747793126508	3.3653606017323696	0.10530640430293081	3.303002881431543	0.042948684002104276	true	0.03230204098630176	0.013174223924243169
q_self_mean	phase/rho_eta/cells/3_0	20	10	5.152395107004044	5.064423512062708	5.24036670194538	0.08797159494133577	5.128919369374066	0.0234757376299779	true	0.01707392253784056	0.004556276671807551
q_self_mean	phase/rho_eta/cells/3_1	20	10	5.0281760965973925	4.945758261160537	5.110593932034248	0.08241783543685521	5.0239822352344135	0.004193861362979057	true	0.016391199085614372	0.0008340720934211267
q_self_mean	phase/rho_eta/cells/3_2	20	10	3.8977469648011365	3.6950119704728053	4.100481959129468	0.2027349943283312	4.064548366200471	0.16680140139933464	true	0.0520133800780664	0.04279431243373308
q_self_mean	phase/rho_eta/cells/3_4	20	10	2.9216050154437943	2.817103540232443	3.0261064906551454	0.10450147521135111	2.890859568683273	0.030745446760521045	true	0.03576851581885625	0.01052347822446861
q_self_mean	phase/rho_eta/cells/4_0	20	10	4.962041216379777	4.914477384332995	5.009605048426559	0.04756383204678194	4.972881741786198	0.010840525406420554	true	0.009585537477958258	0.0021846907217609973
q_self_mean	phase/rho_eta/cells/4_1	20	10	4.861246652603707	4.803722302988236	4.918771002219177	0.057524349615470705	4.8721735169037075	0.010926864300000894	true	0.011833250547914575	0.0022477494109763825
q_self_mean	phase/rho_eta/cells/4_2	20	10	3.9696748505550397	3.8128501452688006	4.126499555841279	0.15682470528623904	4.132973658163977	0.16329880760893767	true	0.039505680235828844	0.04113657006092205
q_self_mean	phase/rho_eta/cells/4_4	20	10	3.1288169673659576	3.053437324979855	3.20419660975206	0.0753796423861024	3.128202411222646	0.0006145561433115176	true	0.024092058810829674	0.00019641805504170835
q_self_mean	phase/rho_r/cells/0_0	20	10	3.513272554639393	3.411264387005552	3.6152807222732335	0.10200816763384069	3.5701238780384905	0.05685132339909771	true	0.029035085108650487	0.01618187103759532
q_self_mean	phase/rho_r/cells/0_2	20	10	3.5993534089909254	3.5024193120610003	3.6962875059208504	0.09693409692992505	3.642934205880768	0.04358079688984251	true	0.02693097507118658	0.012107951606247062
q_self_mean	phase/rho_r/cells/0_3	20	10	4.2404260289141895	4.081673268941245	4.399178788887134	0.1587527599729448	4.302467109726919	0.06204108081272963	true	0.03743792696546467	0.014630860293208788
q_self_mean	phase/rho_r/cells/2_0	20	10	3.326316417780663	3.224035889560775	3.4285969460005505	0.10228052821988776	3.3533904035563786	0.027073985775715848	true	0.0307488871693481	0.008139329629314029
q_self_mean	phase/rho_r/cells/2_2	20	10	3.2515305802924743	3.1523550139685854	3.3507061466163632	0.09917556632388891	3.254845086807632	0.0033145065151578557	true	0.030501194399029177	0.0010193680893690739
q_self_mean	phase/rho_r/cells/2_3	20	10	3.640077412128312	3.5892201325230393	3.690934691733585	0.050857279605272865	3.6335879859959723	0.006489426132339826	true	0.013971482978857086	0.0017827714626941222
q_broker_mean	oat/N=1500	20	10	4.90305243612688	4.832415528238338	4.973689344015423	0.07063690788854249	4.856379974414	0.04667246171288042	true	0.014406720876177585	0.00951906232309212
q_broker_mean	oat/N=500	20	10	4.860885130263079	4.759149014951613	4.962621245574545	0.10173611531146598	4.837700487284592	0.02318464297848699	true	0.020929545254643748	0.004769633998166955
q_broker_mean	oat/delta=0.0	20	10	4.70556772921562	4.610976992773423	4.800158465657816	0.09459073644219629	4.698547457830115	0.007020271385504984	true	0.02010187545594287	0.00149190741468197
q_broker_mean	oat/delta=0.25	20	10	4.811500870672977	4.701729755420379	4.921271985925575	0.10977111525259797	4.800087777221419	0.011413093451557721	true	0.022814318900298662	0.0023720443492222395
q_broker_mean	oat/delta=0.75	20	10	5.002509447011674	4.872688500742581	5.132330393280767	0.1298209462690929	4.988840023808434	0.013669423203239717	true	0.02595116463930787	0.002732513221220473
q_broker_mean	oat/delta=1.0	20	10	5.030243507773989	4.881751138909114	5.178735876638863	0.1484923688648747	5.0236401596456215	0.006603348128367159	true	0.029519916607493694	0.0013127293178077793
q_broker_mean	oat/eta=0.0	20	10	4.302811176170442	4.170511638504968	4.435110713835916	0.13229953766547364	4.203780359069762	0.09903081710067951	true	0.030747232971357567	0.02301537600560437
q_broker_mean	oat/eta=0.001	20	10	4.524975163075286	4.376737472488737	4.673212853661835	0.1482376905865488	4.433716983226096	0.09125817984919049	true	0.03275989044010636	0.020167664254574415
q_broker_mean	oat/eta=0.01	20	10	4.950038071941331	4.830343908616946	5.069732235265716	0.1196941633243851	4.969748665029538	0.019710593088206885	true	0.02418045307628166	0.0039819073715682924
q_broker_mean	oat/eta=0.03	20	10	4.904809826448569	4.777223469301454	5.032396183595685	0.12758635714711541	4.904953967839082	0.0001441413905123312	true	0.026012498274473772	2.9387763361398217e-5
q_broker_mean	oat/k=12	20	10	4.952261710948324	4.8299445783334605	5.074578843563188	0.12231713261486377	4.947253669646576	0.005008041301747923	true	0.024699246476503536	0.0010112634578007627
q_broker_mean	oat/k=4	20	10	4.937791994833832	4.8128896466038205	5.062694343063844	0.12490234823001156	4.94771226767124	0.009920272837407929	true	0.025295182211136216	0.002009050370648869
q_broker_mean	oat/n_strangers=0	20	10	4.933488356612395	4.808244244075386	5.058732469149405	0.1252441125370094	4.912882746040348	0.020605610572046906	true	0.025386522371973103	0.004176681707260753
q_broker_mean	oat/n_strangers=50	20	10	4.925649703626671	4.7942015561906235	5.057097851062718	0.13144814743604716	4.909624846576935	0.016024857049735886	true	0.02668645871005893	0.0032533489009454043
q_broker_mean	oat/reservation_frac=0.4	20	10	4.940016158778942	4.8231931985572984	5.0568391190005855	0.11682296022164351	4.9265694662755735	0.013446692503368496	true	0.023648295160742846	0.002721993627383642
q_broker_mean	oat/reservation_frac=0.9	20	10	4.963056821373853	4.846212941079604	5.079900701668103	0.1168438802942493	4.973000753517676	0.009943932143822387	true	0.023542724675456175	0.0020035902270951127
q_broker_mean	oat/reservation_frac=1.2	20	10	5.13264985404807	5.010191937001957	5.255107771094184	0.12245791704611353	5.135464149473939	0.0028142954258685293	true	0.023858615048430037	0.0005483123738995993
q_broker_mean	oat/rho=0.0	20	10	5.396710866403895	5.225863850169957	5.567557882637833	0.17084701623393794	5.389071615280189	0.0076392511237060035	true	0.031657618957782345	0.0014155383367418437
q_broker_mean	oat/rho=0.15	20	10	5.2559839443087775	5.08709279547391	5.424875093143645	0.16889114883486744	5.255616111982776	0.0003678323260016825	true	0.03213311734289907	6.998353303570768e-5
q_broker_mean	oat/rho=0.3	20	10	5.127681185145142	4.977048371406569	5.278313998883714	0.1506328137385724	5.113316418322148	0.014364766822994035	true	0.029376400033401973	0.0028014157480400047
q_broker_mean	oat/rho=0.5	50	20	4.911100965474135	4.8475882309657425	4.974613699982527	0.06351273450839212	4.93536896069949	0.0242679952253555	true	0.012932483969459663	0.00494145719991578
q_broker_mean	oat/rho=0.7	20	10	4.74108865575519	4.656240313291281	4.825936998219099	0.08484834246390882	4.751944505979399	0.010855850224208652	true	0.01789638385287559	0.0022897378666460444
q_broker_mean	oat/rho=0.85	20	10	4.593970428191192	4.538492626013728	4.649448230368657	0.055477802177464675	4.54839856512941	0.045571863061782736	true	0.012076221004171382	0.009919929562917535
q_broker_mean	oat/rho=1.0	20	10	4.46929584511377	4.441955344630226	4.496636345597314	0.027340500483544083	4.489622015681495	0.02032617056772512	true	0.0061174067305110585	0.004547958173309895
q_broker_mean	oat/roster_frac=0.1	20	10	4.914897773548501	4.794939423141081	5.034856123955921	0.11995835040741998	4.913315694546299	0.0015820790022020859	true	0.024407089614971057	0.0003218945896935396
q_broker_mean	oat/roster_frac=0.4	20	10	4.91851969300693	4.801985900020851	5.035053485993009	0.11653379298607902	4.911695796054281	0.006823896952648845	true	0.023692858880236842	0.0013873883563688785
q_broker_mean	phase/eta_r/cells/0_0	20	10	4.262417465526576	4.128294666913495	4.396540264139657	0.13412279861308107	4.159451755297921	0.10296571022865475	true	0.03146636848638937	0.024156646096121993
q_broker_mean	phase/eta_r/cells/0_2	20	10	4.489275949276181	4.372525098262769	4.606026800289594	0.11675085101341232	4.45580198207458	0.03347396720160134	true	0.026006610494112393	0.007456428960888101
q_broker_mean	phase/eta_r/cells/0_3	20	10	4.8674168527623385	4.759804999897718	4.975028705626959	0.10761185286462016	4.846642343154858	0.020774509607480063	true	0.022108616566002288	0.004268076936063158
q_broker_mean	phase/eta_r/cells/1_0	20	10	4.4911888120626235	4.348169954879792	4.6342076692454555	0.14301885718283192	4.406266825129131	0.08492198693349273	true	0.031844320772866606	0.018908576434240685
q_broker_mean	phase/eta_r/cells/1_2	20	10	4.709939543669576	4.583493236024154	4.836385851314999	0.12644630764542253	4.666286320840691	0.04365322282888506	true	0.026846694415722062	0.009268319141709037
q_broker_mean	phase/eta_r/cells/1_3	20	10	5.099971179903402	4.971847782903709	5.2280945769030955	0.1281233969996931	5.127823876041846	0.02785269613844399	true	0.025122376672355992	0.005461343830372693
q_broker_mean	phase/eta_r/cells/2_0	20	10	4.947001267825956	4.830260454352613	5.063742081299299	0.11674081347334297	4.936590925630414	0.010410342195542377	true	0.02359829867693701	0.0021043742728041343
q_broker_mean	phase/eta_r/cells/2_2	20	10	4.9944355557395825	4.860301366471998	5.128569745007167	0.13413418926758425	4.98284320109322	0.011592354646362324	true	0.02685672640493636	0.0023210540043990444
q_broker_mean	phase/eta_r/cells/2_3	20	10	5.1946854802301115	5.073532302016482	5.315838658443741	0.12115317821362925	5.228941983561009	0.034256503330897914	true	0.023322524274994694	0.006594528862482823
q_broker_mean	phase/eta_r/cells/4_0	20	10	4.91526083919149	4.8002581120775485	5.030263566305431	0.1150027271139411	4.898513757267305	0.016747081924184393	true	0.02339707512508286	0.0034071603668828117
q_broker_mean	phase/eta_r/cells/4_2	20	10	4.941999948649292	4.8210717457414125	5.062928151557171	0.12092820290787909	4.941540641319216	0.00045930733007537583	true	0.024469486880697	9.293956593441691e-5
q_broker_mean	phase/eta_r/cells/4_3	20	10	5.108803552933221	4.990310340670333	5.227296765196109	0.11849321226288811	5.124960688414953	0.016157135481732254	true	0.023193926138509516	0.0031626065309275065
q_broker_mean	phase/rho_delta/cells/0_0	20	10	4.93910652375222	4.807879163319835	5.070333884184605	0.13122736043238525	4.9360663898916455	0.0030401338605745565	true	0.02656904843038136	0.0006155230396336904
q_broker_mean	phase/rho_delta/cells/0_1	20	10	5.182415888087241	5.02877141870173	5.336060357472752	0.1536444693855108	5.155061243936722	0.02735464415051858	true	0.02964726735627134	0.005278357573231122
q_broker_mean	phase/rho_delta/cells/0_3	20	10	5.53965075519355	5.357261757005721	5.72203975338138	0.18238899818782972	5.518486596190656	0.021164159002894145	true	0.03292427740446197	0.003820486153039929
q_broker_mean	phase/rho_delta/cells/0_4	20	10	5.55152394248713	5.356910452376848	5.746137432597411	0.19461349011028162	5.553778584704336	0.002254642217206282	true	0.035055867924995945	0.00040613032395500815
q_broker_mean	phase/rho_delta/cells/1_0	20	10	4.869783028886907	4.748426464005972	4.991139593767842	0.12135656488093538	4.873396148924954	0.003613120038046702	true	0.024920322766140573	0.0007419468211651635
q_broker_mean	phase/rho_delta/cells/1_1	20	10	5.080775100562436	4.929904038279214	5.231646162845657	0.15087106228322167	5.079260679542236	0.0015144210201993857	true	0.02969449725623959	0.0002980688950455101
q_broker_mean	phase/rho_delta/cells/1_3	20	10	5.369194139452288	5.19683091157599	5.541557367328586	0.1723632278762981	5.363699158374656	0.005494981077632133	true	0.03210225285202313	0.001023427526536166
q_broker_mean	phase/rho_delta/cells/1_4	20	10	5.413298001868988	5.239069075496367	5.5875269282416085	0.17422892637262066	5.40405173227521	0.009246269593777612	true	0.03218535656312781	0.0017080658760307039
q_broker_mean	phase/rho_delta/cells/2_0	20	10	4.791771417614957	4.678671900503699	4.9048709347262145	0.11309951711125787	4.781825756051251	0.009945661563705244	true	0.023602861500340876	0.0020755709521418637
q_broker_mean	phase/rho_delta/cells/2_1	20	10	4.96972062668106	4.841394800352004	5.098046453010115	0.1283258263290552	4.981212911988356	0.011492285307296513	true	0.025821537259078355	0.0023124610356561296
q_broker_mean	phase/rho_delta/cells/2_3	20	10	5.233388131407688	5.066840583900401	5.399935678914975	0.16654754750728706	5.224617822774389	0.00877030863329864	true	0.031824038906605755	0.0016758376052149573
q_broker_mean	phase/rho_delta/cells/2_4	20	10	5.259392712098252	5.089539491239777	5.429245932956728	0.16985322085847532	5.261806716055534	0.0024140039572815297	true	0.03229521546618104	0.0004589891056677634
q_broker_mean	phase/rho_delta/cells/4_0	20	10	4.5884980928868035	4.540742816565875	4.636253369207732	0.04775527632092835	4.597038554157998	0.008540461271194566	true	0.01040760513662623	0.0018612759770858765
q_broker_mean	phase/rho_delta/cells/4_1	20	10	4.670445028137678	4.602433306022039	4.738456750253317	0.06801172211563866	4.6723659056831846	0.0019208775455066274	true	0.014562150224634605	0.00041128362156797935
q_broker_mean	phase/rho_delta/cells/4_3	20	10	4.760940441688087	4.668567329978638	4.853313553397536	0.09237311170944906	4.757340471770892	0.0035999699171949118	true	0.019402282561782336	0.0007561468078181777
q_broker_mean	phase/rho_delta/cells/4_4	20	10	4.791937226055255	4.695619541998033	4.888254910112478	0.09631768405722241	4.8022262585818325	0.010289032526577202	true	0.02009994695538021	0.002147155115186511
q_broker_mean	phase/rho_delta/cells/5_0	20	10	4.519083205326315	4.491916221641893	4.546250189010737	0.027166983684422163	4.503635252168765	0.01544795315755021	true	0.006011613960194938	0.0034183821044372073
q_broker_mean	phase/rho_delta/cells/5_1	20	10	4.545376772711373	4.493020547061392	4.597732998361354	0.05235622564998099	4.541430209917612	0.003946562793760933	true	0.011518566725712786	0.0008682586705362951
q_broker_mean	phase/rho_delta/cells/5_3	20	10	4.589790727959709	4.516393064200905	4.6631883917185135	0.0733976637588043	4.584846020060325	0.004944707899384504	true	0.015991505519344588	0.0010773275280859188
q_broker_mean	phase/rho_delta/cells/5_4	20	10	4.617064683913582	4.554444676224904	4.67968469160226	0.06262000768867804	4.610191252097803	0.006873431815779263	true	0.013562731296976152	0.0014887016505805387
q_broker_mean	phase/rho_eta/cells/0_0	20	10	5.266635609262535	5.090722450032399	5.44254876849267	0.17591315923013529	5.275113346489051	0.008477737226516346	true	0.033401429732627295	0.0016097064341429631
q_broker_mean	phase/rho_eta/cells/0_1	20	10	5.360942623083596	5.1804027290303765	5.541482517136815	0.18053989405321946	5.367578385230049	0.006635762146452784	true	0.033676893551487695	0.0012377976436233366
q_broker_mean	phase/rho_eta/cells/0_2	20	10	5.425767210165705	5.247387916212197	5.604146504119213	0.17837929395350827	5.436770888379423	0.011003678213717727	true	0.032876326433485245	0.002028040973284158
q_broker_mean	phase/rho_eta/cells/0_4	20	10	5.413205377894462	5.232027815464609	5.594382940324315	0.18117756242985283	5.413134418557528	7.095933693435086e-5	true	0.03346955265538516	1.310856174497326e-5
q_broker_mean	phase/rho_eta/cells/1_0	20	10	4.97268401059219	4.801022824184528	5.144345196999852	0.17166118640766204	4.911709799721509	0.06097421087068167	true	0.03452083141458633	0.012261830983187755
q_broker_mean	phase/rho_eta/cells/1_1	20	10	5.14040023141006	4.958775795190216	5.322024667629903	0.1816244362198436	5.113915498824297	0.02648473258576267	true	0.035332742207511404	0.005152270522425384
q_broker_mean	phase/rho_eta/cells/1_2	20	10	5.303019673940229	5.136687933473786	5.469351414406672	0.16633174046644328	5.296681447460232	0.0063382264799969334	true	0.03136547678369372	0.0011952108175543557
q_broker_mean	phase/rho_eta/cells/1_4	20	10	5.273705197268798	5.1041269027602825	5.443283491777314	0.1695782945085158	5.278578157630771	0.004872960361972822	true	0.03215543686369477	0.0009240107627738619
q_broker_mean	phase/rho_eta/cells/3_0	20	10	3.814964902499065	3.748169152203856	3.881760652794274	0.06679575029520901	3.741149468828725	0.07381543367034027	true	0.017508876753087082	0.019348915535759206
q_broker_mean	phase/rho_eta/cells/3_1	20	10	4.018342900800478	3.9318141390477175	4.104871662553239	0.08652876175276081	3.9271108546003726	0.09123204620010572	true	0.02153344398147897	0.02270389771413777
q_broker_mean	phase/rho_eta/cells/3_2	20	10	4.584397504335575	4.5272810096094895	4.641513999061661	0.0571164947260856	4.566772099005712	0.017625405329862787	true	0.012458887928472422	0.003844650319522689
q_broker_mean	phase/rho_eta/cells/3_4	20	10	4.581928377245463	4.5332635462877455	4.63059320820318	0.04866483095771734	4.583134078125792	0.0012057008803294522	true	0.010621037028730986	0.00026314267292285536
q_broker_mean	phase/rho_eta/cells/4_0	20	10	3.8173169967351335	3.7674497370340028	3.867184256436264	0.049867259701130706	3.7797591139201865	0.037557882814946986	true	0.01306343165730828	0.009838816856726704
q_broker_mean	phase/rho_eta/cells/4_1	20	10	4.012562499872358	3.945451758432449	4.079673241312267	0.0671107414399088	3.939140648929891	0.07342185094246689	true	0.016725157911445278	0.01829799559378888
q_broker_mean	phase/rho_eta/cells/4_2	20	10	4.478811620445952	4.42120232351388	4.536420917378024	0.05760929693207206	4.444283102787933	0.034528517658018565	true	0.012862630048802086	0.007709303401017028
q_broker_mean	phase/rho_eta/cells/4_4	20	10	4.455540724546613	4.428269943331634	4.482811505761592	0.027270781214978612	4.469798990639437	0.014258266092824101	true	0.006120644586354585	0.003200120248990653
q_broker_mean	phase/rho_r/cells/0_0	20	10	5.4177376981535605	5.231996057631714	5.603479338675407	0.18574164052184639	5.419061464620755	0.0013237664671947869	true	0.034283985469645326	0.00024433934253515903
q_broker_mean	phase/rho_r/cells/0_2	20	10	5.414706543790426	5.231365110200226	5.5980479773806255	0.18334143359019972	5.421039845155607	0.0063333013651813985	true	0.03385990212164966	0.0011696481266273637
q_broker_mean	phase/rho_r/cells/0_3	20	10	5.574588242905783	5.385768980680792	5.763407505130774	0.18881926222499068	5.5864121158010125	0.01182387289522957	true	0.033871427627911704	0.002121030716533481
q_broker_mean	phase/rho_r/cells/2_0	20	10	4.480524583479495	4.443519458424297	4.517529708534693	0.03700512505519793	4.492656956836429	0.012132373356934067	true	0.008259105460919135	0.002707801984095417
q_broker_mean	phase/rho_r/cells/2_2	20	10	4.470217869829054	4.435442968883217	4.504992770774891	0.034774900945836684	4.489487304134806	0.019269434305751787	true	0.007779240734672853	0.004310625313322518
q_broker_mean	phase/rho_r/cells/2_3	20	10	4.635090820156364	4.589098895049649	4.681082745263079	0.04599192510671468	4.67074908016779	0.03565826001142547	true	0.009922551011667804	0.007693109238843899
output_gap	oat/N=1500	20	10	1.7987814595660279	1.727585477680454	1.8699774414516017	0.07119598188557386	1.7543002666411571	0.04448119292487074	true	0.03958011769965125	0.024728514232964256
output_gap	oat/N=500	20	10	1.6308787247374983	1.4287732163220652	1.8329842331529314	0.20210550841543307	1.620543304830606	0.010335419906892351	true	0.12392430249402107	0.006337331985587041
output_gap	oat/delta=0.0	20	10	1.4767673812440445	1.3170485441028699	1.6364862183852191	0.15971883714117463	1.401776508343601	0.0749908729004436	true	0.10815436416710789	0.05078042341189205
output_gap	oat/delta=0.25	20	10	1.6139084329208937	1.4760070759947277	1.7518097898470597	0.137901356926166	1.5720641471778534	0.04184428574304033	true	0.08544558917545807	0.02592729853162081
output_gap	oat/delta=0.75	20	10	1.7785301789730195	1.672125340524625	1.884935017421414	0.10640483844839443	1.7791449400475703	0.0006147610745508292	true	0.05982740113515308	0.00034565681359751343
output_gap	oat/delta=1.0	20	10	1.737626309860466	1.6064060062777632	1.868846613443169	0.13122030358270287	1.7230235917581187	0.014602718102347367	true	0.07551698707487921	0.008403831145673656
output_gap	oat/eta=0.0	20	10	-1.1064663303800868	-1.2609380343902274	-0.951994626369946	0.1544717040101407	-1.1943732532338749	0.0879069228537881	true	0.1396081378789696	0.07944834871169629
output_gap	oat/eta=0.001	20	10	-0.8140255452147501	-0.9758393219117435	-0.6522117685177568	0.16181377669699337	-0.8925794043211033	0.07855385910635315	true	0.19878218521300198	0.0965004840058547
output_gap	oat/eta=0.01	20	10	1.2967126535624023	1.1658417458003785	1.427583561324426	0.1308709077620238	1.2668150426984366	0.029897610863965696	true	0.10092514128129147	0.023056465734200473
output_gap	oat/eta=0.03	20	10	1.856290080802535	1.7246332047975825	1.9879469568074877	0.13165687600495257	1.8614773643533078	0.005187283550772692	true	0.07092473173591111	0.00279443585052723
output_gap	oat/k=12	20	10	1.6721240943852564	1.5543718654993681	1.7898763232711448	0.11775222888588832	1.644277276381544	0.02784681800371236	true	0.07042074764742806	0.016653559444073453
output_gap	oat/k=4	20	10	1.7959015296676053	1.6767353656078832	1.9150676937273274	0.11916616405972213	1.8206189271971251	0.024717397529519847	true	0.06635450891440468	0.013763225389141837
output_gap	oat/n_strangers=0	20	10	1.8161111624621742	1.7030876891997513	1.929134635724597	0.1130234732624229	1.834817121158166	0.018705958695991898	true	0.062233785903937994	0.010300007556052619
output_gap	oat/n_strangers=50	20	10	1.8192546186211995	1.6974185227169127	1.9410907145254863	0.12183609590428679	1.789370676266867	0.02988394235433245	true	0.06697033755320381	0.016426476013006515
output_gap	oat/reservation_frac=0.4	20	10	1.7523189315828804	1.6333680646130875	1.8712697985526734	0.11895086696979296	1.7565150673389507	0.004196135756070252	true	0.06788197332453853	0.0023946187423084316
output_gap	oat/reservation_frac=0.9	20	10	1.7341044449378569	1.589609742835552	1.8785991470401617	0.14449470210230486	1.758981332154968	0.024876887217111232	true	0.08332525905467185	0.014345668330261801
output_gap	oat/reservation_frac=1.2	20	10	1.4492252498012754	1.3093363148196742	1.5891141847828767	0.13988893498160127	1.4801631435784084	0.030937893777132963	true	0.09652670280260676	0.021347884865637906
output_gap	oat/rho=0.0	20	10	1.8826910895365594	1.7640888455057386	2.0012933335673804	0.11860224403082087	1.782314520665794	0.1003765688707654	true	0.06299612543447891	0.05331547455056685
output_gap	oat/rho=0.15	20	10	1.8326404739373825	1.6540067874279112	2.011274160446854	0.1786336865094713	1.8104042879502469	0.022236185987135615	true	0.09747339374519066	0.01213341422028169
output_gap	oat/rho=0.3	20	10	1.8223687705634504	1.6812783598834211	1.9634591812434796	0.14109041068002925	1.7824757912982583	0.039892979265192086	true	0.07742143794332369	0.02189072810595725
output_gap	oat/rho=0.5	50	20	1.7132109572878622	1.6391432936566463	1.787278620919078	0.07406766363121586	1.699842819256635	0.013368138031227161	true	0.04323324183524391	0.0078029725261563225
output_gap	oat/rho=0.7	20	10	1.5955026064770341	1.4918297345341422	1.699175478419926	0.10367287194289188	1.613789117776241	0.018286511299206776	true	0.06497819027184658	0.01146128575721007
output_gap	oat/rho=0.85	20	10	1.2431049190275103	0.9974541014663969	1.4887557365886237	0.2456508175611134	1.0375915565924552	0.20551336243505514	true	0.19761068740142043	0.1653226202305029
output_gap	oat/rho=1.0	20	10	1.1236236058770726	1.02664355898051	1.220603652773635	0.09698004689656248	1.1110931074821493	0.012530498394923262	true	0.0863100831891675	0.011151864671926564
output_gap	oat/roster_frac=0.1	20	10	1.7114499100316838	1.5888689261488933	1.8340308939144743	0.12258098388279048	1.7194975656592053	0.008047655627521522	true	0.07162405581622962	0.004702244325323279
output_gap	oat/roster_frac=0.4	20	10	1.7813852794608853	1.6549369985803843	1.9078335603413863	0.12644828088050097	1.8369463559080503	0.055561076447165014	true	0.0709831176548001	0.031189814515577393
output_gap	phase/eta_r/cells/0_0	20	10	-1.225249113180194	-1.3792208754797544	-1.0712773508806335	0.15397176229956044	-1.3229379109660844	0.09768879778589046	true	0.12566567944694873	0.0797297437190829
output_gap	phase/eta_r/cells/0_2	20	10	-0.60844314521815	-0.6785519125376325	-0.5383343778986676	0.07010876731948246	-0.6003301181157255	0.008113027102424564	true	0.11522648890118697	0.013334075938213973
output_gap	phase/eta_r/cells/0_3	20	10	-0.2065972561260967	-0.3015519647295628	-0.11164254752263059	0.09495470860346611	-0.2792568734363466	0.07265961731024989	true	0.45961263176462747	0.35169691346676
output_gap	phase/eta_r/cells/1_0	20	10	-0.8891943552924525	-1.0465539837161375	-0.7318347268687675	0.157359628423685	-0.9761701182124666	0.08697576292001408	true	0.1769687667123461	0.09781411949180457
output_gap	phase/eta_r/cells/1_2	20	10	-0.26520730837691586	-0.36934097792918297	-0.16107363882464876	0.1041336695522671	-0.28465388918934365	0.019446580812427783	true	0.39265007510377903	0.07332596123176992
output_gap	phase/eta_r/cells/1_3	20	10	0.14713408361334107	0.08910750579440976	0.20516066143227238	0.05802657781893131	0.13120312415990515	0.015930959453435922	true	0.39437889844355456	0.10827511248380396
output_gap	phase/eta_r/cells/2_0	20	10	1.1416811076357973	0.9575803669725732	1.3257818482990213	0.18410074066322407	1.0068078461225192	0.13487326151327816	true	0.16125408350188206	0.11813566906837482
output_gap	phase/eta_r/cells/2_2	20	10	1.3561826725193027	1.2270752119851591	1.4852901330534463	0.12910746053414357	1.310930634979622	0.04525203753968077	true	0.09519916686024904	0.033367214060933736
output_gap	phase/eta_r/cells/2_3	20	10	1.179023749916197	1.0661362892832236	1.2919112105491706	0.1128874606329735	1.205443469404269	0.02641971948807198	true	0.09574655357111962	0.02240813171910222
output_gap	phase/eta_r/cells/4_0	20	10	1.8569752051445376	1.736001583715339	1.9779488265737362	0.12097362142919854	1.867021126002659	0.010045920858121393	true	0.06514552326496065	0.0054098303683809655
output_gap	phase/eta_r/cells/4_2	20	10	1.8610230147833668	1.734966518578133	1.9870795109886006	0.12605649620523374	1.8708737159375288	0.009850701154161978	true	0.06773505496916565	0.0052931646067303755
output_gap	phase/eta_r/cells/4_3	20	10	1.542468722166999	1.3996798996114355	1.6852575447225626	0.14278882255556358	1.5730602433360292	0.03059152116903019	true	0.09257161620428904	0.01983283079222019
output_gap	phase/rho_delta/cells/0_0	20	10	1.5696659326578752	1.4149034610869498	1.7244284042288007	0.15476247157092549	1.4295387733735812	0.1401271592842941	true	0.09859580204360437	0.08927196314124008
output_gap	phase/rho_delta/cells/0_1	20	10	1.7170339053726866	1.5721762603371925	1.8618915504081808	0.14485764503549414	1.599222832947196	0.1178110724254906	true	0.08436504636409752	0.06861313108428072
output_gap	phase/rho_delta/cells/0_3	20	10	1.9398768888898577	1.7890886414028049	2.0906651363769106	0.15078824748705288	1.861442552420898	0.0784343364689597	true	0.07773083351353557	0.04043263617303348
output_gap	phase/rho_delta/cells/0_4	20	10	1.9128256626797384	1.7441832218153719	2.081468103544105	0.16864244086436653	1.7919772534884912	0.12084840919124717	true	0.08816404137327913	0.06317795267444645
output_gap	phase/rho_delta/cells/1_0	20	10	1.5387553587663692	1.401439100112969	1.6760716174197694	0.13731625865340025	1.4661460452959756	0.07260931347039357	true	0.0892385250657958	0.047187041823597585
output_gap	phase/rho_delta/cells/1_1	20	10	1.673634069254328	1.5444847526071557	1.8027833859015001	0.12914931664717222	1.6167910407328843	0.05684302852144363	true	0.07716699786394375	0.03396383329288314
output_gap	phase/rho_delta/cells/1_3	20	10	1.9228020154371896	1.7755656837034421	2.070038347170937	0.1472363317337475	1.864047706627305	0.05875430880988475	true	0.07657383888287127	0.03055660870863281
output_gap	phase/rho_delta/cells/1_4	20	10	1.8832143786722852	1.728912263560813	2.0375164937837575	0.1543021151114723	1.8064361141351177	0.07677826453716752	true	0.08193550179892917	0.040769795200532706
output_gap	phase/rho_delta/cells/2_0	20	10	1.567369094809735	1.4699987486247588	1.6647394409947112	0.0973703461849762	1.5641101970066842	0.0032588978030507754	true	0.062123431237360284	0.0020792153002393973
output_gap	phase/rho_delta/cells/2_1	20	10	1.7353034164715269	1.6216149576220098	1.848991875321044	0.11368845884951706	1.7062584446913778	0.029044971780149087	true	0.06551503199405041	0.016737690656546726
output_gap	phase/rho_delta/cells/2_3	20	10	1.8753493377744639	1.7343584079734964	2.016340267575431	0.1409909298009674	1.829546754584889	0.045802583189574975	true	0.07518115529786347	0.024423493941630278
output_gap	phase/rho_delta/cells/2_4	20	10	1.8489690853846343	1.6985662648023676	1.999371905966901	0.15040282058226673	1.80848475088272	0.040484334501914354	true	0.08134415105754944	0.021895625417389035
output_gap	phase/rho_delta/cells/4_0	20	10	1.5438745270504133	1.4408636200692322	1.6468854340315944	0.1030109069811811	1.5500955057374188	0.006220978687005552	true	0.06672233084769162	0.004029458727381681
output_gap	phase/rho_delta/cells/4_1	20	10	1.4764457862598837	1.3193774013826556	1.6335141711371117	0.15706838487722807	1.4115339954881363	0.06491179077174736	true	0.10638276483900705	0.04396489960947445
output_gap	phase/rho_delta/cells/4_3	20	10	1.5739170854042108	1.4428994991446027	1.704934671663819	0.13101758625960813	1.5646949083044457	0.009222177099765139	true	0.08324300401501798	0.005859379242583617
output_gap	phase/rho_delta/cells/4_4	20	10	1.5347428903789173	1.4119463069715863	1.6575394737862483	0.12279658340733102	1.503435685479141	0.03130720489977623	true	0.0800111759286361	0.020398990017179163
output_gap	phase/rho_delta/cells/5_0	20	10	1.383725301575826	1.2236050512758967	1.5438455518757552	0.16012025029992927	1.300334195516251	0.0833911060595749	true	0.11571679011548011	0.060265650967433144
output_gap	phase/rho_delta/cells/5_1	20	10	1.372253364154442	1.1713931701562963	1.573113558152588	0.2008601939981458	1.2449143758687042	0.12733898828573786	true	0.14637252802212095	0.09279553733446437
output_gap	phase/rho_delta/cells/5_3	20	10	1.3630514813191734	1.131307409175675	1.5947955534626719	0.23174407214349846	1.228277769611046	0.13477371170812735	true	0.17001857620169597	0.09887646472288203
output_gap	phase/rho_delta/cells/5_4	20	10	1.2732770525873713	1.042695465224256	1.5038586399504867	0.2305815873631154	1.1105443725455075	0.1627326800418638	true	0.1810930204817251	0.127806183038626
output_gap	phase/rho_eta/cells/0_0	20	10	-0.17940338034224246	-0.2734343652327382	-0.08537239545174674	0.09403098489049572	-0.14224064987479523	0.037162730467447225	true	0.524131622888686	0.20714621093846167
output_gap	phase/rho_eta/cells/0_1	20	10	0.057769528765282976	-0.03796898341403758	0.15350804094460352	0.09573851217932056	0.07401417475381952	0.016244645988536546	false	NaN	NaN
output_gap	phase/rho_eta/cells/0_2	20	10	1.3994042900218944	1.2077823776590801	1.5910262023847086	0.19162191236281423	1.2755665692803801	0.12383772074151422	true	0.13693105968670155	0.08849316928961017
output_gap	phase/rho_eta/cells/0_4	20	10	1.945140867599682	1.786744251450774	2.10353748374859	0.15839661614890788	1.924854322601107	0.020286544998574962	true	0.08143195116987617	0.010429344905805566
output_gap	phase/rho_eta/cells/1_0	20	10	-0.5130192907886575	-0.660489860626288	-0.365548720951027	0.14747056983763052	-0.5903489259942244	0.0773296352055669	true	0.2874561882671625	0.15073436144416544
output_gap	phase/rho_eta/cells/1_1	20	10	-0.18650062942367032	-0.3274746417666544	-0.04552661708068623	0.1409740123429841	-0.2173975033990308	0.030896873975360478	true	0.7558902765026911	0.16566632547481958
output_gap	phase/rho_eta/cells/1_2	20	10	1.409813485785369	1.2842605452008475	1.5353664263698905	0.1255529405845215	1.3964603385874559	0.01335314719791314	true	0.08905641905856741	0.009471570056995492
output_gap	phase/rho_eta/cells/1_4	20	10	2.013765569193618	1.8850400239251597	2.142491114462076	0.12872554526845814	1.9757545062314317	0.03801106296218615	true	0.06392280573155512	0.018875614691042267
output_gap	phase/rho_eta/cells/3_0	20	10	-1.3374302045049782	-1.4268892122112173	-1.247971196798739	0.08945900770623916	-1.3877699005453417	0.05033969604036348	true	0.06688872989775982	0.03763912006084509
output_gap	phase/rho_eta/cells/3_1	20	10	-1.0098331957969142	-1.1192239177739018	-0.9004424738199266	0.10939072197698763	-1.096871380634041	0.08703818483712689	true	0.10832553577391707	0.08619065524820693
output_gap	phase/rho_eta/cells/3_2	20	10	0.6866505395344387	0.4660129815292742	0.9072880975396032	0.2206375580051645	0.5022237328052415	0.1844268067291972	true	0.321324378707633	0.2685890363593712
output_gap	phase/rho_eta/cells/3_4	20	10	1.6603233618016688	1.543273195984571	1.7773735276187668	0.11705016581709793	1.6922745094425182	0.03195114764084939	true	0.07049841525453399	0.019243930655880308
output_gap	phase/rho_eta/cells/4_0	20	10	-1.1447242196446434	-1.2069960737851557	-1.0824523655041312	0.062271854140512284	-1.1931226278660128	0.048398408221369316	true	0.05439900114967719	0.042279535446881365
output_gap	phase/rho_eta/cells/4_1	20	10	-0.848684152731348	-0.9413993842351299	-0.7559689212275661	0.09271523150378191	-0.9330328679738166	0.08434871524246856	true	0.10924586161458706	0.09938764023224227
output_gap	phase/rho_eta/cells/4_2	20	10	0.5091367698909124	0.3094096212529147	0.7088639185289101	0.19972714863799768	0.3113094446239567	0.19782732526695568	true	0.39228584625854307	0.3885543864948944
output_gap	phase/rho_eta/cells/4_4	20	10	1.3264369062062908	1.249589674143963	1.4032841382686188	0.07684723206232791	1.3415965794167908	0.015159673210499935	true	0.05793508285449985	0.011428868677861007
output_gap	phase/rho_r/cells/0_0	20	10	1.906544193867249	1.7511116800556685	2.0619767076788293	0.1554325138115804	1.8480030061345059	0.05854118773274308	true	0.08152578592804602	0.030705392469291617
output_gap	phase/rho_r/cells/0_2	20	10	1.815353134799501	1.6637922396615645	1.9669140299374372	0.15156089513793636	1.7781056392748404	0.037247495524660446	true	0.08348838153446972	0.02051804401614361
output_gap	phase/rho_r/cells/0_3	20	10	1.334162213991593	1.1451579542012567	1.5231664737819293	0.1890042597903363	1.2839450060740916	0.050217207917501394	true	0.14166512722981922	0.037639506943657024
output_gap	phase/rho_r/cells/2_0	20	10	1.154334058349608	1.0655138191660258	1.2431542975331902	0.08882023918358217	1.139266553280051	0.015067505069557008	true	0.07694500438683373	0.013052984931502021
output_gap	phase/rho_r/cells/2_2	20	10	1.218687289536579	1.1236309958863384	1.3137435831868196	0.0950562936502406	1.2346422173271734	0.015954927790594375	true	0.07799892102459437	0.01309189644265629
output_gap	phase/rho_r/cells/2_3	20	10	0.9950134080280522	0.9194729628852049	1.0705538531708996	0.07554044514284736	1.0371610941718175	0.042147686143765295	true	0.07591902233011684	0.0423589127580651
agent_holdout_r2	oat/N=1500	20	10	-1.3522935653131765	-1.5290511904663684	-1.1755359401599845	0.17675762515319193	-1.3891341585376007	0.036840593224424234	true	0.13070950693480288	0.027243044091459796
agent_holdout_r2	oat/N=500	20	10	-0.9312485194079313	-1.053092198517698	-0.8094048402981646	0.12184367910976668	-0.9503695612120963	0.019121041804164962	true	0.13083905807145055	0.020532694984923817
agent_holdout_r2	oat/delta=0.0	20	10	-0.5958600867358816	-0.7285903308602937	-0.4631298426114696	0.13273024412441203	-0.4784965039412065	0.11736358279467513	true	0.22275404424469442	0.1969650013606251
agent_holdout_r2	oat/delta=0.25	20	10	-0.8420659938537053	-0.9545889223674033	-0.7295430653400072	0.11252292851369805	-0.7964824072361141	0.04558358661759121	true	0.13362720895394217	0.05413303345617658
agent_holdout_r2	oat/delta=0.75	20	10	-1.420647860901974	-1.590777728812154	-1.2505179929917938	0.17012986791018014	-1.4250798344882563	0.004431973586282334	true	0.11975512904525414	0.003119684834121004
agent_holdout_r2	oat/delta=1.0	20	10	-1.5879779537807175	-1.7431865221275864	-1.4327693854338486	0.1552085683468689	-1.4917238760044935	0.09625407777622397	true	0.09773975008742566	0.06061424061150134
agent_holdout_r2	oat/eta=0.0	20	10	-2.2312471252271737	-2.4848447330780243	-1.977649517376323	0.2535976078508506	-2.205280105632198	0.025967019594975937	true	0.11365733763131713	0.011637894924943427
agent_holdout_r2	oat/eta=0.001	20	10	-2.2769208765230955	-2.5092438337035583	-2.0445979193426327	0.2323229571804628	-2.2801501297294893	0.0032292532063937784	true	0.10203382979878717	0.00141825446799228
agent_holdout_r2	oat/eta=0.01	20	10	-1.372067026035992	-1.5578513725065488	-1.186282679565435	0.18578434647055686	-1.2326141397733543	0.13945288626263763	true	0.13540471634778822	0.10163708012539871
agent_holdout_r2	oat/eta=0.03	20	10	-1.0983973250405403	-1.2206466747528193	-0.9761479753282613	0.12224934971227902	-0.9870307485169192	0.11136657652362114	true	0.11129793101760055	0.10139006531130322
agent_holdout_r2	oat/k=12	20	10	-1.0240073038203488	-1.1678766975923487	-0.8801379100483488	0.14386939377199992	-0.9133881299118878	0.11061917390846099	true	0.14049645274526312	0.10802576651139585
agent_holdout_r2	oat/k=4	20	10	-1.1514709202653424	-1.292628379311869	-1.0103134612188158	0.14115745904652655	-1.0546621187257792	0.09680880153956317	true	0.12258881797379524	0.08407403073388495
agent_holdout_r2	oat/n_strangers=0	20	10	-1.2715474399582691	-1.4040441438355526	-1.1390507360809856	0.13249670387728352	-1.2189672590847067	0.05258018087356242	true	0.104201148705574	0.04135133241689201
agent_holdout_r2	oat/n_strangers=50	20	10	-1.1837186971626774	-1.3007768857889341	-1.0666605085364207	0.11705818862625672	-1.118549341710819	0.06516935545185842	true	0.09889020838045402	0.05505476563652036
agent_holdout_r2	oat/reservation_frac=0.4	20	10	-1.072932176899056	-1.1871418251318586	-0.9587225286662535	0.11420964823280255	-1.0451072285554968	0.027824948343559308	true	0.10644628867677967	0.025933557537604863
agent_holdout_r2	oat/reservation_frac=0.9	20	10	-1.0792800228051131	-1.20009122011077	-0.9584688254994562	0.12081119730565693	-1.0374635503366978	0.041816472468415355	true	0.11193684192510246	0.038744785027829805
agent_holdout_r2	oat/reservation_frac=1.2	20	10	-1.0930248113027679	-1.219839066101847	-0.9662105565036888	0.1268142547990791	-1.0113464488946806	0.08167836240808724	true	0.11602138715216369	0.07472690607154235
agent_holdout_r2	oat/rho=0.0	20	10	-1.4259141554411972	-1.5980510107856256	-1.2537773000967687	0.17213685534442846	-1.3783771623779164	0.04753699306328074	true	0.12072034959998486	0.03333790669086398
agent_holdout_r2	oat/rho=0.15	20	10	-1.336259763561645	-1.4815358186850192	-1.190983708438271	0.14527605512337405	-1.3654637278888675	0.029203964327222387	true	0.10871842368145368	0.02185500538411979
agent_holdout_r2	oat/rho=0.3	20	10	-1.2845483526463064	-1.413465335621943	-1.1556313696706697	0.1289169829756367	-1.3237027230393523	0.03915437039304592	true	0.10035977447641732	0.030481040524775693
agent_holdout_r2	oat/rho=0.5	50	20	-1.1384583829004724	-1.2319779066983636	-1.0449388591025812	0.09351952379789119	-1.1669880117588642	0.02852962885839183	true	0.08214575534999329	0.025059878592756588
agent_holdout_r2	oat/rho=0.7	20	10	-0.9509131812262925	-1.1266105277956313	-0.7752158346569537	0.17569734656933883	-0.8086892478684508	0.14222393335784178	true	0.18476696930708278	0.14956563455607016
agent_holdout_r2	oat/rho=0.85	20	10	-0.7639662217024663	-0.9317972878136795	-0.5961351555912531	0.16783106611121323	-0.6711094779144238	0.09285674378804254	true	0.21968388306122857	0.12154561438739428
agent_holdout_r2	oat/rho=1.0	20	10	-0.785042150755355	-0.9580078863993682	-0.6120764151113418	0.17296573564401319	-0.6480108311761974	0.1370313195791576	true	0.22032668625192714	0.17455281789303703
agent_holdout_r2	oat/roster_frac=0.1	20	10	-1.1618122288320802	-1.2973471761649347	-1.0262772814992258	0.13553494733285443	-1.0886868203186029	0.07312540851347737	true	0.11665822063957948	0.06294081496025153
agent_holdout_r2	oat/roster_frac=0.4	20	10	-1.2275549952973226	-1.343148557381073	-1.111961433213572	0.11559356208375049	-1.2099007876839583	0.017654207613364337	true	0.09416568913537997	0.014381602193788768
agent_holdout_r2	phase/eta_r/cells/0_0	20	10	-2.1746597026737793	-2.4238240801362387	-1.92549532521132	0.24916437746245934	-2.0711770804413665	0.10348262223241278	true	0.11457626090008828	0.047585662301636994
agent_holdout_r2	phase/eta_r/cells/0_2	20	10	-2.4266579639166457	-2.7172308796428672	-2.136085048190424	0.29057291572622157	-2.437059293079421	0.010401329162775141	true	0.11974201558147672	0.004286277389495515
agent_holdout_r2	phase/eta_r/cells/0_3	20	10	-1.9418861335582758	-2.151233125184755	-1.7325391419317968	0.20934699162647907	-1.7510602061513718	0.19082592740690396	true	0.1078060077821739	0.09826834030543187
agent_holdout_r2	phase/eta_r/cells/1_0	20	10	-2.1498498149147585	-2.4275511048679137	-1.8721485249616032	0.27770128995315524	-2.1552272437412716	0.005377428826513153	true	0.1291724138247146	0.0025013044116881105
agent_holdout_r2	phase/eta_r/cells/1_2	20	10	-2.382304033180441	-2.6413915144676885	-2.1232165518931936	0.25908748128724746	-2.33762268851777	0.04468134466267104	true	0.10875500258519001	0.018755517364851298
agent_holdout_r2	phase/eta_r/cells/1_3	20	10	-2.1034843182618497	-2.3886314454791244	-1.818337191044575	0.28514712721727475	-1.9154152918909424	0.18806902637090728	true	0.13555942620618033	0.08940833299214343
agent_holdout_r2	phase/eta_r/cells/2_0	20	10	-1.282426230487769	-1.4261527448961595	-1.1386997160793784	0.14372651440839057	-1.1406810724862306	0.1417451580015383	true	0.11207390412914776	0.11052889798396102
agent_holdout_r2	phase/eta_r/cells/2_2	20	10	-1.330563128781137	-1.5248818040616754	-1.1362444535005987	0.19431867528053837	-1.2479470525804737	0.08261607620066336	true	0.14604243201789613	0.06209106085507108
agent_holdout_r2	phase/eta_r/cells/2_3	20	10	-1.372795333126144	-1.5462146112995665	-1.1993760549527215	0.1734192781734225	-1.2407252683067005	0.1320700648194435	true	0.1263256612174739	0.09620521109923368
agent_holdout_r2	phase/eta_r/cells/4_0	20	10	-1.1152231049648778	-1.2501050185534248	-0.9803411913763306	0.13488191358854712	-1.0839201669206522	0.03130293804422557	true	0.12094612547755189	0.028068767500303366
agent_holdout_r2	phase/eta_r/cells/4_2	20	10	-1.108084156178054	-1.2163177649862507	-0.9998505473698572	0.10823360880819671	-1.0316677146323292	0.07641644154572469	true	0.09767634362854752	0.06896266959478628
agent_holdout_r2	phase/eta_r/cells/4_3	20	10	-1.0463306015787732	-1.1715809143884583	-0.9210802887690881	0.12525031280968513	-0.9531629151217464	0.09316768645702678	true	0.11970433878231136	0.0890423029933839
agent_holdout_r2	phase/rho_delta/cells/0_0	20	10	-0.6356749043056297	-0.760850438470635	-0.5104993701406243	0.12517553416500538	-0.5600871671539501	0.07558773715167955	true	0.19691753334471976	0.1189094246755686
agent_holdout_r2	phase/rho_delta/cells/0_1	20	10	-0.81422776414781	-0.9304743629469554	-0.6979811653486645	0.11624659879914545	-0.7894950557876148	0.024732708360195144	true	0.14276914140948252	0.03037566323482101
agent_holdout_r2	phase/rho_delta/cells/0_3	20	10	-1.9514211184883377	-2.2091992109638623	-1.693643026012813	0.25777809247552463	-1.9031879803761877	0.04823313811214991	true	0.13209762364118086	0.02471692944960725
agent_holdout_r2	phase/rho_delta/cells/0_4	20	10	-2.602277253664809	-2.9508270820562235	-2.2537274252733948	0.34854982839141435	-2.546104768026545	0.056172485638263936	true	0.1339403124323316	0.021585895799210383
agent_holdout_r2	phase/rho_delta/cells/1_0	20	10	-0.6174581253990347	-0.7275365806481779	-0.5073796701498914	0.11007845524914328	-0.5017285255872754	0.11572959981175923	true	0.17827679436237828	0.18742906612001994
agent_holdout_r2	phase/rho_delta/cells/1_1	20	10	-0.7924583333571013	-0.911624480999651	-0.6732921857145515	0.11916614764254974	-0.7934284220594359	0.000970088702334615	true	0.15037528489065752	0.0012241510518603746
agent_holdout_r2	phase/rho_delta/cells/1_3	20	10	-1.9064137299213797	-2.1037348264156157	-1.709092633427144	0.1973210964942359	-1.95140887735405	0.04499514743267041	true	0.1035038163003439	0.023601984567392938
agent_holdout_r2	phase/rho_delta/cells/1_4	20	10	-2.1971701174927345	-2.396054716092873	-1.9982855188925963	0.1988845986001383	-2.165955123150554	0.031214994342180447	true	0.0905185251777829	0.014206908283369946
agent_holdout_r2	phase/rho_delta/cells/2_0	20	10	-0.6562886584555621	-0.7652949890698612	-0.547282327841263	0.1090063306142991	-0.5907517123261552	0.06553694612940686	true	0.1660951003950345	0.09985994011177085
agent_holdout_r2	phase/rho_delta/cells/2_1	20	10	-0.8498586277657882	-0.9674815597765822	-0.7322356957549943	0.11762293201079399	-0.7911876362017781	0.05867099156401012	true	0.13840293922768715	0.06903617807381866
agent_holdout_r2	phase/rho_delta/cells/2_3	20	10	-1.6516170800423702	-1.8257517959122576	-1.4774823641724828	0.17413471586988738	-1.6546915738923331	0.003074493849962945	true	0.10543286211681716	0.0018615052405997596
agent_holdout_r2	phase/rho_delta/cells/2_4	20	10	-1.9072386656418268	-2.0641832636445736	-1.75029406763908	0.15694459800274685	-1.7973402645365024	0.10989840110532434	true	0.08228891372120521	0.05762173506918767
agent_holdout_r2	phase/rho_delta/cells/4_0	20	10	-0.6959092006654515	-0.8191562051013156	-0.5726621962295874	0.12324700443586412	-0.6174175174362145	0.07849168322923694	true	0.17710213389621984	0.11279012140402885
agent_holdout_r2	phase/rho_delta/cells/4_1	20	10	-0.7667914401682984	-0.8964267571535325	-0.6371561231830642	0.12963531698523412	-0.6917247032920059	0.0750667368762925	true	0.16906202937891593	0.09789720247766011
agent_holdout_r2	phase/rho_delta/cells/4_3	20	10	-1.1351650988488111	-1.2946449574854282	-0.9756852402121942	0.159479858636617	-1.0118171056457912	0.12334799320301992	true	0.1404904527089038	0.10866084002063583
agent_holdout_r2	phase/rho_delta/cells/4_4	20	10	-1.2628873884474912	-1.4629292940650251	-1.0628454828299572	0.200041905617534	-1.0572713746338653	0.20561601381362582	true	0.15840043019469222	0.16281421106469068
agent_holdout_r2	phase/rho_delta/cells/5_0	20	10	-0.7114039790131912	-0.8689510928021382	-0.5538568652242442	0.15754711378894704	-0.5930281896275403	0.11837578938565085	true	0.2214594217022586	0.16639742379548297
agent_holdout_r2	phase/rho_delta/cells/5_1	20	10	-0.7858763430793221	-0.9861611014812369	-0.5855915846774072	0.20028475840191484	-0.5966703405834005	0.18920600249592157	true	0.25485530919168947	0.2407579820440328
agent_holdout_r2	phase/rho_delta/cells/5_3	20	10	-0.9695410211326241	-1.1876318377931658	-0.7514502044720824	0.2180908166605417	-0.7332138044408253	0.2363272166917988	true	0.22494233034695799	0.2437516428296348
agent_holdout_r2	phase/rho_delta/cells/5_4	20	10	-0.9933090721295537	-1.19291570737441	-0.7937024368846972	0.19960663524485645	-0.7794564113725839	0.21385266075696974	true	0.20095118513004226	0.21529317184075583
agent_holdout_r2	phase/rho_eta/cells/0_0	20	10	-3.1544882018736993	-3.5389029012378237	-2.770073502509575	0.3844146993641244	-2.934144934742635	0.2203432671310641	true	0.1218627792412697	0.06985071841453865
agent_holdout_r2	phase/rho_eta/cells/0_1	20	10	-3.1193191441074695	-3.5224841948674364	-2.7161540933475026	0.4031650507599669	-2.8933406370802013	0.22597850702726818	true	0.1292477723933966	0.07244481779113608
agent_holdout_r2	phase/rho_eta/cells/0_2	20	10	-1.9279912839081805	-2.1540090231515063	-1.7019735446648547	0.2260177392433258	-1.782874015735446	0.14511726817273463	true	0.11722964783594414	0.07526863289473551
agent_holdout_r2	phase/rho_eta/cells/0_4	20	10	-1.2224643270323283	-1.3904992183221547	-1.054429435742502	0.1680348912898264	-1.146023243776364	0.07644108325596433	true	0.13745586482490682	0.06253031811695789
agent_holdout_r2	phase/rho_eta/cells/1_0	20	10	-2.8190780063094065	-3.1772855504961792	-2.460870462122634	0.3582075441867727	-2.7258676488478413	0.09321035746156525	true	0.1270654956638535	0.03306412850334408
agent_holdout_r2	phase/rho_eta/cells/1_1	20	10	-2.9565996470413167	-3.258013879713678	-2.6551854143689555	0.3014142326723612	-2.8836787744223433	0.0729208726189734	true	0.10194624523275847	0.02466376287771855
agent_holdout_r2	phase/rho_eta/cells/1_2	20	10	-1.723932326513755	-1.9205824155446427	-1.5272822374828672	0.19665008903088776	-1.7404624528924775	0.01653012637872253	true	0.11407065463443453	0.00958861674817062
agent_holdout_r2	phase/rho_eta/cells/1_4	20	10	-1.236207897526129	-1.408159442960793	-1.064256352091465	0.17195154543466407	-1.2672836768137454	0.0310757792876164	true	0.13909597712388796	0.025137987995226804
agent_holdout_r2	phase/rho_eta/cells/3_0	20	10	-1.4757731020229223	-1.7083643682884484	-1.2431818357573963	0.23259126626552606	-1.3868173018024608	0.08895580022046157	true	0.1576063867451579	0.06027742347283944
agent_holdout_r2	phase/rho_eta/cells/3_1	20	10	-1.392635826520285	-1.6090083311989811	-1.1762633218415888	0.21637250467869618	-1.3000084017929716	0.09262742472731333	true	0.1553690495090423	0.06651230922211532
agent_holdout_r2	phase/rho_eta/cells/3_2	20	10	-0.9272916047700047	-1.1577225000343814	-0.6968607095056281	0.23043089526437666	-0.707041665769665	0.22024993900033973	true	0.24849884769692293	0.2375196085755226
agent_holdout_r2	phase/rho_eta/cells/3_4	20	10	-0.8922837386597285	-1.0758943400483343	-0.7086731372711228	0.18361060138860574	-0.743491850791528	0.14879188786820052	true	0.20577602553241806	0.16675400595296755
agent_holdout_r2	phase/rho_eta/cells/4_0	20	10	-1.1160756621781438	-1.3437995846797075	-0.8883517396765801	0.2277239225015637	-1.0458479248068302	0.0702277373713136	true	0.20403986057462767	0.06292381399506239
agent_holdout_r2	phase/rho_eta/cells/4_1	20	10	-0.935429299898917	-1.1651981101751505	-0.7056604896226836	0.22976881027623347	-0.7284113980694541	0.2070179018294629	true	0.245629263805466	0.22130790841363784
agent_holdout_r2	phase/rho_eta/cells/4_2	20	10	-0.7200513723302657	-1.0015967651624087	-0.4385059794981228	0.28154539283214297	-0.6381839087811593	0.08186746354910646	true	0.39100736926726753	0.11369669817330247
agent_holdout_r2	phase/rho_eta/cells/4_4	20	10	-0.8230328050453923	-1.0087198844681733	-0.6373457256226114	0.18568707942278095	-0.6625380700964795	0.16049473494891286	true	0.2256132177046574	0.19500405568896026
agent_holdout_r2	phase/rho_r/cells/0_0	20	10	-1.3938461599426726	-1.5974380758453668	-1.1902542440399784	0.2035919159026942	-1.3264601474910318	0.06738601245164078	true	0.1460648396886696	0.048345372960249995
agent_holdout_r2	phase/rho_r/cells/0_2	20	10	-1.4647739764844447	-1.6484812814049723	-1.2810666715639172	0.18370730492052756	-1.397220249243668	0.06755372724077668	true	0.12541682735341692	0.046118874533059455
agent_holdout_r2	phase/rho_r/cells/0_3	20	10	-1.3350190652536733	-1.5306219197473045	-1.139416210760042	0.19560285449363124	-1.2897689157099461	0.04525014954372719	true	0.14651689970919166	0.03389475904984847
agent_holdout_r2	phase/rho_r/cells/2_0	20	10	-0.7381457206440591	-0.9352871116099876	-0.5410043296781307	0.19714139096592842	-0.5837307819005494	0.15441493874350976	true	0.267076520871672	0.209193028456193
agent_holdout_r2	phase/rho_r/cells/2_2	20	10	-0.7822144084290069	-0.9537646629360292	-0.6106641539219846	0.17155025450702233	-0.5530791473037324	0.2291352611252745	true	0.2193135956822407	0.29293152702910175
agent_holdout_r2	phase/rho_r/cells/2_3	20	10	-0.708426577291123	-0.8668161395662712	-0.5500370150159748	0.15838956227514822	-0.5571622156111226	0.15126436168000046	true	0.22357936214194166	0.21352157941110023
broker_holdout_r2	oat/N=1500	20	10	0.8494917432943112	0.8185126436160935	0.8804708429725289	0.03097909967821766	0.8532341235391913	0.0037423802448800503	true	0.036467805511659665	0.004405434513544744
broker_holdout_r2	oat/N=500	20	10	0.6966225409246378	0.5274533124405172	0.8657917694087585	0.16916922848412064	0.7674254305897674	0.0708028896651296	true	0.24284202497895016	0.1016373796506094
broker_holdout_r2	oat/delta=0.0	20	10	0.7903722278898131	0.7210059607621426	0.8597384950174836	0.06936626712767047	0.8252370360186454	0.0348648081288323	true	0.0877640492415441	0.04411188412062077
broker_holdout_r2	oat/delta=0.25	20	10	0.8144041074439619	0.7646399800893843	0.8641682347985394	0.04976412735457758	0.7915125326166995	0.02289157482726234	true	0.06110495624925589	0.02810837349422072
broker_holdout_r2	oat/delta=0.75	20	10	0.652811609847401	0.5052415938905109	0.8003816258042912	0.14757001595689012	0.622999008907895	0.029812600939506106	true	0.22605298945492952	0.04566800052234824
broker_holdout_r2	oat/delta=1.0	20	10	0.6289202509164642	0.45372079883336647	0.8041197029995619	0.17519945208309773	0.6849796130620128	0.05605936214554863	true	0.2785718091090192	0.08913588338721608
broker_holdout_r2	oat/eta=0.0	20	10	0.44596571472572377	0.174718158321494	0.7172132711299535	0.2712475564042297	0.5053643337253048	0.05939861899958099	true	0.6082251335644746	0.1331909988553988
broker_holdout_r2	oat/eta=0.001	20	10	0.3992258531967351	0.15810857937993522	0.6403431270135349	0.24111727381679984	0.513790917737347	0.11456506454061188	true	0.6039620728119011	0.28696804984760144
broker_holdout_r2	oat/eta=0.01	20	10	0.7222663531053295	0.602666051021299	0.84186665518936	0.1196003020840305	0.6490778106184213	0.0731885424869082	true	0.16559029999088018	0.10133179009687993
broker_holdout_r2	oat/eta=0.03	20	10	0.8414412163229592	0.804506312192187	0.8783761204537314	0.03693490413077216	0.8208090468895248	0.020632169433434377	true	0.04389481215595211	0.024520036614792358
broker_holdout_r2	oat/k=12	20	10	0.7455978226533262	0.6214917668011545	0.8697038785054979	0.12410605585217171	0.8276947700988202	0.082096947445494	true	0.1664517412490838	0.11010888839956534
broker_holdout_r2	oat/k=4	20	10	0.7824433510254425	0.7149305780717721	0.8499561239791129	0.06751277295367042	0.7677483337400722	0.01469501728537026	true	0.08628455065173801	0.01878093444862365
broker_holdout_r2	oat/n_strangers=0	20	10	0.7847785853933326	0.7060335577602118	0.8635236130264533	0.07874502763312075	0.7209015090011061	0.0638770763922265	true	0.10034043881772536	0.08139502986082525
broker_holdout_r2	oat/n_strangers=50	20	10	0.6792545732544844	0.503254612129308	0.8552545343796607	0.17599996112517635	0.6449072386104662	0.03434733464401818	true	0.25910750998983345	0.050566217728135736
broker_holdout_r2	oat/reservation_frac=0.4	20	10	0.8319924657940729	0.7515048142518759	0.91248011733627	0.08048765154219706	0.7782561916761147	0.05373627411795823	true	0.09674084183608295	0.06458745280424033
broker_holdout_r2	oat/reservation_frac=0.9	20	10	0.7385946237604336	0.6424881466744427	0.8347011008464246	0.09610647708599096	0.6835685367590545	0.05502608700137912	true	0.13012073740353072	0.07450106625637594
broker_holdout_r2	oat/reservation_frac=1.2	20	10	0.42569768451085555	0.2177593891730129	0.6336359798486981	0.2079382953378426	0.36068712658457114	0.0650105579262844	true	0.4884647084157209	0.1527153195606038
broker_holdout_r2	oat/rho=0.0	20	10	0.11736171335092842	-1.068245288094678	1.3029687147965348	1.1856070014456064	0.6207909287027575	0.5034292153518292	false	NaN	NaN
broker_holdout_r2	oat/rho=0.15	20	10	0.3813974525576211	-0.10404631232237499	0.8668412174376172	0.4854437648799961	0.3928232103113066	0.01142575775368554	false	NaN	NaN
broker_holdout_r2	oat/rho=0.3	20	10	0.6948840799301419	0.5912697985628446	0.7984983612974392	0.10361428136729733	0.7124098314481293	0.01752575151798741	true	0.1491101672349637	0.025221115325809895
broker_holdout_r2	oat/rho=0.5	50	20	0.7725324544677658	0.6980450350412635	0.847019873894268	0.07448741942650228	0.7775160540637936	0.004983599596027899	true	0.0964197931047702	0.006450990592312833
broker_holdout_r2	oat/rho=0.7	20	10	0.7254686276405895	0.6489442420879978	0.8019930131931812	0.07652438555259167	0.7612567016507819	0.03578807401019235	true	0.10548269440881082	0.049330974003085934
broker_holdout_r2	oat/rho=0.85	20	10	0.7015488582848637	0.5684790735294423	0.8346186430402851	0.13306978475542142	0.6105036942339312	0.09104516405093244	true	0.18967999617410605	0.12977736757140237
broker_holdout_r2	oat/rho=1.0	20	10	0.05028769413400265	-0.9376820229614833	1.0382574112294887	0.987969717095486	-0.6245000763027091	0.6747877704367118	false	NaN	NaN
broker_holdout_r2	oat/roster_frac=0.1	20	10	0.7001241098235143	0.49255829355059955	0.907689926096429	0.2075658162729147	0.6223007867488155	0.07782332307469875	true	0.29647003061391136	0.11115646780728103
broker_holdout_r2	oat/roster_frac=0.4	20	10	0.5563582076977893	0.03659313512760631	1.0761232802679723	0.519765072570183	0.2625916114831579	0.2937665962146314	true	0.9342273833273194	0.5280170080176184
broker_holdout_r2	phase/eta_r/cells/0_0	20	10	-0.40761696646915435	-1.8152825160691575	1.0000485831308485	1.407665549600003	0.2166387453917685	0.6242557118609229	false	NaN	NaN
broker_holdout_r2	phase/eta_r/cells/0_2	20	10	-1.8358782425229143	-3.307490232617733	-0.3642662524280955	1.4716119900948188	-2.2552129543380435	0.41933471181512916	true	0.8015847434808581	0.22841095999856062
broker_holdout_r2	phase/eta_r/cells/0_3	20	10	-12.39789360270909	-18.876056961164274	-5.919730244253904	6.478163358455185	-15.636100682151305	3.2382070794422155	true	0.5225212899907149	0.26119010077120103
broker_holdout_r2	phase/eta_r/cells/1_0	20	10	-0.03770627582132393	-1.3847650685559378	1.3093525169132898	1.3470587927346138	-0.7803122658334891	0.7426059900121652	false	NaN	NaN
broker_holdout_r2	phase/eta_r/cells/1_2	20	10	0.2526064930917934	-0.1231074895505831	0.6283204757341698	0.37571398264237643	0.03560003740721832	0.21700645568457508	false	NaN	NaN
broker_holdout_r2	phase/eta_r/cells/1_3	20	10	-5.181079345102723	-8.660404668577748	-1.7017540216276985	3.4793253234750248	-7.250284918996607	2.0692055738938846	true	0.6715444971449365	0.3993773181354086
broker_holdout_r2	phase/eta_r/cells/2_0	20	10	0.6555107289209607	0.5002420766949076	0.8107793811470139	0.15526865222605313	0.7310862689446163	0.07557554002365552	true	0.2368666832984436	0.11529260573364035
broker_holdout_r2	phase/eta_r/cells/2_2	20	10	0.47877845950406306	0.10224237404069109	0.8553145449674351	0.37653608546337203	0.3611037883680986	0.11767467113596447	true	0.7864515998764907	0.24578104716293286
broker_holdout_r2	phase/eta_r/cells/2_3	20	10	-0.9915286517140242	-3.433394798348034	1.4503374949199856	2.44186614663401	-2.3788769941029155	1.3873483423888913	false	NaN	NaN
broker_holdout_r2	phase/eta_r/cells/4_0	20	10	0.7753542045233375	0.6760223348556964	0.8746860741909785	0.09933186966764107	0.7560835333847751	0.0192706711385624	true	0.12811160252714057	0.024854022879013577
broker_holdout_r2	phase/eta_r/cells/4_2	20	10	0.7362886992225874	0.6415848060964173	0.8309925923487576	0.09470389312617011	0.6423128322654489	0.09397586695713855	true	0.12862331477607017	0.12763453663809216
broker_holdout_r2	phase/eta_r/cells/4_3	20	10	0.4606601962048069	0.2606629125404366	0.6606574798691772	0.1999972836643703	0.3545296488304425	0.10613054737436439	true	0.4341536023994846	0.23038792639071284
broker_holdout_r2	phase/rho_delta/cells/0_0	20	10	0.7028358737962407	0.6505955339634124	0.755076213629069	0.052240339832828275	0.717390935883772	0.014555062087531323	true	0.074327935981215	0.02070904834284396
broker_holdout_r2	phase/rho_delta/cells/0_1	20	10	0.7674226394947853	0.7168324057495654	0.8180128732400052	0.05059023374521987	0.7326405676642657	0.03478207183051962	true	0.06592225866378501	0.04532322874057714
broker_holdout_r2	phase/rho_delta/cells/0_3	20	10	-12.595070062406114	-33.23311449645255	8.042974371640325	20.63804443404644	-5.337934269624556	7.257135792781558	false	NaN	NaN
broker_holdout_r2	phase/rho_delta/cells/0_4	20	10	-7.25048115134406	-15.31523797745319	0.8142756747650708	8.06475682610913	-3.566436748147926	3.6840444031961335	false	NaN	NaN
broker_holdout_r2	phase/rho_delta/cells/1_0	20	10	0.7560666921830865	0.7022212825450942	0.8099121018210789	0.053845409637992336	0.7490696319912902	0.006997060191796356	true	0.0712178041893602	0.009254554213455514
broker_holdout_r2	phase/rho_delta/cells/1_1	20	10	0.7937272993979563	0.7461783844338422	0.8412762143620703	0.047548914964114064	0.794316712052685	0.0005894126547286715	true	0.05990585809531814	0.0007425883614885644
broker_holdout_r2	phase/rho_delta/cells/1_3	20	10	-0.22896254666249422	-1.5771874224190714	1.1192623290940829	1.3482248757565771	0.49959995904100263	0.7285625057034968	false	NaN	NaN
broker_holdout_r2	phase/rho_delta/cells/1_4	20	10	0.18275427572609387	-0.1588583656001027	0.5243669170522904	0.34161264132619656	0.1686929024186261	0.014061373307467762	false	NaN	NaN
broker_holdout_r2	phase/rho_delta/cells/2_0	20	10	0.7892850851959308	0.7527128251560447	0.8258573452358169	0.03657226003988612	0.7738201581240352	0.015464927071895618	true	0.04633593200460323	0.019593588377584292
broker_holdout_r2	phase/rho_delta/cells/2_1	20	10	0.7680743375780172	0.6722162851635529	0.8639323899924816	0.09585805241446432	0.7118164909199154	0.05625784665810185	true	0.12480309225892804	0.07324531481614233
broker_holdout_r2	phase/rho_delta/cells/2_3	20	10	0.6233197851448957	0.43009806733183875	0.8165415029579527	0.19322171781305697	0.6980930389708268	0.07477325382593103	true	0.3099881030860283	0.1199596990308103
broker_holdout_r2	phase/rho_delta/cells/2_4	20	10	0.6319771219067442	0.4806166975365057	0.7833375462769826	0.15136042437023844	0.49220438136585737	0.1397727405408868	true	0.23950301225077178	0.22116740574275398
broker_holdout_r2	phase/rho_delta/cells/4_0	20	10	0.6913125780269175	0.5850992532950694	0.7975259027587656	0.10621332473184808	0.7760481726007461	0.08473559457382862	true	0.15364008714407112	0.12257204232515684
broker_holdout_r2	phase/rho_delta/cells/4_1	20	10	0.7851571835506927	0.707059649883746	0.8632547172176395	0.07809753366694672	0.7293100866420617	0.0558470969086311	true	0.0994673872991502	0.07112855626700816
broker_holdout_r2	phase/rho_delta/cells/4_3	20	10	0.5681266135790337	0.14054202813162164	0.9957111990264458	0.42758458544741207	0.7965934900223804	0.22846687644334673	true	0.7526219952164406	0.4021407745785246
broker_holdout_r2	phase/rho_delta/cells/4_4	20	10	0.6381752637555699	0.3969014356332411	0.8794490918778987	0.24127382812232878	0.5292925643930764	0.1088826993624935	true	0.37806828597910064	0.17061566868282302
broker_holdout_r2	phase/rho_delta/cells/5_0	20	10	0.5582142479194123	0.3238832888859837	0.7925452069528409	0.2343309590334286	0.4128410861524404	0.1453731617669719	true	0.41978677525131575	0.2604253874006437
broker_holdout_r2	phase/rho_delta/cells/5_1	20	10	0.6912939269706818	0.49043684821800315	0.8921510057233605	0.20085707875267866	0.7940776451313997	0.10278371816071785	true	0.29055235539657376	0.14868309144726072
broker_holdout_r2	phase/rho_delta/cells/5_3	20	10	0.7406561297445473	0.6253070522401364	0.8560052072489582	0.11534907750441092	0.7073240354847258	0.03333209425982153	true	0.15573904389908294	0.045003467764882725
broker_holdout_r2	phase/rho_delta/cells/5_4	20	10	0.7996670924740847	0.7504875501032923	0.8488466348448772	0.04917954237079247	0.7859123610940139	0.013754731380070884	true	0.061500020237967044	0.017200571974914224
broker_holdout_r2	phase/rho_eta/cells/0_0	20	10	-3.533905851432716	-8.639009312772512	1.5711976099070801	5.105103461339796	0.010867589913029451	3.5447734413457455	false	NaN	NaN
broker_holdout_r2	phase/rho_eta/cells/0_1	20	10	-1.191762105030771	-4.1406822770207885	1.757158066959247	2.948920171990018	0.019020902655972654	1.2107830076867436	false	NaN	NaN
broker_holdout_r2	phase/rho_eta/cells/0_2	20	10	-0.43184939319500926	-1.802697757702071	0.9389989713120525	1.3708483645070617	0.47472251235541246	0.9065719055504218	false	NaN	NaN
broker_holdout_r2	phase/rho_eta/cells/0_4	20	10	-1.3759335163839232	-5.287945049016309	2.536078016248462	3.9120115326323854	0.5574378229353611	1.9333713393192844	false	NaN	NaN
broker_holdout_r2	phase/rho_eta/cells/1_0	20	10	-0.735103722357468	-1.9834724032365547	0.5132649585216188	1.2483686808790868	-0.19301552099791625	0.5420882013595518	false	NaN	NaN
broker_holdout_r2	phase/rho_eta/cells/1_1	20	10	0.027467003663736285	-0.6019210872259808	0.6568550945534535	0.6293880908897171	0.012316341724940972	0.015150661938795313	false	NaN	NaN
broker_holdout_r2	phase/rho_eta/cells/1_2	20	10	0.5859027904774459	0.3854242060406962	0.7863813749141955	0.20047858443674962	0.5865395040073196	0.0006367135298737114	true	0.34217038678614553	0.001086722132445999
broker_holdout_r2	phase/rho_eta/cells/1_4	20	10	0.5911550799722876	0.274050449670419	0.9082597102741561	0.31710463030186853	0.48744149588423824	0.10371358408804932	true	0.5364153012382705	0.17544226143317798
broker_holdout_r2	phase/rho_eta/cells/3_0	20	10	0.705406593822297	0.6153998621990652	0.7954133254455288	0.0900067316232318	0.7492286668094744	0.04382207298717744	true	0.1275955348468233	0.062123140570212634
broker_holdout_r2	phase/rho_eta/cells/3_1	20	10	0.33328331468379147	-0.32196031460320984	0.9885269439707928	0.6552436292870013	0.00886407771261737	0.3244192369711741	false	NaN	NaN
broker_holdout_r2	phase/rho_eta/cells/3_2	20	10	0.6433484253529409	0.5219728577457984	0.7647239929600834	0.12137556760714252	0.7325819289518684	0.08923350359892745	true	0.18866225955329866	0.13870167405783881
broker_holdout_r2	phase/rho_eta/cells/3_4	20	10	0.7402614163406105	0.6338715814980502	0.8466512511831707	0.10638983484256026	0.7270195316157101	0.013241884724900399	true	0.14371927604775767	0.01788811956505851
broker_holdout_r2	phase/rho_eta/cells/4_0	20	10	-2.964882747702806	-6.692675427858049	0.7629099324524362	3.7277926801552423	-4.145255443421236	1.1803726957184302	false	NaN	NaN
broker_holdout_r2	phase/rho_eta/cells/4_1	20	10	0.33938390398984497	-0.04884087851631219	0.7276086864960021	0.3882247825061571	0.46771274126280843	0.12832883727296346	false	NaN	NaN
broker_holdout_r2	phase/rho_eta/cells/4_2	20	10	-3.070896196398714	-8.919305099295718	2.7775127064982894	5.848408902897003	-5.286413459868678	2.215517263469964	false	NaN	NaN
broker_holdout_r2	phase/rho_eta/cells/4_4	20	10	-0.274933110613973	-1.2683376389582441	0.718471417730298	0.9934045283442711	-0.2865226215111799	0.01158951089720689	false	NaN	NaN
broker_holdout_r2	phase/rho_r/cells/0_0	20	10	0.4491575450416674	-0.04068118988165548	0.9389962799649902	0.48983873492332286	0.7170540179263603	0.26789647288469287	false	NaN	NaN
broker_holdout_r2	phase/rho_r/cells/0_2	20	10	-0.6224110209733414	-2.7426688374709456	1.497846795524263	2.1202578164976043	0.34314694690271635	0.9655579678760577	false	NaN	NaN
broker_holdout_r2	phase/rho_r/cells/0_3	20	10	-6.287618488236061	-11.903636706246246	-0.6716002702258761	5.6160182180101845	-8.122303430446095	1.8346849422100346	true	0.8931868605764774	0.2917932991072333
broker_holdout_r2	phase/rho_r/cells/2_0	20	10	-0.028515163352712102	-1.4639269538126864	1.4068966271072623	1.4354117904599744	0.5803988546377921	0.6089140179905042	false	NaN	NaN
broker_holdout_r2	phase/rho_r/cells/2_2	20	10	-2.936733877877876	-8.70886078441618	2.835393028660427	5.772126906538303	-6.532550171685145	3.595816293807269	false	NaN	NaN
broker_holdout_r2	phase/rho_r/cells/2_3	20	10	-0.7825151514336435	-2.73864995040532	1.173619647538033	1.9561347989716764	0.5470450818708806	1.329560233304524	false	NaN	NaN
r2_gap	oat/N=1500	20	10	2.2017853086074877	2.0235259272612183	2.380044689953757	0.1782593813462694	2.242368282076792	0.040582973469304395	true	0.08096129111652989	0.0184318486051535
r2_gap	oat/N=500	20	10	1.6278710603325692	1.436724800685143	1.8190173199799955	0.19114625964742626	1.7177949918018638	0.08992393146929456	true	0.11742100729303195	0.05524020523524963
r2_gap	oat/delta=0.0	20	10	1.3862323146256947	1.2733885674848768	1.4990760617665126	0.11284374714081791	1.3037335399598522	0.08249877466584254	true	0.08140320056763901	0.05951295017106751
r2_gap	oat/delta=0.25	20	10	1.6564701012976673	1.5255534431472486	1.787386759448086	0.13091665815041864	1.5879949398528133	0.068475161444854	true	0.07903351714459526	0.041338000239914394
r2_gap	oat/delta=0.75	20	10	2.073459470749375	1.8136013457163307	2.33331759578242	0.2598581250330446	2.048078843396151	0.025380627353224217	true	0.1253258762463915	0.012240715437785397
r2_gap	oat/delta=1.0	20	10	2.216898204697182	1.9938952323256591	2.439901177068705	0.2230029723715229	2.1767034890665062	0.04019471563067567	true	0.10059233748262432	0.018131060571708154
r2_gap	oat/eta=0.0	20	10	2.6772128399528974	2.344345122516996	3.010080557388799	0.3328677174359016	2.7106444393575027	0.03343159940460527	true	0.12433367734847635	0.012487464166350503
r2_gap	oat/eta=0.001	20	10	2.67614672971983	2.320125923243334	3.032167536196326	0.3560208064764958	2.793941047466836	0.117794317747006	true	0.1330348603545248	0.04401638984845127
r2_gap	oat/eta=0.01	20	10	2.0943333791413217	1.8890788423833211	2.299587915899322	0.20525453675800043	1.881691950391776	0.21264142874954572	true	0.09800471061687177	0.10153179568609505
r2_gap	oat/eta=0.03	20	10	1.9398385413634998	1.8073552394452492	2.0723218432817503	0.13248330191825053	1.8078397954064438	0.13199874595705596	true	0.06829604582715884	0.06804625392393478
r2_gap	oat/k=12	20	10	1.7696051264736752	1.5529387855126329	1.9862714674347175	0.21666634096104231	1.7410829000107082	0.028522226462966982	true	0.12243767703860428	0.016117848008161996
r2_gap	oat/k=4	20	10	1.9339142712907846	1.7765757432197955	2.091252799361774	0.15733852807098925	1.822410452465851	0.11150381882493354	true	0.08135755054228654	0.05765706395584469
r2_gap	oat/n_strangers=0	20	10	2.0563260253516016	1.8988840669647677	2.2137679837384354	0.15744195838683384	1.9398687680858124	0.11645725726578915	true	0.07656468694448079	0.056633654308721144
r2_gap	oat/n_strangers=50	20	10	1.8629732704171622	1.650376400401716	2.075570140432608	0.21259687001544603	1.7634565803212852	0.09951669009587705	true	0.11411697279362508	0.05341820608815981
r2_gap	oat/reservation_frac=0.4	20	10	1.9049246426931288	1.7452185864091478	2.0646306989771097	0.15970605628398094	1.8233634202316111	0.08156122246151765	true	0.08383851660304684	0.04281598370537571
r2_gap	oat/reservation_frac=0.9	20	10	1.8178746465655464	1.6640634829091345	1.9716858102219583	0.1538111636564119	1.7210320870957527	0.0968425594697937	true	0.08461043446917668	0.05327240778276726
r2_gap	oat/reservation_frac=1.2	20	10	1.5187224958136236	1.307003707965046	1.7304412836622012	0.21171878784857756	1.3720335754792514	0.1466889203343722	true	0.13940584170721307	0.09658704650699645
r2_gap	oat/rho=0.0	20	10	1.5432758687921253	0.36974207117881197	2.716809666405439	1.1735337976133136	1.9991680910806742	0.45589222228854887	true	0.7604173831421355	0.29540552762310845
r2_gap	oat/rho=0.15	20	10	1.7176572161192663	1.1762601034363074	2.2590543288022253	0.541397112682959	1.758286938200174	0.04062972208090776	true	0.31519508526046147	0.023654150373904764
r2_gap	oat/rho=0.3	20	10	1.979432432576448	1.7961167572027734	2.1627481079501227	0.18331567537367466	2.0361125544874814	0.05668012191103333	true	0.09261022117085817	0.02863453229229853
r2_gap	oat/rho=0.5	50	20	1.910990837368238	1.7865941320050776	2.0353875427313985	0.1243967053631605	1.9445040658226582	0.033513228454420174	true	0.0650953960273698	0.017537095311547193
r2_gap	oat/rho=0.7	20	10	1.676381808866882	1.4816155942510096	1.8711480234827544	0.1947662146158724	1.5699459495192327	0.10643585934764932	true	0.11618249111610253	0.06349141871182233
r2_gap	oat/rho=0.85	20	10	1.46551507998733	1.2436132633022128	1.6874168966724472	0.22190181668511721	1.281613172148355	0.18390190783897498	true	0.15141558058006174	0.1254861927729634
r2_gap	oat/rho=1.0	20	10	0.8353298448893576	-0.19217550309300324	1.8628351928717184	1.0275053479823608	0.023510754873488148	0.8118190900158694	false	NaN	NaN
r2_gap	oat/roster_frac=0.1	20	10	1.8619363386555943	1.6525391178357962	2.0713335594753923	0.20939722081979806	1.7109876070674184	0.1509487315881759	true	0.11246207320438932	0.08107083387027507
r2_gap	oat/roster_frac=0.4	20	10	1.7839132029951124	1.2096434290135318	2.3581829769766927	0.5742697739815804	1.4724923991671162	0.3114208038279962	true	0.32191575970030745	0.17457172428856643
r2_gap	phase/eta_r/cells/0_0	20	10	1.767042736204625	0.36921092643017484	3.1648745459790755	1.3978318097744502	2.2878158258331345	0.5207730896285094	true	0.79105716072086	0.294714484804743
r2_gap	phase/eta_r/cells/0_2	20	10	0.5907797213937316	-0.9297859899288465	2.11134543271631	1.5205657113225781	0.1818463387413778	0.4089333826523538	false	NaN	NaN
r2_gap	phase/eta_r/cells/0_3	20	10	-10.456007469150812	-16.947994996227358	-3.9640199420742643	6.491987527076547	-13.885040475999935	3.4290330068491226	true	0.6208858922710578	0.32794859959368533
r2_gap	phase/eta_r/cells/1_0	20	10	2.1121435390934344	0.7803578004784999	3.443929277708369	1.3317857386149345	1.3749149779077827	0.7372285611856517	true	0.6305375150718014	0.349042831389235
r2_gap	phase/eta_r/cells/1_2	20	10	2.634910526272234	2.28717127820355	2.982649774340918	0.34773924806868406	2.3732227259249887	0.26168780034724515	true	0.13197383539267712	0.09931563054532656
r2_gap	phase/eta_r/cells/1_3	20	10	-3.077595026840873	-6.530128234384303	0.37493818070255625	3.4525332075434294	-5.334869627105665	2.2572746002647914	false	NaN	NaN
r2_gap	phase/eta_r/cells/2_0	20	10	1.9379369594087297	1.7576556931066292	2.11821822571083	0.1802812663021005	1.871767341430847	0.06616961797788257	true	0.09302741527624554	0.03414436040172902
r2_gap	phase/eta_r/cells/2_2	20	10	1.8093415882852	1.39112296796105	2.22756020860935	0.4182186203241499	1.6090508409485722	0.20029074733662777	true	0.23114409298496025	0.11069813938585966
r2_gap	phase/eta_r/cells/2_3	20	10	0.3812666814121195	-2.0691078003370773	2.831641163161316	2.4503744817491966	-1.1381517257962153	1.5194184072083348	false	NaN	NaN
r2_gap	phase/eta_r/cells/4_0	20	10	1.8905773094882155	1.6975796933395926	2.0835749256368383	0.19299761614862287	1.8400037003054277	0.05057360918278775	true	0.1020839587886876	0.026750352354793765
r2_gap	phase/eta_r/cells/4_2	20	10	1.8443728554006416	1.7007300476833465	1.9880156631179366	0.1436428077172951	1.6739805468977782	0.17039230850286335	true	0.07788165353696472	0.09238495784836852
r2_gap	phase/eta_r/cells/4_3	20	10	1.5069907977835804	1.2325445516244011	1.7814370439427596	0.27444624615917923	1.307692563952189	0.19929823383139134	true	0.18211540943901144	0.1322491379008491
r2_gap	phase/rho_delta/cells/0_0	20	10	1.3385107781018704	1.1914343108962544	1.4855872453074863	0.14707646720561596	1.2774781030377222	0.06103267506414811	true	0.10988067456145831	0.045597447598216566
r2_gap	phase/rho_delta/cells/0_1	20	10	1.5816504036425951	1.4470061526031543	1.716294654682036	0.13464425103944078	1.5221356234518804	0.05951478019071477	true	0.08512895816253102	0.03762827743327488
r2_gap	phase/rho_delta/cells/0_3	20	10	-10.64364894391778	-31.14503836781696	9.857740479981397	20.501389423899177	-3.4347462892483684	7.208902654669412	false	NaN	NaN
r2_gap	phase/rho_delta/cells/0_4	20	10	-4.648203897679252	-12.667116243264047	3.3707084479055425	8.018912345584795	-1.0203319801213806	3.6278719175578718	false	NaN	NaN
r2_gap	phase/rho_delta/cells/1_0	20	10	1.3735248175821213	1.2404138347874234	1.5066358003768192	0.1331109827946979	1.2507981575785654	0.12272666000355592	true	0.09691196044715032	0.08935161449765232
r2_gap	phase/rho_delta/cells/1_1	20	10	1.5861856327550574	1.4497427054881065	1.7226285600220084	0.13644292726695095	1.587745134112121	0.0015595013570635086	true	0.0860195203192972	0.000983177078936719
r2_gap	phase/rho_delta/cells/1_3	20	10	1.6774511832588854	0.3476964088629173	3.0072059576548535	1.3297547743959681	2.4510088363950526	0.7735576531361672	true	0.7927233815606922	0.46115061997412654
r2_gap	phase/rho_delta/cells/1_4	20	10	2.3799243932188285	1.982667983802893	2.777180802634764	0.39725640941593543	2.33464802556918	0.045276367649648375	true	0.16691976037047518	0.0190242882415321
r2_gap	phase/rho_delta/cells/2_0	20	10	1.445573743651493	1.3496021751780793	1.5415453121249068	0.0959715684734137	1.3645718704501903	0.0810018732013027	true	0.06638994993848689	0.05603441094377755
r2_gap	phase/rho_delta/cells/2_1	20	10	1.6179329653438053	1.4545746311780325	1.781291299509578	0.16335833416577272	1.5030041271216934	0.11492883822211186	true	0.1009673068445451	0.07103436340311532
r2_gap	phase/rho_delta/cells/2_3	20	10	2.2749368651872666	2.0365615160115302	2.513312214363003	0.23837534917573633	2.35278461286316	0.07784774767589342	true	0.1047832811642067	0.034219739838575784
r2_gap	phase/rho_delta/cells/2_4	20	10	2.5392157875485717	2.30656183444363	2.7718697406535133	0.23265395310494164	2.2895446459023594	0.2496711416462123	true	0.09162433308968676	0.09832608274984445
r2_gap	phase/rho_delta/cells/4_0	20	10	1.387221778692369	1.247563527181756	1.5268800302029821	0.13965825151061306	1.3934656900369604	0.006243911344591346	true	0.10067478297684926	0.004501018828061521
r2_gap	phase/rho_delta/cells/4_1	20	10	1.5519486237189912	1.4011064818672387	1.7027907655707437	0.1508421418517525	1.4210347899340676	0.1309138337849236	true	0.09719531919187115	0.08435448943613223
r2_gap	phase/rho_delta/cells/4_3	20	10	1.7032917124278448	1.2319564526175297	2.1746269722381597	0.471335259810315	1.8084105956681715	0.1051188832403267	true	0.27672022142260133	0.061715138090170076
r2_gap	phase/rho_delta/cells/4_4	20	10	1.9010626522030614	1.579743150679358	2.2223821537267647	0.32131950152370337	1.5865639390269415	0.3144987131761199	true	0.16902099525827818	0.16543311332304622
r2_gap	phase/rho_delta/cells/5_0	20	10	1.2696182269326035	0.9887572273620167	1.5504792265031904	0.28086099957058686	1.0058692757799808	0.26374895115262276	true	0.2212168930885206	0.20773878758013736
r2_gap	phase/rho_delta/cells/5_1	20	10	1.4771702700500038	1.2702038450742688	1.6841366950257388	0.20696642497573503	1.3907479857148	0.08642228433520383	true	0.14011006664027228	0.058505296300255444
r2_gap	phase/rho_delta/cells/5_3	20	10	1.7101971508771712	1.453752048854446	1.9666422528998964	0.2564451020227252	1.4405378399255513	0.2696593109516199	true	0.14995060767771298	0.15767732440280927
r2_gap	phase/rho_delta/cells/5_4	20	10	1.7929761646036386	1.5871694444485989	1.9987828847586784	0.20580672015503976	1.565368772466598	0.22760739213704073	true	0.1147849727274741	0.12694390289753596
r2_gap	phase/rho_eta/cells/0_0	20	10	-0.3794176495590165	-5.38067680319711	4.621841504079077	5.0012591536380935	2.9450125246556653	3.324430174214682	false	NaN	NaN
r2_gap	phase/rho_eta/cells/0_1	20	10	1.927557039076699	-1.0356522502832073	4.890766328436605	2.9632092893599062	2.9123615397361737	0.9848045006594748	false	NaN	NaN
r2_gap	phase/rho_eta/cells/0_2	20	10	1.4961418907131718	0.11501909810576505	2.8772646833205786	1.3811227926074068	2.2575965280908585	0.7614546373776867	true	0.9231228676773843	0.5089454697473387
r2_gap	phase/rho_eta/cells/0_4	20	10	-0.1534691893515951	-4.028643190199735	3.721704811496545	3.8751740008481397	1.7034610667117254	1.8569302560633205	false	NaN	NaN
r2_gap	phase/rho_eta/cells/1_0	20	10	2.083974283951938	1.0641160080994854	3.1038325598043905	1.0198582758524526	2.5328521278499245	0.4488778438979866	true	0.4893814111364405	0.21539509741298654
r2_gap	phase/rho_eta/cells/1_1	20	10	2.984066650705053	2.4455830027781444	3.5225502986319612	0.5384836479269084	2.8959951161472843	0.0880715345577685	true	0.18045295596855368	0.029513930105066394
r2_gap	phase/rho_eta/cells/1_2	20	10	2.309835116991201	2.0350462724994913	2.5846239614829103	0.2747888444917095	2.327001956899797	0.01716683990859602	true	0.11896470119029551	0.007432062913199452
r2_gap	phase/rho_eta/cells/1_4	20	10	1.8273629774984166	1.4148919740358459	2.239833980960987	0.4124710034625706	1.7547251726979833	0.07263780480043325	true	0.2257192514796519	0.03975006919526813
r2_gap	phase/rho_eta/cells/3_0	20	10	2.181179695845219	1.930367167141209	2.431992224549229	0.25081252870401005	2.1360459686119357	0.04513372723328324	true	0.11498939275006355	0.020692347044700354
r2_gap	phase/rho_eta/cells/3_1	20	10	1.7259191412040766	1.0783812029269333	2.37345707948122	0.6475379382771433	1.3088724795055893	0.41704666169848736	true	0.375184400484366	0.24163742769985005
r2_gap	phase/rho_eta/cells/3_2	20	10	1.5706400301229455	1.3630011158119868	1.7782789444339042	0.2076389143109587	1.4396235947215332	0.13101643540141228	true	0.13220019248758438	0.08341595329845035
r2_gap	phase/rho_eta/cells/3_4	20	10	1.632545155000339	1.4192685405749372	1.8458217694257406	0.2132766144254017	1.470511382407238	0.16203377259310092	true	0.13064056070495483	0.09925224554849589
r2_gap	phase/rho_eta/cells/4_0	20	10	-1.8488070855246619	-5.593201122391079	1.8955869513417558	3.7443940368664173	-3.099407518614405	1.2506004330897431	false	NaN	NaN
r2_gap	phase/rho_eta/cells/4_1	20	10	1.2748132038887618	0.8445203500886554	1.7051060576888681	0.43029285380010635	1.1961241393322626	0.07868906455649927	true	0.33753404223263206	0.06172595664718699
r2_gap	phase/rho_eta/cells/4_2	20	10	-2.3508448240684485	-8.160113592478393	3.4584239443414946	5.809268768409943	-4.6482295510875185	2.29738472701907	false	NaN	NaN
r2_gap	phase/rho_eta/cells/4_4	20	10	0.5480996944314194	-0.423367326226459	1.5195667150892977	0.9714670206578784	0.37601544858529923	0.17208424584612014	false	NaN	NaN
r2_gap	phase/rho_r/cells/0_0	20	10	1.8430037049843402	1.3162374505631158	2.3697699594055646	0.5267662544212244	2.043514165417392	0.20051046043305165	true	0.28581942238998387	0.10879547333018268
r2_gap	phase/rho_r/cells/0_2	20	10	0.8423629555111036	-1.2663554417496954	2.9510813527719026	2.108718397260799	1.7403671961463842	0.8980042406352806	false	NaN	NaN
r2_gap	phase/rho_r/cells/0_3	20	10	-4.952599422982389	-10.606147802807556	0.7009489568427787	5.653548379825168	-6.8325345147361505	1.8799350917537616	false	NaN	NaN
r2_gap	phase/rho_r/cells/2_0	20	10	0.7096305572913473	-0.6812777237619192	2.1005388383446135	1.3909082810532665	1.1641296365383416	0.4544990792469943	false	NaN	NaN
r2_gap	phase/rho_r/cells/2_2	20	10	-2.1545194694488687	-7.952524868521919	3.6434859296241813	5.79800539907305	-5.979471024381411	3.824951554932542	false	NaN	NaN
r2_gap	phase/rho_r/cells/2_3	20	10	-0.07408857414252051	-2.0367167503661263	1.8885396020810852	1.9626281762236057	1.1042072974820027	1.1782958716245233	false	NaN	NaN
